timestamp,model,tile_filename,source_filename,magnification,status,elapsed_seconds,detail
2026-08-29T16:12:17.922773+00:00,watershed,62990661-C-100X_r00000_c00000.npy,62990661-C-100X.JPG,100,ok,0.38557009200030734,
2026-08-29T16:12:18.141013+00:00,watershed,62990661-C-100X_r00000_c00256.npy,62990661-C-100X.JPG,100,ok,0.2085489500004769,
2026-08-29T16:12:18.378780+00:00,watershed,62990661-C-100X_r00000_c00512.npy,62990661-C-100X.JPG,100,ok,0.22816975400019146,
2026-08-29T16:12:18.580898+00:00,watershed,62990661-C-100X_r00000_c00768.npy,62990661-C-100X.JPG,100,ok,0.1910532450001483,
2026-08-29T16:12:18.782645+00:00,watershed,62990661-C-100X_r00000_c01024.npy,62990661-C-100X.JPG,100,ok,0.19179474499924254,
2026-08-29T16:12:18.998585+00:00,watershed,62990661-C-100X_r00000_c01280.npy,62990661-C-100X.JPG,100,ok,0.2019817480004349,
2026-08-29T16:12:19.191302+00:00,watershed,62990661-C-100X_r00000_c01536.npy,62990661-C-100X.JPG,100,ok,0.18394104300023173,
2026-08-29T16:12:19.394740+00:00,watershed,62990661-C-100X_r00000_c01792.npy,62990661-C-100X.JPG,100,ok,0.19480324699998164,
2026-08-29T16:12:19.590045+00:00,watershed,62990661-C-100X_r00000_c02048.npy,62990661-C-100X.JPG,100,ok,0.18598104400007287,
2026-08-29T16:12:19.795524+00:00,watershed,62990661-C-100X_r00000_c02304.npy,62990661-C-100X.JPG,100,ok,0.19603994699991745,
2026-08-29T16:12:19.988112+00:00,watershed,62990661-C-100X_r00000_c02560.npy,62990661-C-100X.JPG,100,ok,0.1833628439999302,
2026-08-29T16:12:20.188720+00:00,watershed,62990661-C-100X_r00000_c02816.npy,62990661-C-100X.JPG,100,ok,0.19026914499954728,
2026-08-29T16:12:20.388614+00:00,watershed,62990661-C-100X_r00000_c02944.npy,62990661-C-100X.JPG,100,ok,0.1914473460001318,
2026-08-29T16:12:20.604154+00:00,watershed,62990661-C-100X_r00256_c00000.npy,62990661-C-100X.JPG,100,ok,0.20572324900058447,
2026-08-29T16:12:20.811553+00:00,watershed,62990661-C-100X_r00256_c00256.npy,62990661-C-100X.JPG,100,ok,0.1987665470005595,
2026-08-29T16:12:21.041824+00:00,watershed,62990661-C-100X_r00256_c00512.npy,62990661-C-100X.JPG,100,ok,0.2206826519995957,
2026-08-29T16:12:21.240301+00:00,watershed,62990661-C-100X_r00256_c00768.npy,62990661-C-100X.JPG,100,ok,0.18828184500034695,
2026-08-29T16:12:21.461816+00:00,watershed,62990661-C-100X_r00256_c01024.npy,62990661-C-100X.JPG,100,ok,0.21202785100012989,
2026-08-29T16:12:21.653681+00:00,watershed,62990661-C-100X_r00256_c01280.npy,62990661-C-100X.JPG,100,ok,0.18274864300019544,
2026-08-29T16:12:21.857542+00:00,watershed,62990661-C-100X_r00256_c01536.npy,62990661-C-100X.JPG,100,ok,0.19194564600002195,
2026-08-29T16:12:22.052818+00:00,watershed,62990661-C-100X_r00256_c01792.npy,62990661-C-100X.JPG,100,ok,0.18583784400016157,
2026-08-29T16:12:22.266658+00:00,watershed,62990661-C-100X_r00256_c02048.npy,62990661-C-100X.JPG,100,ok,0.2056526490005126,
2026-08-29T16:12:22.488266+00:00,watershed,62990661-C-100X_r00256_c02304.npy,62990661-C-100X.JPG,100,ok,0.21186205100002553,
2026-08-29T16:12:22.718084+00:00,watershed,62990661-C-100X_r00256_c02560.npy,62990661-C-100X.JPG,100,ok,0.22048205200007942,
2026-08-29T16:12:22.932412+00:00,watershed,62990661-C-100X_r00256_c02816.npy,62990661-C-100X.JPG,100,ok,0.20569023400003061,
2026-08-29T16:12:23.187961+00:00,watershed,62990661-C-100X_r00256_c02944.npy,62990661-C-100X.JPG,100,ok,0.24731740100014576,
2026-08-29T16:12:23.393777+00:00,watershed,62990661-C-100X_r00512_c00000.npy,62990661-C-100X.JPG,100,ok,0.1939436000002388,
2026-08-29T16:12:24.226616+00:00,watershed,62990661-C-100X_r00512_c00256.npy,62990661-C-100X.JPG,100,ok,0.8220804020002106,
2026-08-29T16:12:24.426623+00:00,watershed,62990661-C-100X_r00512_c00512.npy,62990661-C-100X.JPG,100,ok,0.18990000000030705,
2026-08-29T16:12:24.631762+00:00,watershed,62990661-C-100X_r00512_c00768.npy,62990661-C-100X.JPG,100,ok,0.19589230000019597,
2026-08-29T16:12:24.823136+00:00,watershed,62990661-C-100X_r00512_c01024.npy,62990661-C-100X.JPG,100,ok,0.1827785010000298,
2026-08-29T16:12:25.042068+00:00,watershed,62990661-C-100X_r00512_c01280.npy,62990661-C-100X.JPG,100,ok,0.20885159999943426,
2026-08-29T16:12:25.263944+00:00,watershed,62990661-C-100X_r00512_c01536.npy,62990661-C-100X.JPG,100,ok,0.21189899999990303,
2026-08-29T16:12:25.488845+00:00,watershed,62990661-C-100X_r00512_c01792.npy,62990661-C-100X.JPG,100,ok,0.21467090099940833,
2026-08-29T16:12:25.715511+00:00,watershed,62990661-C-100X_r00512_c02048.npy,62990661-C-100X.JPG,100,ok,0.21623799999997573,
2026-08-29T16:12:25.921556+00:00,watershed,62990661-C-100X_r00512_c02304.npy,62990661-C-100X.JPG,100,ok,0.19446060100017348,
2026-08-29T16:12:26.132079+00:00,watershed,62990661-C-100X_r00512_c02560.npy,62990661-C-100X.JPG,100,ok,0.20197019999977783,
2026-08-29T16:12:26.337886+00:00,watershed,62990661-C-100X_r00512_c02816.npy,62990661-C-100X.JPG,100,ok,0.19627430000036838,
2026-08-29T16:12:26.530123+00:00,watershed,62990661-C-100X_r00512_c02944.npy,62990661-C-100X.JPG,100,ok,0.18284040100024868,
2026-08-29T16:12:26.737860+00:00,watershed,62990661-C-100X_r00768_c00000.npy,62990661-C-100X.JPG,100,ok,0.19925679999960266,
2026-08-29T16:12:26.951531+00:00,watershed,62990661-C-100X_r00768_c00256.npy,62990661-C-100X.JPG,100,ok,0.20490410000002157,
2026-08-29T16:12:27.162179+00:00,watershed,62990661-C-100X_r00768_c00512.npy,62990661-C-100X.JPG,100,ok,0.20163850100016134,
2026-08-29T16:12:27.364365+00:00,watershed,62990661-C-100X_r00768_c00768.npy,62990661-C-100X.JPG,100,ok,0.18996289999995497,
2026-08-29T16:12:27.572978+00:00,watershed,62990661-C-100X_r00768_c01024.npy,62990661-C-100X.JPG,100,ok,0.19945040100083133,
2026-08-29T16:12:27.776898+00:00,watershed,62990661-C-100X_r00768_c01280.npy,62990661-C-100X.JPG,100,ok,0.1943846999993184,
2026-08-29T16:12:27.989673+00:00,watershed,62990661-C-100X_r00768_c01536.npy,62990661-C-100X.JPG,100,ok,0.2031926999998177,
2026-08-29T16:12:28.201556+00:00,watershed,62990661-C-100X_r00768_c01792.npy,62990661-C-100X.JPG,100,ok,0.202336901000308,
2026-08-29T16:12:28.459695+00:00,watershed,62990661-C-100X_r00768_c02048.npy,62990661-C-100X.JPG,100,ok,0.24650950000068406,
2026-08-29T16:12:28.647348+00:00,watershed,62990661-C-100X_r00768_c02304.npy,62990661-C-100X.JPG,100,ok,0.17887040000005072,
2026-08-29T16:12:28.846037+00:00,watershed,62990661-C-100X_r00768_c02560.npy,62990661-C-100X.JPG,100,ok,0.18877100100053212,
2026-08-29T16:12:29.118832+00:00,watershed,62990661-C-100X_r00768_c02816.npy,62990661-C-100X.JPG,100,ok,0.26320359999954235,
2026-08-29T16:12:30.116943+00:00,watershed,62990661-C-100X_r00768_c02944.npy,62990661-C-100X.JPG,100,ok,0.9879445019996638,
2026-08-29T16:12:30.314816+00:00,watershed,62990661-C-100X_r01024_c00000.npy,62990661-C-100X.JPG,100,ok,0.1878458999999566,
2026-08-29T16:12:30.564695+00:00,watershed,62990661-C-100X_r01024_c00256.npy,62990661-C-100X.JPG,100,ok,0.24107180099963443,
2026-08-29T16:12:30.761009+00:00,watershed,62990661-C-100X_r01024_c00512.npy,62990661-C-100X.JPG,100,ok,0.1874440000001414,
2026-08-29T16:12:30.965785+00:00,watershed,62990661-C-100X_r01024_c00768.npy,62990661-C-100X.JPG,100,ok,0.19468450199929066,
2026-08-29T16:12:31.164496+00:00,watershed,62990661-C-100X_r01024_c01024.npy,62990661-C-100X.JPG,100,ok,0.1903423029998521,
2026-08-29T16:12:31.384322+00:00,watershed,62990661-C-100X_r01024_c01280.npy,62990661-C-100X.JPG,100,ok,0.2102299039997888,
2026-08-29T16:12:31.577948+00:00,watershed,62990661-C-100X_r01024_c01536.npy,62990661-C-100X.JPG,100,ok,0.18185110299964435,
2026-08-29T16:12:31.797974+00:00,watershed,62990661-C-100X_r01024_c01792.npy,62990661-C-100X.JPG,100,ok,0.2111000029999559,
2026-08-29T16:12:31.997344+00:00,watershed,62990661-C-100X_r01024_c02048.npy,62990661-C-100X.JPG,100,ok,0.1911516029995255,
2026-08-29T16:12:32.195401+00:00,watershed,62990661-C-100X_r01024_c02304.npy,62990661-C-100X.JPG,100,ok,0.18927640299989434,
2026-08-29T16:12:32.396704+00:00,watershed,62990661-C-100X_r01024_c02560.npy,62990661-C-100X.JPG,100,ok,0.19259950300056516,
2026-08-29T16:12:32.619699+00:00,watershed,62990661-C-100X_r01024_c02816.npy,62990661-C-100X.JPG,100,ok,0.21491840299950127,
2026-08-29T16:12:32.814762+00:00,watershed,62990661-C-100X_r01024_c02944.npy,62990661-C-100X.JPG,100,ok,0.18649550300051487,
2026-08-29T16:12:33.015572+00:00,watershed,62990661-C-100X_r01280_c00000.npy,62990661-C-100X.JPG,100,ok,0.1925421030000507,
2026-08-29T16:12:33.227452+00:00,watershed,62990661-C-100X_r01280_c00256.npy,62990661-C-100X.JPG,100,ok,0.20295710299978964,
2026-08-29T16:12:33.464403+00:00,watershed,62990661-C-100X_r01280_c00512.npy,62990661-C-100X.JPG,100,ok,0.2285507039996446,
2026-08-29T16:12:33.705035+00:00,watershed,62990661-C-100X_r01280_c00768.npy,62990661-C-100X.JPG,100,ok,0.23050290399987716,
2026-08-29T16:12:33.919671+00:00,watershed,62990661-C-100X_r01280_c01024.npy,62990661-C-100X.JPG,100,ok,0.20429570299984334,
2026-08-29T16:12:34.119103+00:00,watershed,62990661-C-100X_r01280_c01280.npy,62990661-C-100X.JPG,100,ok,0.1895484030001171,
2026-08-29T16:12:34.352197+00:00,watershed,62990661-C-100X_r01280_c01536.npy,62990661-C-100X.JPG,100,ok,0.22316900300029374,
2026-08-29T16:12:34.561125+00:00,watershed,62990661-C-100X_r01280_c01792.npy,62990661-C-100X.JPG,100,ok,0.19900570299978426,
2026-08-29T16:12:34.775904+00:00,watershed,62990661-C-100X_r01280_c02048.npy,62990661-C-100X.JPG,100,ok,0.20535150299929228,
2026-08-29T16:12:35.783886+00:00,watershed,62990661-C-100X_r01280_c02304.npy,62990661-C-100X.JPG,100,ok,0.999520415999541,
2026-08-29T16:12:35.997672+00:00,watershed,62990661-C-100X_r01280_c02560.npy,62990661-C-100X.JPG,100,ok,0.20283300399933069,
2026-08-29T16:12:36.224580+00:00,watershed,62990661-C-100X_r01280_c02816.npy,62990661-C-100X.JPG,100,ok,0.21664580300057423,
2026-08-29T16:12:36.445433+00:00,watershed,62990661-C-100X_r01280_c02944.npy,62990661-C-100X.JPG,100,ok,0.21224120400074753,
2026-08-29T16:12:36.659727+00:00,watershed,62990661-C-100X_r01536_c00000.npy,62990661-C-100X.JPG,100,ok,0.20453580299999885,
2026-08-29T16:12:36.873143+00:00,watershed,62990661-C-100X_r01536_c00256.npy,62990661-C-100X.JPG,100,ok,0.2047552040003211,
2026-08-29T16:12:37.094751+00:00,watershed,62990661-C-100X_r01536_c00512.npy,62990661-C-100X.JPG,100,ok,0.21129950299928169,
2026-08-29T16:12:37.327545+00:00,watershed,62990661-C-100X_r01536_c00768.npy,62990661-C-100X.JPG,100,ok,0.22249720400031947,
2026-08-29T16:12:37.555033+00:00,watershed,62990661-C-100X_r01536_c01024.npy,62990661-C-100X.JPG,100,ok,0.2172671039998022,
2026-08-29T16:12:37.822389+00:00,watershed,62990661-C-100X_r01536_c01280.npy,62990661-C-100X.JPG,100,ok,0.2559593040004984,
2026-08-29T16:12:38.047747+00:00,watershed,62990661-C-100X_r01536_c01536.npy,62990661-C-100X.JPG,100,ok,0.2141800030003651,
2026-08-29T16:12:38.250298+00:00,watershed,62990661-C-100X_r01536_c01792.npy,62990661-C-100X.JPG,100,ok,0.19426540299991757,
2026-08-29T16:12:38.457066+00:00,watershed,62990661-C-100X_r01536_c02048.npy,62990661-C-100X.JPG,100,ok,0.1976214029991752,
2026-08-29T16:12:38.679275+00:00,watershed,62990661-C-100X_r01536_c02304.npy,62990661-C-100X.JPG,100,ok,0.21213080400048057,
2026-08-29T16:12:38.873786+00:00,watershed,62990661-C-100X_r01536_c02560.npy,62990661-C-100X.JPG,100,ok,0.1855170029994042,
2026-08-29T16:12:39.108507+00:00,watershed,62990661-C-100X_r01536_c02816.npy,62990661-C-100X.JPG,100,ok,0.22343590399941604,
2026-08-29T16:12:39.305914+00:00,watershed,62990661-C-100X_r01536_c02944.npy,62990661-C-100X.JPG,100,ok,0.18847010300032707,
2026-08-29T16:12:39.535392+00:00,watershed,62990661-C-100X_r01792_c00000.npy,62990661-C-100X.JPG,100,ok,0.21892660399953456,
2026-08-29T16:12:39.735447+00:00,watershed,62990661-C-100X_r01792_c00256.npy,62990661-C-100X.JPG,100,ok,0.19042290300058085,
2026-08-29T16:12:39.959570+00:00,watershed,62990661-C-100X_r01792_c00512.npy,62990661-C-100X.JPG,100,ok,0.21029530400028307,
2026-08-29T16:12:40.164665+00:00,watershed,62990661-C-100X_r01792_c00768.npy,62990661-C-100X.JPG,100,ok,0.19498180400023557,
2026-08-29T16:12:40.374142+00:00,watershed,62990661-C-100X_r01792_c01024.npy,62990661-C-100X.JPG,100,ok,0.20027350399959687,
2026-08-29T16:12:40.577331+00:00,watershed,62990661-C-100X_r01792_c01280.npy,62990661-C-100X.JPG,100,ok,0.1904823029999534,
2026-08-29T16:12:40.809866+00:00,watershed,62990661-C-100X_r01792_c01536.npy,62990661-C-100X.JPG,100,ok,0.22394530400015356,
2026-08-29T16:12:41.035225+00:00,watershed,62990661-C-100X_r01792_c01792.npy,62990661-C-100X.JPG,100,ok,0.21509710299960716,
2026-08-29T16:12:41.257307+00:00,watershed,62990661-C-100X_r01792_c02048.npy,62990661-C-100X.JPG,100,ok,0.21254090300044481,
2026-08-29T16:12:41.474365+00:00,watershed,62990661-C-100X_r01792_c02304.npy,62990661-C-100X.JPG,100,ok,0.20681750299991108,
2026-08-29T16:12:41.692916+00:00,watershed,62990661-C-100X_r01792_c02560.npy,62990661-C-100X.JPG,100,ok,0.21024360399951547,
2026-08-29T16:12:41.902782+00:00,watershed,62990661-C-100X_r01792_c02816.npy,62990661-C-100X.JPG,100,ok,0.20144810399960988,
2026-08-29T16:12:42.124645+00:00,watershed,62990661-C-100X_r01792_c02944.npy,62990661-C-100X.JPG,100,ok,0.21048660399992514,
2026-08-29T16:12:42.334672+00:00,watershed,62990661-C-200X_r00000_c00000.npy,62990661-C-200X.JPG,200,ok,0.16990770299980795,
2026-08-29T16:12:42.521006+00:00,watershed,62990661-C-200X_r00000_c00256.npy,62990661-C-200X.JPG,200,ok,0.17704700299964315,
2026-08-29T16:12:42.700743+00:00,watershed,62990661-C-200X_r00000_c00512.npy,62990661-C-200X.JPG,200,ok,0.16939250299947162,
2026-08-29T16:12:42.880594+00:00,watershed,62990661-C-200X_r00000_c00768.npy,62990661-C-200X.JPG,200,ok,0.17064670299987483,
2026-08-29T16:12:43.097357+00:00,watershed,62990661-C-200X_r00000_c01024.npy,62990661-C-200X.JPG,200,ok,0.2061434030001692,
2026-08-29T16:12:43.287693+00:00,watershed,62990661-C-200X_r00000_c01280.npy,62990661-C-200X.JPG,200,ok,0.1808611030000975,
2026-08-29T16:12:43.485551+00:00,watershed,62990661-C-200X_r00000_c01536.npy,62990661-C-200X.JPG,200,ok,0.18825170299987803,
2026-08-29T16:12:43.677293+00:00,watershed,62990661-C-200X_r00000_c01792.npy,62990661-C-200X.JPG,200,ok,0.18030180299956555,
2026-08-29T16:12:43.849353+00:00,watershed,62990661-C-200X_r00000_c02048.npy,62990661-C-200X.JPG,200,ok,0.16313290300058725,
2026-08-29T16:12:44.049378+00:00,watershed,62990661-C-200X_r00000_c02304.npy,62990661-C-200X.JPG,200,ok,0.18950260399924446,
2026-08-29T16:12:44.227555+00:00,watershed,62990661-C-200X_r00000_c02560.npy,62990661-C-200X.JPG,200,ok,0.16864720300054614,
2026-08-29T16:12:44.429850+00:00,watershed,62990661-C-200X_r00000_c02816.npy,62990661-C-200X.JPG,200,ok,0.19266310300008627,
2026-08-29T16:12:44.616999+00:00,watershed,62990661-C-200X_r00000_c02944.npy,62990661-C-200X.JPG,200,ok,0.17858180300027016,
2026-08-29T16:12:44.795752+00:00,watershed,62990661-C-200X_r00256_c00000.npy,62990661-C-200X.JPG,200,ok,0.1693138030004775,
2026-08-29T16:12:44.975428+00:00,watershed,62990661-C-200X_r00256_c00256.npy,62990661-C-200X.JPG,200,ok,0.17096860299989203,
2026-08-29T16:12:45.187559+00:00,watershed,62990661-C-200X_r00256_c00512.npy,62990661-C-200X.JPG,200,ok,0.2023666039995078,
2026-08-29T16:12:45.363748+00:00,watershed,62990661-C-200X_r00256_c00768.npy,62990661-C-200X.JPG,200,ok,0.16677360300036526,
2026-08-29T16:12:45.587649+00:00,watershed,62990661-C-200X_r00256_c01024.npy,62990661-C-200X.JPG,200,ok,0.21542610399956175,
2026-08-29T16:12:45.793489+00:00,watershed,62990661-C-200X_r00256_c01280.npy,62990661-C-200X.JPG,200,ok,0.19677230400066037,
2026-08-29T16:12:45.982143+00:00,watershed,62990661-C-200X_r00256_c01536.npy,62990661-C-200X.JPG,200,ok,0.17934060300012789,
2026-08-29T16:12:46.167487+00:00,watershed,62990661-C-200X_r00256_c01792.npy,62990661-C-200X.JPG,200,ok,0.17481510400011757,
2026-08-29T16:12:46.679674+00:00,watershed,62990661-C-200X_r00256_c02048.npy,62990661-C-200X.JPG,200,ok,0.5020471090001593,
2026-08-29T16:12:46.852494+00:00,watershed,62990661-C-200X_r00256_c02304.npy,62990661-C-200X.JPG,200,ok,0.16369620300065435,
2026-08-29T16:12:47.029166+00:00,watershed,62990661-C-200X_r00256_c02560.npy,62990661-C-200X.JPG,200,ok,0.164486904000114,
2026-08-29T16:12:47.197878+00:00,watershed,62990661-C-200X_r00256_c02816.npy,62990661-C-200X.JPG,200,ok,0.16009460399982345,
2026-08-29T16:12:47.375545+00:00,watershed,62990661-C-200X_r00256_c02944.npy,62990661-C-200X.JPG,200,ok,0.16792370500024845,
2026-08-29T16:12:47.560795+00:00,watershed,62990661-C-200X_r00512_c00000.npy,62990661-C-200X.JPG,200,ok,0.17192990500007,
2026-08-29T16:12:47.738262+00:00,watershed,62990661-C-200X_r00512_c00256.npy,62990661-C-200X.JPG,200,ok,0.16835550499945384,
2026-08-29T16:12:47.930095+00:00,watershed,62990661-C-200X_r00512_c00512.npy,62990661-C-200X.JPG,200,ok,0.18344400499972835,
2026-08-29T16:12:48.151704+00:00,watershed,62990661-C-200X_r00512_c00768.npy,62990661-C-200X.JPG,200,ok,0.21158230600030947,
2026-08-29T16:12:48.336481+00:00,watershed,62990661-C-200X_r00512_c01024.npy,62990661-C-200X.JPG,200,ok,0.17107860499982053,
2026-08-29T16:12:48.515507+00:00,watershed,62990661-C-200X_r00512_c01280.npy,62990661-C-200X.JPG,200,ok,0.17059470500043972,
2026-08-29T16:12:48.709522+00:00,watershed,62990661-C-200X_r00512_c01536.npy,62990661-C-200X.JPG,200,ok,0.18531730500035337,
2026-08-29T16:12:48.885267+00:00,watershed,62990661-C-200X_r00512_c01792.npy,62990661-C-200X.JPG,200,ok,0.16687870500027202,
2026-08-29T16:12:49.064260+00:00,watershed,62990661-C-200X_r00512_c02048.npy,62990661-C-200X.JPG,200,ok,0.1689591049998853,
2026-08-29T16:12:49.246836+00:00,watershed,62990661-C-200X_r00512_c02304.npy,62990661-C-200X.JPG,200,ok,0.17244940399996267,
2026-08-29T16:12:49.424983+00:00,watershed,62990661-C-200X_r00512_c02560.npy,62990661-C-200X.JPG,200,ok,0.16714850400057912,
2026-08-29T16:12:49.603491+00:00,watershed,62990661-C-200X_r00512_c02816.npy,62990661-C-200X.JPG,200,ok,0.1699313049994089,
2026-08-29T16:12:49.769403+00:00,watershed,62990661-C-200X_r00512_c02944.npy,62990661-C-200X.JPG,200,ok,0.1572702040002696,
2026-08-29T16:12:49.966437+00:00,watershed,62990661-C-200X_r00768_c00000.npy,62990661-C-200X.JPG,200,ok,0.18808920599985868,
2026-08-29T16:12:50.152382+00:00,watershed,62990661-C-200X_r00768_c00256.npy,62990661-C-200X.JPG,200,ok,0.17516470500049763,
2026-08-29T16:12:50.381203+00:00,watershed,62990661-C-200X_r00768_c00512.npy,62990661-C-200X.JPG,200,ok,0.2194276069994885,
2026-08-29T16:12:50.562707+00:00,watershed,62990661-C-200X_r00768_c00768.npy,62990661-C-200X.JPG,200,ok,0.16942910499983554,
2026-08-29T16:12:50.744381+00:00,watershed,62990661-C-200X_r00768_c01024.npy,62990661-C-200X.JPG,200,ok,0.17061690500031546,
2026-08-29T16:12:50.932632+00:00,watershed,62990661-C-200X_r00768_c01280.npy,62990661-C-200X.JPG,200,ok,0.17883830499977194,
2026-08-29T16:12:51.117778+00:00,watershed,62990661-C-200X_r00768_c01536.npy,62990661-C-200X.JPG,200,ok,0.17337650500030577,
2026-08-29T16:12:51.285491+00:00,watershed,62990661-C-200X_r00768_c01792.npy,62990661-C-200X.JPG,200,ok,0.15838190400063468,
2026-08-29T16:12:51.844804+00:00,watershed,62990661-C-200X_r00768_c02048.npy,62990661-C-200X.JPG,200,ok,0.5486455149994072,
2026-08-29T16:12:52.019446+00:00,watershed,62990661-C-200X_r00768_c02304.npy,62990661-C-200X.JPG,200,ok,0.16522480500043457,
2026-08-29T16:12:52.204872+00:00,watershed,62990661-C-200X_r00768_c02560.npy,62990661-C-200X.JPG,200,ok,0.17591270499997336,
2026-08-29T16:12:52.383254+00:00,watershed,62990661-C-200X_r00768_c02816.npy,62990661-C-200X.JPG,200,ok,0.16919230400071683,
2026-08-29T16:12:52.553941+00:00,watershed,62990661-C-200X_r00768_c02944.npy,62990661-C-200X.JPG,200,ok,0.15788880400032212,
2026-08-29T16:12:52.780862+00:00,watershed,62990661-C-200X_r01024_c00000.npy,62990661-C-200X.JPG,200,ok,0.218090306000704,
2026-08-29T16:12:52.962372+00:00,watershed,62990661-C-200X_r01024_c00256.npy,62990661-C-200X.JPG,200,ok,0.17227020500013168,
2026-08-29T16:12:53.152301+00:00,watershed,62990661-C-200X_r01024_c00512.npy,62990661-C-200X.JPG,200,ok,0.1794644050005445,
2026-08-29T16:12:53.333538+00:00,watershed,62990661-C-200X_r01024_c00768.npy,62990661-C-200X.JPG,200,ok,0.17012230399996042,
2026-08-29T16:12:53.510545+00:00,watershed,62990661-C-200X_r01024_c01024.npy,62990661-C-200X.JPG,200,ok,0.16697470400049497,
2026-08-29T16:12:53.681088+00:00,watershed,62990661-C-200X_r01024_c01280.npy,62990661-C-200X.JPG,200,ok,0.16168690399990737,
2026-08-29T16:12:53.865625+00:00,watershed,62990661-C-200X_r01024_c01536.npy,62990661-C-200X.JPG,200,ok,0.1736633049995362,
2026-08-29T16:12:54.043917+00:00,watershed,62990661-C-200X_r01024_c01792.npy,62990661-C-200X.JPG,200,ok,0.16920730499987258,
2026-08-29T16:12:54.231750+00:00,watershed,62990661-C-200X_r01024_c02048.npy,62990661-C-200X.JPG,200,ok,0.17764770499979932,
2026-08-29T16:12:54.415824+00:00,watershed,62990661-C-200X_r01024_c02304.npy,62990661-C-200X.JPG,200,ok,0.17508770499989623,
2026-08-29T16:12:54.592527+00:00,watershed,62990661-C-200X_r01024_c02560.npy,62990661-C-200X.JPG,200,ok,0.16409570399991935,
2026-08-29T16:12:54.763821+00:00,watershed,62990661-C-200X_r01024_c02816.npy,62990661-C-200X.JPG,200,ok,0.1613982049993865,
2026-08-29T16:12:54.939945+00:00,watershed,62990661-C-200X_r01024_c02944.npy,62990661-C-200X.JPG,200,ok,0.1660295040001074,
2026-08-29T16:12:55.113379+00:00,watershed,62990661-C-200X_r01280_c00000.npy,62990661-C-200X.JPG,200,ok,0.16518000100040808,
2026-08-29T16:12:55.298489+00:00,watershed,62990661-C-200X_r01280_c00256.npy,62990661-C-200X.JPG,200,ok,0.17448180100018362,
2026-08-29T16:12:55.507478+00:00,watershed,62990661-C-200X_r01280_c00512.npy,62990661-C-200X.JPG,200,ok,0.19981950100009271,
2026-08-29T16:12:55.698252+00:00,watershed,62990661-C-200X_r01280_c00768.npy,62990661-C-200X.JPG,200,ok,0.17630690099940693,
2026-08-29T16:12:55.884370+00:00,watershed,62990661-C-200X_r01280_c01024.npy,62990661-C-200X.JPG,200,ok,0.17635200099994108,
2026-08-29T16:12:56.071993+00:00,watershed,62990661-C-200X_r01280_c01280.npy,62990661-C-200X.JPG,200,ok,0.17857680100041762,
2026-08-29T16:12:56.249387+00:00,watershed,62990661-C-200X_r01280_c01536.npy,62990661-C-200X.JPG,200,ok,0.1686775010002748,
2026-08-29T16:12:56.451157+00:00,watershed,62990661-C-200X_r01280_c01792.npy,62990661-C-200X.JPG,200,ok,0.19296570099959354,
2026-08-29T16:12:56.644411+00:00,watershed,62990661-C-200X_r01280_c02048.npy,62990661-C-200X.JPG,200,ok,0.1816934010003024,
2026-08-29T16:12:56.825514+00:00,watershed,62990661-C-200X_r01280_c02304.npy,62990661-C-200X.JPG,200,ok,0.17044800100029533,
2026-08-29T16:12:57.464777+00:00,watershed,62990661-C-200X_r01280_c02560.npy,62990661-C-200X.JPG,200,ok,0.6293936040001427,
2026-08-29T16:12:57.642510+00:00,watershed,62990661-C-200X_r01280_c02816.npy,62990661-C-200X.JPG,200,ok,0.167344501000116,
2026-08-29T16:12:57.812181+00:00,watershed,62990661-C-200X_r01280_c02944.npy,62990661-C-200X.JPG,200,ok,0.158715401000336,
2026-08-29T16:12:57.997048+00:00,watershed,62990661-C-200X_r01536_c00000.npy,62990661-C-200X.JPG,200,ok,0.1758356009995623,
2026-08-29T16:12:58.167833+00:00,watershed,62990661-C-200X_r01536_c00256.npy,62990661-C-200X.JPG,200,ok,0.15998720100014907,
2026-08-29T16:12:58.354829+00:00,watershed,62990661-C-200X_r01536_c00512.npy,62990661-C-200X.JPG,200,ok,0.17714980200071295,
2026-08-29T16:12:58.536764+00:00,watershed,62990661-C-200X_r01536_c00768.npy,62990661-C-200X.JPG,200,ok,0.1734091010002885,
2026-08-29T16:12:58.722047+00:00,watershed,62990661-C-200X_r01536_c01024.npy,62990661-C-200X.JPG,200,ok,0.17561960100010765,
2026-08-29T16:12:58.937097+00:00,watershed,62990661-C-200X_r01536_c01280.npy,62990661-C-200X.JPG,200,ok,0.20590270100001362,
2026-08-29T16:12:59.112761+00:00,watershed,62990661-C-200X_r01536_c01536.npy,62990661-C-200X.JPG,200,ok,0.16596400099933817,
2026-08-29T16:12:59.293248+00:00,watershed,62990661-C-200X_r01536_c01792.npy,62990661-C-200X.JPG,200,ok,0.17069650099983846,
2026-08-29T16:12:59.482329+00:00,watershed,62990661-C-200X_r01536_c02048.npy,62990661-C-200X.JPG,200,ok,0.17943260199990618,
2026-08-29T16:12:59.659779+00:00,watershed,62990661-C-200X_r01536_c02304.npy,62990661-C-200X.JPG,200,ok,0.16747220099932747,
2026-08-29T16:12:59.827923+00:00,watershed,62990661-C-200X_r01536_c02560.npy,62990661-C-200X.JPG,200,ok,0.15901450099954673,
2026-08-29T16:12:59.999878+00:00,watershed,62990661-C-200X_r01536_c02816.npy,62990661-C-200X.JPG,200,ok,0.1625179010006832,
2026-08-29T16:13:00.182888+00:00,watershed,62990661-C-200X_r01536_c02944.npy,62990661-C-200X.JPG,200,ok,0.17321210099999007,
2026-08-29T16:13:00.377921+00:00,watershed,62990661-C-200X_r01792_c00000.npy,62990661-C-200X.JPG,200,ok,0.18517460099974414,
2026-08-29T16:13:00.607717+00:00,watershed,62990661-C-200X_r01792_c00256.npy,62990661-C-200X.JPG,200,ok,0.21900010100034706,
2026-08-29T16:13:00.822377+00:00,watershed,62990661-C-200X_r01792_c00512.npy,62990661-C-200X.JPG,200,ok,0.20431050099978165,
2026-08-29T16:13:01.028861+00:00,watershed,62990661-C-200X_r01792_c00768.npy,62990661-C-200X.JPG,200,ok,0.19627200099967013,
2026-08-29T16:13:01.242193+00:00,watershed,62990661-C-200X_r01792_c01024.npy,62990661-C-200X.JPG,200,ok,0.2025714009996591,
2026-08-29T16:13:01.464987+00:00,watershed,62990661-C-200X_r01792_c01280.npy,62990661-C-200X.JPG,200,ok,0.21337610200043855,
2026-08-29T16:13:01.651229+00:00,watershed,62990661-C-200X_r01792_c01536.npy,62990661-C-200X.JPG,200,ok,0.1768073009998261,
2026-08-29T16:13:01.832653+00:00,watershed,62990661-C-200X_r01792_c01792.npy,62990661-C-200X.JPG,200,ok,0.17249220099984086,
2026-08-29T16:13:02.050226+00:00,watershed,62990661-C-200X_r01792_c02048.npy,62990661-C-200X.JPG,200,ok,0.20832950100066228,
2026-08-29T16:13:02.259115+00:00,watershed,62990661-C-200X_r01792_c02304.npy,62990661-C-200X.JPG,200,ok,0.20009930200012604,
2026-08-29T16:13:02.428173+00:00,watershed,62990661-C-200X_r01792_c02560.npy,62990661-C-200X.JPG,200,ok,0.1597219010000117,
2026-08-29T16:13:02.597023+00:00,watershed,62990661-C-200X_r01792_c02816.npy,62990661-C-200X.JPG,200,ok,0.15915570099969045,
2026-08-29T16:13:03.094327+00:00,watershed,62990661-C-200X_r01792_c02944.npy,62990661-C-200X.JPG,200,ok,0.4878558020000128,
2026-08-29T16:13:03.291247+00:00,watershed,62990661-R-100X_r00000_c00000.npy,62990661-R-100X.JPG,100,ok,0.18781930099976307,
2026-08-29T16:13:03.503402+00:00,watershed,62990661-R-100X_r00000_c00256.npy,62990661-R-100X.JPG,100,ok,0.20346859999972366,
2026-08-29T16:13:03.701529+00:00,watershed,62990661-R-100X_r00000_c00512.npy,62990661-R-100X.JPG,100,ok,0.1893201009997938,
2026-08-29T16:13:03.907068+00:00,watershed,62990661-R-100X_r00000_c00768.npy,62990661-R-100X.JPG,100,ok,0.19720670000060636,
2026-08-29T16:13:04.114357+00:00,watershed,62990661-R-100X_r00000_c01024.npy,62990661-R-100X.JPG,100,ok,0.1964620010003273,
2026-08-29T16:13:04.317410+00:00,watershed,62990661-R-100X_r00000_c01280.npy,62990661-R-100X.JPG,100,ok,0.19228870000006282,
2026-08-29T16:13:04.518199+00:00,watershed,62990661-R-100X_r00000_c01536.npy,62990661-R-100X.JPG,100,ok,0.19174669999938487,
2026-08-29T16:13:04.750433+00:00,watershed,62990661-R-100X_r00000_c01792.npy,62990661-R-100X.JPG,100,ok,0.2226764010001716,
2026-08-29T16:13:04.954547+00:00,watershed,62990661-R-100X_r00000_c02048.npy,62990661-R-100X.JPG,100,ok,0.19504240000060236,
2026-08-29T16:13:05.196485+00:00,watershed,62990661-R-100X_r00000_c02304.npy,62990661-R-100X.JPG,100,ok,0.23266810099994473,
2026-08-29T16:13:05.418209+00:00,watershed,62990661-R-100X_r00000_c02560.npy,62990661-R-100X.JPG,100,ok,0.21216910000021016,
2026-08-29T16:13:05.670271+00:00,watershed,62990661-R-100X_r00000_c02816.npy,62990661-R-100X.JPG,100,ok,0.242710301000443,
2026-08-29T16:13:05.886749+00:00,watershed,62990661-R-100X_r00000_c02944.npy,62990661-R-100X.JPG,100,ok,0.20350510099979147,
2026-08-29T16:13:06.133627+00:00,watershed,62990661-R-100X_r00256_c00000.npy,62990661-R-100X.JPG,100,ok,0.2374260000005961,
2026-08-29T16:13:06.362660+00:00,watershed,62990661-R-100X_r00256_c00256.npy,62990661-R-100X.JPG,100,ok,0.2190022009999666,
2026-08-29T16:13:06.595565+00:00,watershed,62990661-R-100X_r00256_c00512.npy,62990661-R-100X.JPG,100,ok,0.22300180000002,
2026-08-29T16:13:06.796447+00:00,watershed,62990661-R-100X_r00256_c00768.npy,62990661-R-100X.JPG,100,ok,0.1914721000002828,
2026-08-29T16:13:07.028395+00:00,watershed,62990661-R-100X_r00256_c01024.npy,62990661-R-100X.JPG,100,ok,0.22289540099973237,
2026-08-29T16:13:07.300726+00:00,watershed,62990661-R-100X_r00256_c01280.npy,62990661-R-100X.JPG,100,ok,0.2634111000006669,
2026-08-29T16:13:07.521352+00:00,watershed,62990661-R-100X_r00256_c01536.npy,62990661-R-100X.JPG,100,ok,0.2118337009997049,
2026-08-29T16:13:07.732470+00:00,watershed,62990661-R-100X_r00256_c01792.npy,62990661-R-100X.JPG,100,ok,0.20033699999930832,
2026-08-29T16:13:08.545419+00:00,watershed,62990661-R-100X_r00256_c02048.npy,62990661-R-100X.JPG,100,ok,0.8040221020000899,
2026-08-29T16:13:08.767681+00:00,watershed,62990661-R-100X_r00256_c02304.npy,62990661-R-100X.JPG,100,ok,0.21332299999994575,
2026-08-29T16:13:08.995296+00:00,watershed,62990661-R-100X_r00256_c02560.npy,62990661-R-100X.JPG,100,ok,0.2173683009996239,
2026-08-29T16:13:09.229276+00:00,watershed,62990661-R-100X_r00256_c02816.npy,62990661-R-100X.JPG,100,ok,0.22385099999974045,
2026-08-29T16:13:09.452948+00:00,watershed,62990661-R-100X_r00256_c02944.npy,62990661-R-100X.JPG,100,ok,0.21465880100004142,
2026-08-29T16:13:09.696722+00:00,watershed,62990661-R-100X_r00512_c00000.npy,62990661-R-100X.JPG,100,ok,0.2339834009999322,
2026-08-29T16:13:09.886482+00:00,watershed,62990661-R-100X_r00512_c00256.npy,62990661-R-100X.JPG,100,ok,0.18114630000036414,
2026-08-29T16:13:10.114729+00:00,watershed,62990661-R-100X_r00512_c00512.npy,62990661-R-100X.JPG,100,ok,0.21814360100052,
2026-08-29T16:13:10.316062+00:00,watershed,62990661-R-100X_r00512_c00768.npy,62990661-R-100X.JPG,100,ok,0.19198700000015378,
2026-08-29T16:13:10.513499+00:00,watershed,62990661-R-100X_r00512_c01024.npy,62990661-R-100X.JPG,100,ok,0.18775190100041073,
2026-08-29T16:13:10.710039+00:00,watershed,62990661-R-100X_r00512_c01280.npy,62990661-R-100X.JPG,100,ok,0.1877598000000944,
2026-08-29T16:13:10.944340+00:00,watershed,62990661-R-100X_r00512_c01536.npy,62990661-R-100X.JPG,100,ok,0.22250840099968627,
2026-08-29T16:13:11.160207+00:00,watershed,62990661-R-100X_r00512_c01792.npy,62990661-R-100X.JPG,100,ok,0.2075163010003962,
2026-08-29T16:13:11.364700+00:00,watershed,62990661-R-100X_r00512_c02048.npy,62990661-R-100X.JPG,100,ok,0.19361490000028425,
2026-08-29T16:13:11.562273+00:00,watershed,62990661-R-100X_r00512_c02304.npy,62990661-R-100X.JPG,100,ok,0.18860070100072335,
2026-08-29T16:13:11.771219+00:00,watershed,62990661-R-100X_r00512_c02560.npy,62990661-R-100X.JPG,100,ok,0.20048539999970671,
2026-08-29T16:13:11.973633+00:00,watershed,62990661-R-100X_r00512_c02816.npy,62990661-R-100X.JPG,100,ok,0.19245100099942647,
2026-08-29T16:13:12.168136+00:00,watershed,62990661-R-100X_r00512_c02944.npy,62990661-R-100X.JPG,100,ok,0.18486660100006702,
2026-08-29T16:13:12.406737+00:00,watershed,62990661-R-100X_r00768_c00000.npy,62990661-R-100X.JPG,100,ok,0.22915920000014012,
2026-08-29T16:13:12.598623+00:00,watershed,62990661-R-100X_r00768_c00256.npy,62990661-R-100X.JPG,100,ok,0.18191390100037097,
2026-08-29T16:13:12.798228+00:00,watershed,62990661-R-100X_r00768_c00512.npy,62990661-R-100X.JPG,100,ok,0.1902909999998883,
2026-08-29T16:13:13.055759+00:00,watershed,62990661-R-100X_r00768_c00768.npy,62990661-R-100X.JPG,100,ok,0.2484820010004114,
2026-08-29T16:13:13.265440+00:00,watershed,62990661-R-100X_r00768_c01024.npy,62990661-R-100X.JPG,100,ok,0.19985010099935607,
2026-08-29T16:13:13.532306+00:00,watershed,62990661-R-100X_r00768_c01280.npy,62990661-R-100X.JPG,100,ok,0.258544100999643,
2026-08-29T16:13:13.727064+00:00,watershed,62990661-R-100X_r00768_c01536.npy,62990661-R-100X.JPG,100,ok,0.18520660000012867,
2026-08-29T16:13:13.947133+00:00,watershed,62990661-R-100X_r00768_c01792.npy,62990661-R-100X.JPG,100,ok,0.21045170100023824,
2026-08-29T16:13:14.508507+00:00,watershed,62990661-R-100X_r00768_c02048.npy,62990661-R-100X.JPG,100,ok,0.5522795009992478,
2026-08-29T16:13:14.708237+00:00,watershed,62990661-R-100X_r00768_c02304.npy,62990661-R-100X.JPG,100,ok,0.19011910100016394,
2026-08-29T16:13:14.901735+00:00,watershed,62990661-R-100X_r00768_c02560.npy,62990661-R-100X.JPG,100,ok,0.18511070099975768,
2026-08-29T16:13:15.121091+00:00,watershed,62990661-R-100X_r00768_c02816.npy,62990661-R-100X.JPG,100,ok,0.21004979999997886,
2026-08-29T16:13:15.335909+00:00,watershed,62990661-R-100X_r00768_c02944.npy,62990661-R-100X.JPG,100,ok,0.2047956010001144,
2026-08-29T16:13:15.548139+00:00,watershed,62990661-R-100X_r01024_c00000.npy,62990661-R-100X.JPG,100,ok,0.20294200100033777,
2026-08-29T16:13:15.743314+00:00,watershed,62990661-R-100X_r01024_c00256.npy,62990661-R-100X.JPG,100,ok,0.18613959999947838,
2026-08-29T16:13:15.964956+00:00,watershed,62990661-R-100X_r01024_c00512.npy,62990661-R-100X.JPG,100,ok,0.21161590099927707,
2026-08-29T16:13:16.161082+00:00,watershed,62990661-R-100X_r01024_c00768.npy,62990661-R-100X.JPG,100,ok,0.18749750000006316,
2026-08-29T16:13:16.350767+00:00,watershed,62990661-R-100X_r01024_c01024.npy,62990661-R-100X.JPG,100,ok,0.18015050099984364,
2026-08-29T16:13:16.551356+00:00,watershed,62990661-R-100X_r01024_c01280.npy,62990661-R-100X.JPG,100,ok,0.19122229999993579,
2026-08-29T16:13:16.742588+00:00,watershed,62990661-R-100X_r01024_c01536.npy,62990661-R-100X.JPG,100,ok,0.1817708999997194,
2026-08-29T16:13:16.964449+00:00,watershed,62990661-R-100X_r01024_c01792.npy,62990661-R-100X.JPG,100,ok,0.212485700999423,
2026-08-29T16:13:17.216049+00:00,watershed,62990661-R-100X_r01024_c02048.npy,62990661-R-100X.JPG,100,ok,0.24190139999973326,
2026-08-29T16:13:17.474449+00:00,watershed,62990661-R-100X_r01024_c02304.npy,62990661-R-100X.JPG,100,ok,0.24652940099986154,
2026-08-29T16:13:17.706801+00:00,watershed,62990661-R-100X_r01024_c02560.npy,62990661-R-100X.JPG,100,ok,0.22162350100006734,
2026-08-29T16:13:17.904758+00:00,watershed,62990661-R-100X_r01024_c02816.npy,62990661-R-100X.JPG,100,ok,0.18753209999977116,
2026-08-29T16:13:18.122544+00:00,watershed,62990661-R-100X_r01024_c02944.npy,62990661-R-100X.JPG,100,ok,0.2081369010002163,
2026-08-29T16:13:18.333766+00:00,watershed,62990661-R-100X_r01280_c00000.npy,62990661-R-100X.JPG,100,ok,0.20263870100006898,
2026-08-29T16:13:18.528943+00:00,watershed,62990661-R-100X_r01280_c00256.npy,62990661-R-100X.JPG,100,ok,0.1857503999999608,
2026-08-29T16:13:18.728036+00:00,watershed,62990661-R-100X_r01280_c00512.npy,62990661-R-100X.JPG,100,ok,0.19011100099942269,
2026-08-29T16:13:18.930400+00:00,watershed,62990661-R-100X_r01280_c00768.npy,62990661-R-100X.JPG,100,ok,0.19297290000031353,
2026-08-29T16:13:19.128988+00:00,watershed,62990661-R-100X_r01280_c01024.npy,62990661-R-100X.JPG,100,ok,0.1897049999997762,
2026-08-29T16:13:19.330629+00:00,watershed,62990661-R-100X_r01280_c01280.npy,62990661-R-100X.JPG,100,ok,0.19242540000050212,
2026-08-29T16:13:19.550589+00:00,watershed,62990661-R-100X_r01280_c01536.npy,62990661-R-100X.JPG,100,ok,0.20951290000084555,
2026-08-29T16:13:19.762630+00:00,watershed,62990661-R-100X_r01280_c01792.npy,62990661-R-100X.JPG,100,ok,0.20245150000027934,
2026-08-29T16:13:20.386524+00:00,watershed,62990661-R-100X_r01280_c02048.npy,62990661-R-100X.JPG,100,ok,0.6139207009991878,
2026-08-29T16:13:20.577283+00:00,watershed,62990661-R-100X_r01280_c02304.npy,62990661-R-100X.JPG,100,ok,0.18204040000000532,
2026-08-29T16:13:20.844800+00:00,watershed,62990661-R-100X_r01280_c02560.npy,62990661-R-100X.JPG,100,ok,0.25750760000028095,
2026-08-29T16:13:21.039431+00:00,watershed,62990661-R-100X_r01280_c02816.npy,62990661-R-100X.JPG,100,ok,0.18511120099992695,
2026-08-29T16:13:21.283604+00:00,watershed,62990661-R-100X_r01280_c02944.npy,62990661-R-100X.JPG,100,ok,0.2356275000001915,
2026-08-29T16:13:21.484813+00:00,watershed,62990661-R-100X_r01536_c00000.npy,62990661-R-100X.JPG,100,ok,0.19143279999934748,
2026-08-29T16:13:21.690908+00:00,watershed,62990661-R-100X_r01536_c00256.npy,62990661-R-100X.JPG,100,ok,0.1967254999999568,
2026-08-29T16:13:21.884270+00:00,watershed,62990661-R-100X_r01536_c00512.npy,62990661-R-100X.JPG,100,ok,0.18407569999999396,
2026-08-29T16:13:22.078851+00:00,watershed,62990661-R-100X_r01536_c00768.npy,62990661-R-100X.JPG,100,ok,0.18466320100014855,
2026-08-29T16:13:22.274660+00:00,watershed,62990661-R-100X_r01536_c01024.npy,62990661-R-100X.JPG,100,ok,0.1858603000000585,
2026-08-29T16:13:22.477288+00:00,watershed,62990661-R-100X_r01536_c01280.npy,62990661-R-100X.JPG,100,ok,0.19291530000009516,
2026-08-29T16:13:22.695128+00:00,watershed,62990661-R-100X_r01536_c01536.npy,62990661-R-100X.JPG,100,ok,0.20829109999976936,
2026-08-29T16:13:22.896467+00:00,watershed,62990661-R-100X_r01536_c01792.npy,62990661-R-100X.JPG,100,ok,0.1924217999994653,
2026-08-29T16:13:23.100884+00:00,watershed,62990661-R-100X_r01536_c02048.npy,62990661-R-100X.JPG,100,ok,0.19517910100057634,
2026-08-29T16:13:23.297927+00:00,watershed,62990661-R-100X_r01536_c02304.npy,62990661-R-100X.JPG,100,ok,0.1871461000000636,
2026-08-29T16:13:23.495216+00:00,watershed,62990661-R-100X_r01536_c02560.npy,62990661-R-100X.JPG,100,ok,0.18841340000017226,
2026-08-29T16:13:23.702344+00:00,watershed,62990661-R-100X_r01536_c02816.npy,62990661-R-100X.JPG,100,ok,0.1977204000004349,
2026-08-29T16:13:23.895447+00:00,watershed,62990661-R-100X_r01536_c02944.npy,62990661-R-100X.JPG,100,ok,0.18407619999925373,
2026-08-29T16:13:24.086700+00:00,watershed,62990661-R-100X_r01792_c00000.npy,62990661-R-100X.JPG,100,ok,0.18225140100003046,
2026-08-29T16:13:24.592797+00:00,watershed,62990661-R-100X_r01792_c00256.npy,62990661-R-100X.JPG,100,ok,0.4974792000002708,
2026-08-29T16:13:24.786450+00:00,watershed,62990661-R-100X_r01792_c00512.npy,62990661-R-100X.JPG,100,ok,0.18396359999951528,
2026-08-29T16:13:24.987059+00:00,watershed,62990661-R-100X_r01792_c00768.npy,62990661-R-100X.JPG,100,ok,0.18975780100026896,
2026-08-29T16:13:25.181485+00:00,watershed,62990661-R-100X_r01792_c01024.npy,62990661-R-100X.JPG,100,ok,0.18455439999979717,
2026-08-29T16:13:25.401434+00:00,watershed,62990661-R-100X_r01792_c01280.npy,62990661-R-100X.JPG,100,ok,0.21032569999988482,
2026-08-29T16:13:25.683559+00:00,watershed,62990661-R-100X_r01792_c01536.npy,62990661-R-100X.JPG,100,ok,0.27229999999963184,
2026-08-29T16:13:25.893035+00:00,watershed,62990661-R-100X_r01792_c01792.npy,62990661-R-100X.JPG,100,ok,0.20057689999975992,
2026-08-29T16:13:26.086526+00:00,watershed,62990661-R-100X_r01792_c02048.npy,62990661-R-100X.JPG,100,ok,0.18388490100005583,
2026-08-29T16:13:26.348252+00:00,watershed,62990661-R-100X_r01792_c02304.npy,62990661-R-100X.JPG,100,ok,0.2526659999994081,
2026-08-29T16:13:26.548290+00:00,watershed,62990661-R-100X_r01792_c02560.npy,62990661-R-100X.JPG,100,ok,0.19111580000026152,
2026-08-29T16:13:26.744974+00:00,watershed,62990661-R-100X_r01792_c02816.npy,62990661-R-100X.JPG,100,ok,0.1878630000001067,
2026-08-29T16:13:26.942758+00:00,watershed,62990661-R-100X_r01792_c02944.npy,62990661-R-100X.JPG,100,ok,0.18920770000022458,
2026-08-29T16:13:27.109379+00:00,watershed,62990661-R-200X_r00000_c00000.npy,62990661-R-200X.JPG,200,ok,0.1572241000003487,
2026-08-29T16:13:27.281410+00:00,watershed,62990661-R-200X_r00000_c00256.npy,62990661-R-200X.JPG,200,ok,0.16257539900016127,
2026-08-29T16:13:27.455948+00:00,watershed,62990661-R-200X_r00000_c00512.npy,62990661-R-200X.JPG,200,ok,0.16456889900018723,
2026-08-29T16:13:27.625887+00:00,watershed,62990661-R-200X_r00000_c00768.npy,62990661-R-200X.JPG,200,ok,0.16156320000027335,
2026-08-29T16:13:27.796672+00:00,watershed,62990661-R-200X_r00000_c01024.npy,62990661-R-200X.JPG,200,ok,0.16165819900015777,
2026-08-29T16:13:27.998425+00:00,watershed,62990661-R-200X_r00000_c01280.npy,62990661-R-200X.JPG,200,ok,0.19153369900050166,
2026-08-29T16:13:28.177571+00:00,watershed,62990661-R-200X_r00000_c01536.npy,62990661-R-200X.JPG,200,ok,0.168486999000379,
2026-08-29T16:13:28.357570+00:00,watershed,62990661-R-200X_r00000_c01792.npy,62990661-R-200X.JPG,200,ok,0.17059150000022782,
2026-08-29T16:13:28.555455+00:00,watershed,62990661-R-200X_r00000_c02048.npy,62990661-R-200X.JPG,200,ok,0.18853229900014412,
2026-08-29T16:13:28.745323+00:00,watershed,62990661-R-200X_r00000_c02304.npy,62990661-R-200X.JPG,200,ok,0.18107499899997492,
2026-08-29T16:13:28.931576+00:00,watershed,62990661-R-200X_r00000_c02560.npy,62990661-R-200X.JPG,200,ok,0.1768173990003561,
2026-08-29T16:13:29.097820+00:00,watershed,62990661-R-200X_r00000_c02816.npy,62990661-R-200X.JPG,200,ok,0.15793630000007397,
2026-08-29T16:13:29.286889+00:00,watershed,62990661-R-200X_r00000_c02944.npy,62990661-R-200X.JPG,200,ok,0.17937159899975086,
2026-08-29T16:13:29.464440+00:00,watershed,62990661-R-200X_r00256_c00000.npy,62990661-R-200X.JPG,200,ok,0.16758479899999656,
2026-08-29T16:13:29.638101+00:00,watershed,62990661-R-200X_r00256_c00256.npy,62990661-R-200X.JPG,200,ok,0.16389259900006437,
2026-08-29T16:13:29.813175+00:00,watershed,62990661-R-200X_r00256_c00512.npy,62990661-R-200X.JPG,200,ok,0.16681580000022223,
2026-08-29T16:13:30.001700+00:00,watershed,62990661-R-200X_r00256_c00768.npy,62990661-R-200X.JPG,200,ok,0.17431759899955068,
2026-08-29T16:13:30.183436+00:00,watershed,62990661-R-200X_r00256_c01024.npy,62990661-R-200X.JPG,200,ok,0.1697299990000829,
2026-08-29T16:13:30.359047+00:00,watershed,62990661-R-200X_r00256_c01280.npy,62990661-R-200X.JPG,200,ok,0.1674072990008426,
2026-08-29T16:13:30.535546+00:00,watershed,62990661-R-200X_r00256_c01536.npy,62990661-R-200X.JPG,200,ok,0.1678357999999207,
2026-08-29T16:13:30.710384+00:00,watershed,62990661-R-200X_r00256_c01792.npy,62990661-R-200X.JPG,200,ok,0.1664193990000058,
2026-08-29T16:13:30.887815+00:00,watershed,62990661-R-200X_r00256_c02048.npy,62990661-R-200X.JPG,200,ok,0.16735699899982137,
2026-08-29T16:13:31.069658+00:00,watershed,62990661-R-200X_r00256_c02304.npy,62990661-R-200X.JPG,200,ok,0.173269199999595,
2026-08-29T16:13:31.688556+00:00,watershed,62990661-R-200X_r00256_c02560.npy,62990661-R-200X.JPG,200,ok,0.6097676970002794,
2026-08-29T16:13:31.884486+00:00,watershed,62990661-R-200X_r00256_c02816.npy,62990661-R-200X.JPG,200,ok,0.186314198999753,
2026-08-29T16:13:32.051919+00:00,watershed,62990661-R-200X_r00256_c02944.npy,62990661-R-200X.JPG,200,ok,0.15914719900047203,
2026-08-29T16:13:32.237039+00:00,watershed,62990661-R-200X_r00512_c00000.npy,62990661-R-200X.JPG,200,ok,0.17598030000044673,
2026-08-29T16:13:32.409878+00:00,watershed,62990661-R-200X_r00512_c00256.npy,62990661-R-200X.JPG,200,ok,0.16402929900050367,
2026-08-29T16:13:32.583296+00:00,watershed,62990661-R-200X_r00512_c00512.npy,62990661-R-200X.JPG,200,ok,0.16189319900058763,
2026-08-29T16:13:32.758039+00:00,watershed,62990661-R-200X_r00512_c00768.npy,62990661-R-200X.JPG,200,ok,0.16629889999967418,
2026-08-29T16:13:32.953771+00:00,watershed,62990661-R-200X_r00512_c01024.npy,62990661-R-200X.JPG,200,ok,0.18722479900043254,
2026-08-29T16:13:33.149769+00:00,watershed,62990661-R-200X_r00512_c01280.npy,62990661-R-200X.JPG,200,ok,0.18587619899972196,
2026-08-29T16:13:33.321200+00:00,watershed,62990661-R-200X_r00512_c01536.npy,62990661-R-200X.JPG,200,ok,0.16265229900000122,
2026-08-29T16:13:33.495834+00:00,watershed,62990661-R-200X_r00512_c01792.npy,62990661-R-200X.JPG,200,ok,0.16622519999964425,
2026-08-29T16:13:33.688550+00:00,watershed,62990661-R-200X_r00512_c02048.npy,62990661-R-200X.JPG,200,ok,0.18359579899970413,
2026-08-29T16:13:33.868935+00:00,watershed,62990661-R-200X_r00512_c02304.npy,62990661-R-200X.JPG,200,ok,0.17110399900047923,
2026-08-29T16:13:34.039211+00:00,watershed,62990661-R-200X_r00512_c02560.npy,62990661-R-200X.JPG,200,ok,0.16141449899987492,
2026-08-29T16:13:34.211991+00:00,watershed,62990661-R-200X_r00512_c02816.npy,62990661-R-200X.JPG,200,ok,0.1635513000001083,
2026-08-29T16:13:34.425019+00:00,watershed,62990661-R-200X_r00512_c02944.npy,62990661-R-200X.JPG,200,ok,0.20179629900030704,
2026-08-29T16:13:34.601648+00:00,watershed,62990661-R-200X_r00768_c00000.npy,62990661-R-200X.JPG,200,ok,0.16709319900019182,
2026-08-29T16:13:34.776764+00:00,watershed,62990661-R-200X_r00768_c00256.npy,62990661-R-200X.JPG,200,ok,0.1665770990002784,
2026-08-29T16:13:34.963766+00:00,watershed,62990661-R-200X_r00768_c00512.npy,62990661-R-200X.JPG,200,ok,0.1784049990001222,
2026-08-29T16:13:35.138336+00:00,watershed,62990661-R-200X_r00768_c00768.npy,62990661-R-200X.JPG,200,ok,0.16554940100013482,
2026-08-29T16:13:35.311473+00:00,watershed,62990661-R-200X_r00768_c01024.npy,62990661-R-200X.JPG,200,ok,0.16419889999997395,
2026-08-29T16:13:35.486253+00:00,watershed,62990661-R-200X_r00768_c01280.npy,62990661-R-200X.JPG,200,ok,0.1661043009999048,
2026-08-29T16:13:35.667125+00:00,watershed,62990661-R-200X_r00768_c01536.npy,62990661-R-200X.JPG,200,ok,0.17252370000005612,
2026-08-29T16:13:35.835671+00:00,watershed,62990661-R-200X_r00768_c01792.npy,62990661-R-200X.JPG,200,ok,0.16027090100033092,
2026-08-29T16:13:36.008082+00:00,watershed,62990661-R-200X_r00768_c02048.npy,62990661-R-200X.JPG,200,ok,0.16342839999924763,
2026-08-29T16:13:36.177793+00:00,watershed,62990661-R-200X_r00768_c02304.npy,62990661-R-200X.JPG,200,ok,0.1610162010001659,
2026-08-29T16:13:36.368329+00:00,watershed,62990661-R-200X_r00768_c02560.npy,62990661-R-200X.JPG,200,ok,0.18076790000031906,
2026-08-29T16:13:36.539300+00:00,watershed,62990661-R-200X_r00768_c02816.npy,62990661-R-200X.JPG,200,ok,0.16148890099975688,
2026-08-29T16:13:36.704502+00:00,watershed,62990661-R-200X_r00768_c02944.npy,62990661-R-200X.JPG,200,ok,0.15578049999930954,
2026-08-29T16:13:37.347473+00:00,watershed,62990661-R-200X_r01024_c00000.npy,62990661-R-200X.JPG,200,ok,0.6331375019999541,
2026-08-29T16:13:37.538536+00:00,watershed,62990661-R-200X_r01024_c00256.npy,62990661-R-200X.JPG,200,ok,0.18242929999996704,
2026-08-29T16:13:37.720389+00:00,watershed,62990661-R-200X_r01024_c00512.npy,62990661-R-200X.JPG,200,ok,0.17311870100002125,
2026-08-29T16:13:37.891797+00:00,watershed,62990661-R-200X_r01024_c00768.npy,62990661-R-200X.JPG,200,ok,0.16208689999984927,
2026-08-29T16:13:38.072760+00:00,watershed,62990661-R-200X_r01024_c01024.npy,62990661-R-200X.JPG,200,ok,0.17033720100062055,
2026-08-29T16:13:38.245285+00:00,watershed,62990661-R-200X_r01024_c01280.npy,62990661-R-200X.JPG,200,ok,0.16288759999952163,
2026-08-29T16:13:38.455360+00:00,watershed,62990661-R-200X_r01024_c01536.npy,62990661-R-200X.JPG,200,ok,0.20137540099949547,
2026-08-29T16:13:38.624181+00:00,watershed,62990661-R-200X_r01024_c01792.npy,62990661-R-200X.JPG,200,ok,0.15911229999983334,
2026-08-29T16:13:38.804092+00:00,watershed,62990661-R-200X_r01024_c02048.npy,62990661-R-200X.JPG,200,ok,0.1701238010000452,
2026-08-29T16:13:38.975724+00:00,watershed,62990661-R-200X_r01024_c02304.npy,62990661-R-200X.JPG,200,ok,0.16288769999937358,
2026-08-29T16:13:39.148574+00:00,watershed,62990661-R-200X_r01024_c02560.npy,62990661-R-200X.JPG,200,ok,0.16328140099994926,
2026-08-29T16:13:39.318844+00:00,watershed,62990661-R-200X_r01024_c02816.npy,62990661-R-200X.JPG,200,ok,0.1618850000004386,
2026-08-29T16:13:39.501441+00:00,watershed,62990661-R-200X_r01024_c02944.npy,62990661-R-200X.JPG,200,ok,0.17329550100021152,
2026-08-29T16:13:39.677572+00:00,watershed,62990661-R-200X_r01280_c00000.npy,62990661-R-200X.JPG,200,ok,0.16716100000030565,
2026-08-29T16:13:39.851440+00:00,watershed,62990661-R-200X_r01280_c00256.npy,62990661-R-200X.JPG,200,ok,0.16481880099945556,
2026-08-29T16:13:40.048231+00:00,watershed,62990661-R-200X_r01280_c00512.npy,62990661-R-200X.JPG,200,ok,0.1871616999997059,
2026-08-29T16:13:40.221723+00:00,watershed,62990661-R-200X_r01280_c00768.npy,62990661-R-200X.JPG,200,ok,0.16453590099990834,
2026-08-29T16:13:40.400786+00:00,watershed,62990661-R-200X_r01280_c01024.npy,62990661-R-200X.JPG,200,ok,0.16839980000077048,
2026-08-29T16:13:40.906238+00:00,watershed,62990661-R-200X_r01280_c01280.npy,62990661-R-200X.JPG,200,ok,0.4962937009995585,
2026-08-29T16:13:41.081805+00:00,watershed,62990661-R-200X_r01280_c01536.npy,62990661-R-200X.JPG,200,ok,0.16460720099985338,
2026-08-29T16:13:41.248218+00:00,watershed,62990661-R-200X_r01280_c01792.npy,62990661-R-200X.JPG,200,ok,0.15768720000050962,
2026-08-29T16:13:41.415395+00:00,watershed,62990661-R-200X_r01280_c02048.npy,62990661-R-200X.JPG,200,ok,0.15859960099987802,
2026-08-29T16:13:41.582213+00:00,watershed,62990661-R-200X_r01280_c02304.npy,62990661-R-200X.JPG,200,ok,0.15708790000007866,
2026-08-29T16:13:41.754972+00:00,watershed,62990661-R-200X_r01280_c02560.npy,62990661-R-200X.JPG,200,ok,0.16420270099933987,
2026-08-29T16:13:41.927712+00:00,watershed,62990661-R-200X_r01280_c02816.npy,62990661-R-200X.JPG,200,ok,0.16408400000000256,
2026-08-29T16:13:42.117133+00:00,watershed,62990661-R-200X_r01280_c02944.npy,62990661-R-200X.JPG,200,ok,0.1776581009999063,
2026-08-29T16:13:42.297169+00:00,watershed,62990661-R-200X_r01536_c00000.npy,62990661-R-200X.JPG,200,ok,0.17087029999947845,
2026-08-29T16:13:42.473326+00:00,watershed,62990661-R-200X_r01536_c00256.npy,62990661-R-200X.JPG,200,ok,0.16675420100000338,
2026-08-29T16:13:42.652032+00:00,watershed,62990661-R-200X_r01536_c00512.npy,62990661-R-200X.JPG,200,ok,0.16819289999966713,
2026-08-29T16:13:42.821451+00:00,watershed,62990661-R-200X_r01536_c00768.npy,62990661-R-200X.JPG,200,ok,0.1597204009995039,
2026-08-29T16:13:43.018675+00:00,watershed,62990661-R-200X_r01536_c01024.npy,62990661-R-200X.JPG,200,ok,0.1872369009997783,
2026-08-29T16:13:43.209393+00:00,watershed,62990661-R-200X_r01536_c01280.npy,62990661-R-200X.JPG,200,ok,0.1816963029996259,
2026-08-29T16:13:43.397811+00:00,watershed,62990661-R-200X_r01536_c01536.npy,62990661-R-200X.JPG,200,ok,0.17963270299969736,
2026-08-29T16:13:43.574937+00:00,watershed,62990661-R-200X_r01536_c01792.npy,62990661-R-200X.JPG,200,ok,0.16838800300047296,
2026-08-29T16:13:43.740076+00:00,watershed,62990661-R-200X_r01536_c02048.npy,62990661-R-200X.JPG,200,ok,0.156702901999779,
2026-08-29T16:13:43.915300+00:00,watershed,62990661-R-200X_r01536_c02304.npy,62990661-R-200X.JPG,200,ok,0.16529170200010412,
2026-08-29T16:13:44.079385+00:00,watershed,62990661-R-200X_r01536_c02560.npy,62990661-R-200X.JPG,200,ok,0.15435410299960495,
2026-08-29T16:13:44.255663+00:00,watershed,62990661-R-200X_r01536_c02816.npy,62990661-R-200X.JPG,200,ok,0.16681480299939722,
2026-08-29T16:13:44.469682+00:00,watershed,62990661-R-200X_r01536_c02944.npy,62990661-R-200X.JPG,200,ok,0.20289430299999367,
2026-08-29T16:13:44.644439+00:00,watershed,62990661-R-200X_r01792_c00000.npy,62990661-R-200X.JPG,200,ok,0.16533310299928416,
2026-08-29T16:13:44.817876+00:00,watershed,62990661-R-200X_r01792_c00256.npy,62990661-R-200X.JPG,200,ok,0.16344380299960903,
2026-08-29T16:13:44.993526+00:00,watershed,62990661-R-200X_r01792_c00512.npy,62990661-R-200X.JPG,200,ok,0.16632060300071316,
2026-08-29T16:13:45.191959+00:00,watershed,62990661-R-200X_r01792_c00768.npy,62990661-R-200X.JPG,200,ok,0.18856850300016958,
2026-08-29T16:13:45.363873+00:00,watershed,62990661-R-200X_r01792_c01024.npy,62990661-R-200X.JPG,200,ok,0.16291160299988405,
2026-08-29T16:13:45.537896+00:00,watershed,62990661-R-200X_r01792_c01280.npy,62990661-R-200X.JPG,200,ok,0.16529490300035832,
2026-08-29T16:13:45.722670+00:00,watershed,62990661-R-200X_r01792_c01536.npy,62990661-R-200X.JPG,200,ok,0.17547000300055515,
2026-08-29T16:13:45.885376+00:00,watershed,62990661-R-200X_r01792_c01792.npy,62990661-R-200X.JPG,200,ok,0.15337100200031273,
2026-08-29T16:13:46.054975+00:00,watershed,62990661-R-200X_r01792_c02048.npy,62990661-R-200X.JPG,200,ok,0.15968930200051545,
2026-08-29T16:13:46.226867+00:00,watershed,62990661-R-200X_r01792_c02304.npy,62990661-R-200X.JPG,200,ok,0.1626162029997431,
2026-08-29T16:13:46.390336+00:00,watershed,62990661-R-200X_r01792_c02560.npy,62990661-R-200X.JPG,200,ok,0.1543741030000092,
2026-08-29T16:13:46.551896+00:00,watershed,62990661-R-200X_r01792_c02816.npy,62990661-R-200X.JPG,200,ok,0.15180350199989334,
2026-08-29T16:13:46.731717+00:00,watershed,62990661-R-200X_r01792_c02944.npy,62990661-R-200X.JPG,200,ok,0.1712689030000547,
2026-08-29T16:13:50.697642+00:00,pidinet,62990661-C-100X_r00000_c00000.npy,62990661-C-100X.JPG,100,ok,0.10081960200022877,
2026-08-29T16:13:50.781189+00:00,pidinet,62990661-C-100X_r00000_c00256.npy,62990661-C-100X.JPG,100,ok,0.07440330100052961,
2026-08-29T16:13:50.865232+00:00,pidinet,62990661-C-100X_r00000_c00512.npy,62990661-C-100X.JPG,100,ok,0.07391910099977395,
2026-08-29T16:13:50.950850+00:00,pidinet,62990661-C-100X_r00000_c00768.npy,62990661-C-100X.JPG,100,ok,0.07567420099985611,
2026-08-29T16:13:51.040229+00:00,pidinet,62990661-C-100X_r00000_c01024.npy,62990661-C-100X.JPG,100,ok,0.07832410099945264,
2026-08-29T16:13:51.117659+00:00,pidinet,62990661-C-100X_r00000_c01280.npy,62990661-C-100X.JPG,100,ok,0.0689044009995996,
2026-08-29T16:13:51.201064+00:00,pidinet,62990661-C-100X_r00000_c01536.npy,62990661-C-100X.JPG,100,ok,0.07420399999955407,
2026-08-29T16:13:51.286364+00:00,pidinet,62990661-C-100X_r00000_c01792.npy,62990661-C-100X.JPG,100,ok,0.07602050100013003,
2026-08-29T16:13:51.395490+00:00,pidinet,62990661-C-100X_r00000_c02048.npy,62990661-C-100X.JPG,100,ok,0.09891500000048836,
2026-08-29T16:13:51.476147+00:00,pidinet,62990661-C-100X_r00000_c02304.npy,62990661-C-100X.JPG,100,ok,0.07128360000024259,
2026-08-29T16:13:51.567165+00:00,pidinet,62990661-C-100X_r00000_c02560.npy,62990661-C-100X.JPG,100,ok,0.07994750100078818,
2026-08-29T16:13:51.648209+00:00,pidinet,62990661-C-100X_r00000_c02816.npy,62990661-C-100X.JPG,100,ok,0.0720830999998725,
2026-08-29T16:13:51.727365+00:00,pidinet,62990661-C-100X_r00000_c02944.npy,62990661-C-100X.JPG,100,ok,0.0697104010005205,
2026-08-29T16:13:51.808566+00:00,pidinet,62990661-C-100X_r00256_c00000.npy,62990661-C-100X.JPG,100,ok,0.07246639999993931,
2026-08-29T16:13:51.888503+00:00,pidinet,62990661-C-100X_r00256_c00256.npy,62990661-C-100X.JPG,100,ok,0.07135700100025133,
2026-08-29T16:13:51.970456+00:00,pidinet,62990661-C-100X_r00256_c00512.npy,62990661-C-100X.JPG,100,ok,0.07218289999946137,
2026-08-29T16:13:52.051104+00:00,pidinet,62990661-C-100X_r00256_c00768.npy,62990661-C-100X.JPG,100,ok,0.07140340100067988,
2026-08-29T16:13:52.131546+00:00,pidinet,62990661-C-100X_r00256_c01024.npy,62990661-C-100X.JPG,100,ok,0.07112789999973756,
2026-08-29T16:13:52.209938+00:00,pidinet,62990661-C-100X_r00256_c01280.npy,62990661-C-100X.JPG,100,ok,0.06896360099926824,
2026-08-29T16:13:52.294002+00:00,pidinet,62990661-C-100X_r00256_c01536.npy,62990661-C-100X.JPG,100,ok,0.07477550099974906,
2026-08-29T16:13:52.376312+00:00,pidinet,62990661-C-100X_r00256_c01792.npy,62990661-C-100X.JPG,100,ok,0.07310510000024806,
2026-08-29T16:13:52.457949+00:00,pidinet,62990661-C-100X_r00256_c02048.npy,62990661-C-100X.JPG,100,ok,0.07257170100001531,
2026-08-29T16:13:52.538286+00:00,pidinet,62990661-C-100X_r00256_c02304.npy,62990661-C-100X.JPG,100,ok,0.07131440000011935,
2026-08-29T16:13:52.619449+00:00,pidinet,62990661-C-100X_r00256_c02560.npy,62990661-C-100X.JPG,100,ok,0.07262880100006441,
2026-08-29T16:13:52.708211+00:00,pidinet,62990661-C-100X_r00256_c02816.npy,62990661-C-100X.JPG,100,ok,0.07890779999979713,
2026-08-29T16:13:52.808495+00:00,pidinet,62990661-C-100X_r00256_c02944.npy,62990661-C-100X.JPG,100,ok,0.09190080099961051,
2026-08-29T16:13:52.884575+00:00,pidinet,62990661-C-100X_r00512_c00000.npy,62990661-C-100X.JPG,100,ok,0.06786410000040632,
2026-08-29T16:13:52.965831+00:00,pidinet,62990661-C-100X_r00512_c00256.npy,62990661-C-100X.JPG,100,ok,0.070731099999648,
2026-08-29T16:13:53.044979+00:00,pidinet,62990661-C-100X_r00512_c00512.npy,62990661-C-100X.JPG,100,ok,0.06963300100051129,
2026-08-29T16:13:53.124603+00:00,pidinet,62990661-C-100X_r00512_c00768.npy,62990661-C-100X.JPG,100,ok,0.07012889999987237,
2026-08-29T16:13:53.203371+00:00,pidinet,62990661-C-100X_r00512_c01024.npy,62990661-C-100X.JPG,100,ok,0.06972670099912648,
2026-08-29T16:13:53.282072+00:00,pidinet,62990661-C-100X_r00512_c01280.npy,62990661-C-100X.JPG,100,ok,0.06907549999959883,
2026-08-29T16:13:53.360793+00:00,pidinet,62990661-C-100X_r00512_c01536.npy,62990661-C-100X.JPG,100,ok,0.06958810099968105,
2026-08-29T16:13:53.448753+00:00,pidinet,62990661-C-100X_r00512_c01792.npy,62990661-C-100X.JPG,100,ok,0.07947890000014013,
2026-08-29T16:13:53.539472+00:00,pidinet,62990661-C-100X_r00512_c02048.npy,62990661-C-100X.JPG,100,ok,0.08091090099969733,
2026-08-29T16:13:53.635490+00:00,pidinet,62990661-C-100X_r00512_c02304.npy,62990661-C-100X.JPG,100,ok,0.08681149999938498,
2026-08-29T16:13:53.722070+00:00,pidinet,62990661-C-100X_r00512_c02560.npy,62990661-C-100X.JPG,100,ok,0.0765521000002991,
2026-08-29T16:13:53.800844+00:00,pidinet,62990661-C-100X_r00512_c02816.npy,62990661-C-100X.JPG,100,ok,0.06917860099929385,
2026-08-29T16:13:53.876795+00:00,pidinet,62990661-C-100X_r00512_c02944.npy,62990661-C-100X.JPG,100,ok,0.06680299999970885,
2026-08-29T16:13:53.954704+00:00,pidinet,62990661-C-100X_r00768_c00000.npy,62990661-C-100X.JPG,100,ok,0.06867550099923392,
2026-08-29T16:13:54.036537+00:00,pidinet,62990661-C-100X_r00768_c00256.npy,62990661-C-100X.JPG,100,ok,0.07246940000004543,
2026-08-29T16:13:54.157017+00:00,pidinet,62990661-C-100X_r00768_c00512.npy,62990661-C-100X.JPG,100,ok,0.11139170099977491,
2026-08-29T16:13:54.235811+00:00,pidinet,62990661-C-100X_r00768_c00768.npy,62990661-C-100X.JPG,100,ok,0.07020550099969114,
2026-08-29T16:13:54.316358+00:00,pidinet,62990661-C-100X_r00768_c01024.npy,62990661-C-100X.JPG,100,ok,0.07160509999994247,
2026-08-29T16:13:54.395839+00:00,pidinet,62990661-C-100X_r00768_c01280.npy,62990661-C-100X.JPG,100,ok,0.07014210099987395,
2026-08-29T16:13:54.483287+00:00,pidinet,62990661-C-100X_r00768_c01536.npy,62990661-C-100X.JPG,100,ok,0.078036300000349,
2026-08-29T16:13:54.561262+00:00,pidinet,62990661-C-100X_r00768_c01792.npy,62990661-C-100X.JPG,100,ok,0.0679212009999901,
2026-08-29T16:13:55.114640+00:00,pidinet,62990661-C-100X_r00768_c02048.npy,62990661-C-100X.JPG,100,ok,0.5445507029999135,
2026-08-29T16:13:55.197061+00:00,pidinet,62990661-C-100X_r00768_c02304.npy,62990661-C-100X.JPG,100,ok,0.0725315009995029,
2026-08-29T16:13:55.278178+00:00,pidinet,62990661-C-100X_r00768_c02560.npy,62990661-C-100X.JPG,100,ok,0.07194130000061705,
2026-08-29T16:13:55.350643+00:00,pidinet,62990661-C-100X_r00768_c02816.npy,62990661-C-100X.JPG,100,ok,0.0638823000008415,
2026-08-29T16:13:55.434832+00:00,pidinet,62990661-C-100X_r00768_c02944.npy,62990661-C-100X.JPG,100,ok,0.07469430099990859,
2026-08-29T16:13:55.517565+00:00,pidinet,62990661-C-100X_r01024_c00000.npy,62990661-C-100X.JPG,100,ok,0.07355050000023766,
2026-08-29T16:13:55.595302+00:00,pidinet,62990661-C-100X_r01024_c00256.npy,62990661-C-100X.JPG,100,ok,0.06838250100008736,
2026-08-29T16:13:55.675991+00:00,pidinet,62990661-C-100X_r01024_c00512.npy,62990661-C-100X.JPG,100,ok,0.0715026999996553,
2026-08-29T16:13:55.763737+00:00,pidinet,62990661-C-100X_r01024_c00768.npy,62990661-C-100X.JPG,100,ok,0.07812030100012635,
2026-08-29T16:13:55.841448+00:00,pidinet,62990661-C-100X_r01024_c01024.npy,62990661-C-100X.JPG,100,ok,0.06893659999968804,
2026-08-29T16:13:55.923734+00:00,pidinet,62990661-C-100X_r01024_c01280.npy,62990661-C-100X.JPG,100,ok,0.07391900099992199,
2026-08-29T16:13:55.998801+00:00,pidinet,62990661-C-100X_r01024_c01536.npy,62990661-C-100X.JPG,100,ok,0.06682350000028237,
2026-08-29T16:13:56.076900+00:00,pidinet,62990661-C-100X_r01024_c01792.npy,62990661-C-100X.JPG,100,ok,0.06739580099929299,
2026-08-29T16:13:56.158191+00:00,pidinet,62990661-C-100X_r01024_c02048.npy,62990661-C-100X.JPG,100,ok,0.07249969999975292,
2026-08-29T16:13:56.250550+00:00,pidinet,62990661-C-100X_r01024_c02304.npy,62990661-C-100X.JPG,100,ok,0.08315110099920275,
2026-08-29T16:13:56.328996+00:00,pidinet,62990661-C-100X_r01024_c02560.npy,62990661-C-100X.JPG,100,ok,0.06948320099945704,
2026-08-29T16:13:56.409686+00:00,pidinet,62990661-C-100X_r01024_c02816.npy,62990661-C-100X.JPG,100,ok,0.07167929999923217,
2026-08-29T16:13:56.491327+00:00,pidinet,62990661-C-100X_r01024_c02944.npy,62990661-C-100X.JPG,100,ok,0.07261280099919531,
2026-08-29T16:13:56.584036+00:00,pidinet,62990661-C-100X_r01280_c00000.npy,62990661-C-100X.JPG,100,ok,0.08377789999940433,
2026-08-29T16:13:56.659571+00:00,pidinet,62990661-C-100X_r01280_c00256.npy,62990661-C-100X.JPG,100,ok,0.06692740100061201,
2026-08-29T16:13:56.738075+00:00,pidinet,62990661-C-100X_r01280_c00512.npy,62990661-C-100X.JPG,100,ok,0.06970540000020264,
2026-08-29T16:13:56.815772+00:00,pidinet,62990661-C-100X_r01280_c00768.npy,62990661-C-100X.JPG,100,ok,0.06909620099941094,
2026-08-29T16:13:57.346406+00:00,pidinet,62990661-C-100X_r01280_c01024.npy,62990661-C-100X.JPG,100,ok,0.09384450000015931,
2026-08-29T16:13:57.441236+00:00,pidinet,62990661-C-100X_r01280_c01280.npy,62990661-C-100X.JPG,100,ok,0.07637210099983349,
2026-08-29T16:13:57.526382+00:00,pidinet,62990661-C-100X_r01280_c01536.npy,62990661-C-100X.JPG,100,ok,0.07312210100008087,
2026-08-29T16:13:57.608101+00:00,pidinet,62990661-C-100X_r01280_c01792.npy,62990661-C-100X.JPG,100,ok,0.07019059999947785,
2026-08-29T16:13:57.692653+00:00,pidinet,62990661-C-100X_r01280_c02048.npy,62990661-C-100X.JPG,100,ok,0.0759959009992599,
2026-08-29T16:13:57.772465+00:00,pidinet,62990661-C-100X_r01280_c02304.npy,62990661-C-100X.JPG,100,ok,0.0707884000003105,
2026-08-29T16:13:57.861483+00:00,pidinet,62990661-C-100X_r01280_c02560.npy,62990661-C-100X.JPG,100,ok,0.07735120100005588,
2026-08-29T16:13:57.943702+00:00,pidinet,62990661-C-100X_r01280_c02816.npy,62990661-C-100X.JPG,100,ok,0.0730094000000463,
2026-08-29T16:13:58.022199+00:00,pidinet,62990661-C-100X_r01280_c02944.npy,62990661-C-100X.JPG,100,ok,0.0701461010003186,
2026-08-29T16:13:58.101723+00:00,pidinet,62990661-C-100X_r01536_c00000.npy,62990661-C-100X.JPG,100,ok,0.07048060000033729,
2026-08-29T16:13:58.215881+00:00,pidinet,62990661-C-100X_r01536_c00256.npy,62990661-C-100X.JPG,100,ok,0.10544580099940504,
2026-08-29T16:13:58.294688+00:00,pidinet,62990661-C-100X_r01536_c00512.npy,62990661-C-100X.JPG,100,ok,0.06846910100011883,
2026-08-29T16:13:58.375081+00:00,pidinet,62990661-C-100X_r01536_c00768.npy,62990661-C-100X.JPG,100,ok,0.07150880000062898,
2026-08-29T16:13:58.458209+00:00,pidinet,62990661-C-100X_r01536_c01024.npy,62990661-C-100X.JPG,100,ok,0.07382390100065095,
2026-08-29T16:13:58.536880+00:00,pidinet,62990661-C-100X_r01536_c01280.npy,62990661-C-100X.JPG,100,ok,0.06966820000070584,
2026-08-29T16:13:58.616415+00:00,pidinet,62990661-C-100X_r01536_c01536.npy,62990661-C-100X.JPG,100,ok,0.07117900100001862,
2026-08-29T16:13:58.698344+00:00,pidinet,62990661-C-100X_r01536_c01792.npy,62990661-C-100X.JPG,100,ok,0.07227489999968384,
2026-08-29T16:13:58.781313+00:00,pidinet,62990661-C-100X_r01536_c02048.npy,62990661-C-100X.JPG,100,ok,0.07375360100013495,
2026-08-29T16:13:58.862036+00:00,pidinet,62990661-C-100X_r01536_c02304.npy,62990661-C-100X.JPG,100,ok,0.07110380100039038,
2026-08-29T16:13:58.959551+00:00,pidinet,62990661-C-100X_r01536_c02560.npy,62990661-C-100X.JPG,100,ok,0.08807009999964066,
2026-08-29T16:13:59.040094+00:00,pidinet,62990661-C-100X_r01536_c02816.npy,62990661-C-100X.JPG,100,ok,0.07174300299993774,
2026-08-29T16:13:59.116922+00:00,pidinet,62990661-C-100X_r01536_c02944.npy,62990661-C-100X.JPG,100,ok,0.06756480399963039,
2026-08-29T16:13:59.197628+00:00,pidinet,62990661-C-100X_r01792_c00000.npy,62990661-C-100X.JPG,100,ok,0.07043190500007768,
2026-08-29T16:13:59.280824+00:00,pidinet,62990661-C-100X_r01792_c00256.npy,62990661-C-100X.JPG,100,ok,0.07222470500073541,
2026-08-29T16:13:59.359995+00:00,pidinet,62990661-C-100X_r01792_c00512.npy,62990661-C-100X.JPG,100,ok,0.06975230500029284,
2026-08-29T16:13:59.443197+00:00,pidinet,62990661-C-100X_r01792_c00768.npy,62990661-C-100X.JPG,100,ok,0.07450880499982304,
2026-08-29T16:13:59.551928+00:00,pidinet,62990661-C-100X_r01792_c01024.npy,62990661-C-100X.JPG,100,ok,0.09954810700037342,
2026-08-29T16:13:59.632427+00:00,pidinet,62990661-C-100X_r01792_c01280.npy,62990661-C-100X.JPG,100,ok,0.07183290500051953,
2026-08-29T16:13:59.714084+00:00,pidinet,62990661-C-100X_r01792_c01536.npy,62990661-C-100X.JPG,100,ok,0.07153340500008198,
2026-08-29T16:13:59.792803+00:00,pidinet,62990661-C-100X_r01792_c01792.npy,62990661-C-100X.JPG,100,ok,0.06891830499989737,
2026-08-29T16:13:59.885475+00:00,pidinet,62990661-C-100X_r01792_c02048.npy,62990661-C-100X.JPG,100,ok,0.08314670499930799,
2026-08-29T16:13:59.976024+00:00,pidinet,62990661-C-100X_r01792_c02304.npy,62990661-C-100X.JPG,100,ok,0.08003070499944442,
2026-08-29T16:14:00.074311+00:00,pidinet,62990661-C-100X_r01792_c02560.npy,62990661-C-100X.JPG,100,ok,0.08876790599970263,
2026-08-29T16:14:00.160519+00:00,pidinet,62990661-C-100X_r01792_c02816.npy,62990661-C-100X.JPG,100,ok,0.07633230499959609,
2026-08-29T16:14:00.246428+00:00,pidinet,62990661-C-100X_r01792_c02944.npy,62990661-C-100X.JPG,100,ok,0.07631200500054547,
2026-08-29T16:14:00.615950+00:00,pidinet,62990661-C-200X_r00000_c00000.npy,62990661-C-200X.JPG,200,ok,0.3331480229999215,
2026-08-29T16:14:00.701476+00:00,pidinet,62990661-C-200X_r00000_c00256.npy,62990661-C-200X.JPG,200,ok,0.07333980400017026,
2026-08-29T16:14:00.783330+00:00,pidinet,62990661-C-200X_r00000_c00512.npy,62990661-C-200X.JPG,200,ok,0.07248950499979401,
2026-08-29T16:14:00.881805+00:00,pidinet,62990661-C-200X_r00000_c00768.npy,62990661-C-200X.JPG,200,ok,0.08669350600030157,
2026-08-29T16:14:00.982989+00:00,pidinet,62990661-C-200X_r00000_c01024.npy,62990661-C-200X.JPG,200,ok,0.09077910700034408,
2026-08-29T16:14:01.068592+00:00,pidinet,62990661-C-200X_r00000_c01280.npy,62990661-C-200X.JPG,200,ok,0.07626040500053932,
2026-08-29T16:14:01.151182+00:00,pidinet,62990661-C-200X_r00000_c01536.npy,62990661-C-200X.JPG,200,ok,0.07211270500010869,
2026-08-29T16:14:01.234352+00:00,pidinet,62990661-C-200X_r00000_c01792.npy,62990661-C-200X.JPG,200,ok,0.07422600500012777,
2026-08-29T16:14:01.319490+00:00,pidinet,62990661-C-200X_r00000_c02048.npy,62990661-C-200X.JPG,200,ok,0.07530330500048876,
2026-08-29T16:14:01.401163+00:00,pidinet,62990661-C-200X_r00000_c02304.npy,62990661-C-200X.JPG,200,ok,0.07264900500013027,
2026-08-29T16:14:01.483125+00:00,pidinet,62990661-C-200X_r00000_c02560.npy,62990661-C-200X.JPG,200,ok,0.07179140399966855,
2026-08-29T16:14:01.580750+00:00,pidinet,62990661-C-200X_r00000_c02816.npy,62990661-C-200X.JPG,200,ok,0.08700240599955578,
2026-08-29T16:14:01.663058+00:00,pidinet,62990661-C-200X_r00000_c02944.npy,62990661-C-200X.JPG,200,ok,0.07300850500087108,
2026-08-29T16:14:01.744215+00:00,pidinet,62990661-C-200X_r00256_c00000.npy,62990661-C-200X.JPG,200,ok,0.0713588050002727,
2026-08-29T16:14:01.824147+00:00,pidinet,62990661-C-200X_r00256_c00256.npy,62990661-C-200X.JPG,200,ok,0.0708557039997686,
2026-08-29T16:14:01.903323+00:00,pidinet,62990661-C-200X_r00256_c00512.npy,62990661-C-200X.JPG,200,ok,0.07028340499982733,
2026-08-29T16:14:01.987513+00:00,pidinet,62990661-C-200X_r00256_c00768.npy,62990661-C-200X.JPG,200,ok,0.07530100500025583,
2026-08-29T16:14:02.073136+00:00,pidinet,62990661-C-200X_r00256_c01024.npy,62990661-C-200X.JPG,200,ok,0.07459310500053107,
2026-08-29T16:14:02.157258+00:00,pidinet,62990661-C-200X_r00256_c01280.npy,62990661-C-200X.JPG,200,ok,0.07478050500048994,
2026-08-29T16:14:02.238631+00:00,pidinet,62990661-C-200X_r00256_c01536.npy,62990661-C-200X.JPG,200,ok,0.0726862040000924,
2026-08-29T16:14:02.324727+00:00,pidinet,62990661-C-200X_r00256_c01792.npy,62990661-C-200X.JPG,200,ok,0.07671100499919703,
2026-08-29T16:14:02.405323+00:00,pidinet,62990661-C-200X_r00256_c02048.npy,62990661-C-200X.JPG,200,ok,0.07139640500008682,
2026-08-29T16:14:02.492721+00:00,pidinet,62990661-C-200X_r00256_c02304.npy,62990661-C-200X.JPG,200,ok,0.07859030600047845,
2026-08-29T16:14:02.574051+00:00,pidinet,62990661-C-200X_r00256_c02560.npy,62990661-C-200X.JPG,200,ok,0.07230540500040661,
2026-08-29T16:14:02.652760+00:00,pidinet,62990661-C-200X_r00256_c02816.npy,62990661-C-200X.JPG,200,ok,0.07017860499945527,
2026-08-29T16:14:02.728603+00:00,pidinet,62990661-C-200X_r00256_c02944.npy,62990661-C-200X.JPG,200,ok,0.06626540500019473,
2026-08-29T16:14:02.808554+00:00,pidinet,62990661-C-200X_r00512_c00000.npy,62990661-C-200X.JPG,200,ok,0.0706220049996773,
2026-08-29T16:14:02.885833+00:00,pidinet,62990661-C-200X_r00512_c00256.npy,62990661-C-200X.JPG,200,ok,0.06825480400038941,
2026-08-29T16:14:02.968751+00:00,pidinet,62990661-C-200X_r00512_c00512.npy,62990661-C-200X.JPG,200,ok,0.07260170499921514,
2026-08-29T16:14:03.051359+00:00,pidinet,62990661-C-200X_r00512_c00768.npy,62990661-C-200X.JPG,200,ok,0.0737284050001108,
2026-08-29T16:14:03.129233+00:00,pidinet,62990661-C-200X_r00512_c01024.npy,62990661-C-200X.JPG,200,ok,0.06918030499946326,
2026-08-29T16:14:03.227952+00:00,pidinet,62990661-C-200X_r00512_c01280.npy,62990661-C-200X.JPG,200,ok,0.08943220600031054,
2026-08-29T16:14:03.307296+00:00,pidinet,62990661-C-200X_r00512_c01536.npy,62990661-C-200X.JPG,200,ok,0.06913010500011296,
2026-08-29T16:14:03.384169+00:00,pidinet,62990661-C-200X_r00512_c01792.npy,62990661-C-200X.JPG,200,ok,0.06774050500007434,
2026-08-29T16:14:03.466766+00:00,pidinet,62990661-C-200X_r00512_c02048.npy,62990661-C-200X.JPG,200,ok,0.07357880499966996,
2026-08-29T16:14:03.549832+00:00,pidinet,62990661-C-200X_r00512_c02304.npy,62990661-C-200X.JPG,200,ok,0.07407380499989813,
2026-08-29T16:14:03.628312+00:00,pidinet,62990661-C-200X_r00512_c02560.npy,62990661-C-200X.JPG,200,ok,0.06969500499963033,
2026-08-29T16:14:03.732558+00:00,pidinet,62990661-C-200X_r00512_c02816.npy,62990661-C-200X.JPG,200,ok,0.09399900700009312,
2026-08-29T16:14:03.829529+00:00,pidinet,62990661-C-200X_r00512_c02944.npy,62990661-C-200X.JPG,200,ok,0.0703888050002206,
2026-08-29T16:14:03.913997+00:00,pidinet,62990661-C-200X_r00768_c00000.npy,62990661-C-200X.JPG,200,ok,0.0714092050002364,
2026-08-29T16:14:03.993001+00:00,pidinet,62990661-C-200X_r00768_c00256.npy,62990661-C-200X.JPG,200,ok,0.06842370399954234,
2026-08-29T16:14:04.078865+00:00,pidinet,62990661-C-200X_r00768_c00512.npy,62990661-C-200X.JPG,200,ok,0.07507010499921307,
2026-08-29T16:14:04.173718+00:00,pidinet,62990661-C-200X_r00768_c00768.npy,62990661-C-200X.JPG,200,ok,0.08316420499977539,
2026-08-29T16:14:04.256533+00:00,pidinet,62990661-C-200X_r00768_c01024.npy,62990661-C-200X.JPG,200,ok,0.07321970500015595,
2026-08-29T16:14:04.337044+00:00,pidinet,62990661-C-200X_r00768_c01280.npy,62990661-C-200X.JPG,200,ok,0.07081780399948912,
2026-08-29T16:14:04.418420+00:00,pidinet,62990661-C-200X_r00768_c01536.npy,62990661-C-200X.JPG,200,ok,0.07236330500018084,
2026-08-29T16:14:04.511952+00:00,pidinet,62990661-C-200X_r00768_c01792.npy,62990661-C-200X.JPG,200,ok,0.08436010500008706,
2026-08-29T16:14:04.611746+00:00,pidinet,62990661-C-200X_r00768_c02048.npy,62990661-C-200X.JPG,200,ok,0.09062420600002952,
2026-08-29T16:14:04.689913+00:00,pidinet,62990661-C-200X_r00768_c02304.npy,62990661-C-200X.JPG,200,ok,0.06833820399970136,
2026-08-29T16:14:04.767062+00:00,pidinet,62990661-C-200X_r00768_c02560.npy,62990661-C-200X.JPG,200,ok,0.06853170500016859,
2026-08-29T16:14:04.852365+00:00,pidinet,62990661-C-200X_r00768_c02816.npy,62990661-C-200X.JPG,200,ok,0.07684790499934024,
2026-08-29T16:14:04.933345+00:00,pidinet,62990661-C-200X_r00768_c02944.npy,62990661-C-200X.JPG,200,ok,0.07243280500006222,
2026-08-29T16:14:05.031328+00:00,pidinet,62990661-C-200X_r01024_c00000.npy,62990661-C-200X.JPG,200,ok,0.08916750599928491,
2026-08-29T16:14:05.111162+00:00,pidinet,62990661-C-200X_r01024_c00256.npy,62990661-C-200X.JPG,200,ok,0.07050060499932442,
2026-08-29T16:14:05.189786+00:00,pidinet,62990661-C-200X_r01024_c00512.npy,62990661-C-200X.JPG,200,ok,0.06894980500055681,
2026-08-29T16:14:05.265648+00:00,pidinet,62990661-C-200X_r01024_c00768.npy,62990661-C-200X.JPG,200,ok,0.06676130399955582,
2026-08-29T16:14:05.342483+00:00,pidinet,62990661-C-200X_r01024_c01024.npy,62990661-C-200X.JPG,200,ok,0.06783640400044533,
2026-08-29T16:14:05.425281+00:00,pidinet,62990661-C-200X_r01024_c01280.npy,62990661-C-200X.JPG,200,ok,0.07351290499991592,
2026-08-29T16:14:05.507619+00:00,pidinet,62990661-C-200X_r01024_c01536.npy,62990661-C-200X.JPG,200,ok,0.07295490500018786,
2026-08-29T16:14:05.588126+00:00,pidinet,62990661-C-200X_r01024_c01792.npy,62990661-C-200X.JPG,200,ok,0.0715219049998268,
2026-08-29T16:14:05.670102+00:00,pidinet,62990661-C-200X_r01024_c02048.npy,62990661-C-200X.JPG,200,ok,0.07304270500026178,
2026-08-29T16:14:05.747818+00:00,pidinet,62990661-C-200X_r01024_c02304.npy,62990661-C-200X.JPG,200,ok,0.06877190500017605,
2026-08-29T16:14:05.828372+00:00,pidinet,62990661-C-200X_r01024_c02560.npy,62990661-C-200X.JPG,200,ok,0.07161920399994415,
2026-08-29T16:14:06.365015+00:00,pidinet,62990661-C-200X_r01024_c02816.npy,62990661-C-200X.JPG,200,ok,0.5274279359991851,
2026-08-29T16:14:06.476085+00:00,pidinet,62990661-C-200X_r01024_c02944.npy,62990661-C-200X.JPG,200,ok,0.08949880599993776,
2026-08-29T16:14:06.561180+00:00,pidinet,62990661-C-200X_r01280_c00000.npy,62990661-C-200X.JPG,200,ok,0.07377850499960914,
2026-08-29T16:14:06.648591+00:00,pidinet,62990661-C-200X_r01280_c00256.npy,62990661-C-200X.JPG,200,ok,0.07769030500003282,
2026-08-29T16:14:06.727217+00:00,pidinet,62990661-C-200X_r01280_c00512.npy,62990661-C-200X.JPG,200,ok,0.06988410499980091,
2026-08-29T16:14:06.809500+00:00,pidinet,62990661-C-200X_r01280_c00768.npy,62990661-C-200X.JPG,200,ok,0.07171040499997616,
2026-08-29T16:14:06.893468+00:00,pidinet,62990661-C-200X_r01280_c01024.npy,62990661-C-200X.JPG,200,ok,0.07269960400026321,
2026-08-29T16:14:06.980426+00:00,pidinet,62990661-C-200X_r01280_c01280.npy,62990661-C-200X.JPG,200,ok,0.07517520500005048,
2026-08-29T16:14:07.061957+00:00,pidinet,62990661-C-200X_r01280_c01536.npy,62990661-C-200X.JPG,200,ok,0.07245200199940882,
2026-08-29T16:14:07.154146+00:00,pidinet,62990661-C-200X_r01280_c01792.npy,62990661-C-200X.JPG,200,ok,0.08053139999992709,
2026-08-29T16:14:07.241755+00:00,pidinet,62990661-C-200X_r01280_c02048.npy,62990661-C-200X.JPG,200,ok,0.07785580099971412,
2026-08-29T16:14:07.328500+00:00,pidinet,62990661-C-200X_r01280_c02304.npy,62990661-C-200X.JPG,200,ok,0.0762352000001556,
2026-08-29T16:14:07.418747+00:00,pidinet,62990661-C-200X_r01280_c02560.npy,62990661-C-200X.JPG,200,ok,0.0803070010006195,
2026-08-29T16:14:07.503244+00:00,pidinet,62990661-C-200X_r01280_c02816.npy,62990661-C-200X.JPG,200,ok,0.07480860000032408,
2026-08-29T16:14:07.593106+00:00,pidinet,62990661-C-200X_r01280_c02944.npy,62990661-C-200X.JPG,200,ok,0.08001770100054273,
2026-08-29T16:14:07.676414+00:00,pidinet,62990661-C-200X_r01536_c00000.npy,62990661-C-200X.JPG,200,ok,0.0741465999999491,
2026-08-29T16:14:07.786743+00:00,pidinet,62990661-C-200X_r01536_c00256.npy,62990661-C-200X.JPG,200,ok,0.1008875010002157,
2026-08-29T16:14:07.865393+00:00,pidinet,62990661-C-200X_r01536_c00512.npy,62990661-C-200X.JPG,200,ok,0.06931889999941632,
2026-08-29T16:14:07.976754+00:00,pidinet,62990661-C-200X_r01536_c00768.npy,62990661-C-200X.JPG,200,ok,0.10154930099997728,
2026-08-29T16:14:08.140565+00:00,pidinet,62990661-C-200X_r01536_c01024.npy,62990661-C-200X.JPG,200,ok,0.15220020099968679,
2026-08-29T16:14:08.256247+00:00,pidinet,62990661-C-200X_r01536_c01280.npy,62990661-C-200X.JPG,200,ok,0.09924340099951223,
2026-08-29T16:14:08.358313+00:00,pidinet,62990661-C-200X_r01536_c01536.npy,62990661-C-200X.JPG,200,ok,0.0896922000001723,
2026-08-29T16:14:08.467787+00:00,pidinet,62990661-C-200X_r01536_c01792.npy,62990661-C-200X.JPG,200,ok,0.0917680009997639,
2026-08-29T16:14:08.597306+00:00,pidinet,62990661-C-200X_r01536_c02048.npy,62990661-C-200X.JPG,200,ok,0.11586280099982105,
2026-08-29T16:14:08.697569+00:00,pidinet,62990661-C-200X_r01536_c02304.npy,62990661-C-200X.JPG,200,ok,0.08835220000037225,
2026-08-29T16:14:08.817501+00:00,pidinet,62990661-C-200X_r01536_c02560.npy,62990661-C-200X.JPG,200,ok,0.10605340100028116,
2026-08-29T16:14:08.974848+00:00,pidinet,62990661-C-200X_r01536_c02816.npy,62990661-C-200X.JPG,200,ok,0.14157690100000764,
2026-08-29T16:14:09.086767+00:00,pidinet,62990661-C-200X_r01536_c02944.npy,62990661-C-200X.JPG,200,ok,0.09710330000052636,
2026-08-29T16:14:09.208590+00:00,pidinet,62990661-C-200X_r01792_c00000.npy,62990661-C-200X.JPG,200,ok,0.10945499999979802,
2026-08-29T16:14:09.326699+00:00,pidinet,62990661-C-200X_r01792_c00256.npy,62990661-C-200X.JPG,200,ok,0.10400830099933955,
2026-08-29T16:14:09.444995+00:00,pidinet,62990661-C-200X_r01792_c00512.npy,62990661-C-200X.JPG,200,ok,0.10434510100003536,
2026-08-29T16:14:09.552182+00:00,pidinet,62990661-C-200X_r01792_c00768.npy,62990661-C-200X.JPG,200,ok,0.09418850000020029,
2026-08-29T16:14:09.657128+00:00,pidinet,62990661-C-200X_r01792_c01024.npy,62990661-C-200X.JPG,200,ok,0.09213830099997722,
2026-08-29T16:14:09.744863+00:00,pidinet,62990661-C-200X_r01792_c01280.npy,62990661-C-200X.JPG,200,ok,0.07646659999954863,
2026-08-29T16:14:09.829374+00:00,pidinet,62990661-C-200X_r01792_c01536.npy,62990661-C-200X.JPG,200,ok,0.07421020099991438,
2026-08-29T16:14:09.925358+00:00,pidinet,62990661-C-200X_r01792_c01792.npy,62990661-C-200X.JPG,200,ok,0.08679350000056729,
2026-08-29T16:14:10.011813+00:00,pidinet,62990661-C-200X_r01792_c02048.npy,62990661-C-200X.JPG,200,ok,0.07648850100031268,
2026-08-29T16:14:10.096040+00:00,pidinet,62990661-C-200X_r01792_c02304.npy,62990661-C-200X.JPG,200,ok,0.07442689999970753,
2026-08-29T16:14:10.179653+00:00,pidinet,62990661-C-200X_r01792_c02560.npy,62990661-C-200X.JPG,200,ok,0.07387640100023418,
2026-08-29T16:14:10.269723+00:00,pidinet,62990661-C-200X_r01792_c02816.npy,62990661-C-200X.JPG,200,ok,0.08050819999971282,
2026-08-29T16:14:10.351524+00:00,pidinet,62990661-C-200X_r01792_c02944.npy,62990661-C-200X.JPG,200,ok,0.07214450100036629,
2026-08-29T16:14:10.432334+00:00,pidinet,62990661-R-100X_r00000_c00000.npy,62990661-R-100X.JPG,100,ok,0.07205899999917165,
2026-08-29T16:14:10.529843+00:00,pidinet,62990661-R-100X_r00000_c00256.npy,62990661-R-100X.JPG,100,ok,0.0878770009994696,
2026-08-29T16:14:10.620933+00:00,pidinet,62990661-R-100X_r00000_c00512.npy,62990661-R-100X.JPG,100,ok,0.08114599999953498,
2026-08-29T16:14:10.712441+00:00,pidinet,62990661-R-100X_r00000_c00768.npy,62990661-R-100X.JPG,100,ok,0.07859170099982293,
2026-08-29T16:14:10.794828+00:00,pidinet,62990661-R-100X_r00000_c01024.npy,62990661-R-100X.JPG,100,ok,0.07271669999954611,
2026-08-29T16:14:10.881434+00:00,pidinet,62990661-R-100X_r00000_c01280.npy,62990661-R-100X.JPG,100,ok,0.07646820100035256,
2026-08-29T16:14:10.967886+00:00,pidinet,62990661-R-100X_r00000_c01536.npy,62990661-R-100X.JPG,100,ok,0.07524749999993219,
2026-08-29T16:14:11.054216+00:00,pidinet,62990661-R-100X_r00000_c01792.npy,62990661-R-100X.JPG,100,ok,0.07708460100002412,
2026-08-29T16:14:11.136344+00:00,pidinet,62990661-R-100X_r00000_c02048.npy,62990661-R-100X.JPG,100,ok,0.07156409999970492,
2026-08-29T16:14:11.226273+00:00,pidinet,62990661-R-100X_r00000_c02304.npy,62990661-R-100X.JPG,100,ok,0.08000520099994901,
2026-08-29T16:14:11.313342+00:00,pidinet,62990661-R-100X_r00000_c02560.npy,62990661-R-100X.JPG,100,ok,0.07479669999975158,
2026-08-29T16:14:11.417417+00:00,pidinet,62990661-R-100X_r00000_c02816.npy,62990661-R-100X.JPG,100,ok,0.0939845000002606,
2026-08-29T16:14:12.039654+00:00,pidinet,62990661-R-100X_r00000_c02944.npy,62990661-R-100X.JPG,100,ok,0.6092885039997782,
2026-08-29T16:14:12.166581+00:00,pidinet,62990661-R-100X_r00256_c00000.npy,62990661-R-100X.JPG,100,ok,0.11578970000027766,
2026-08-29T16:14:12.293363+00:00,pidinet,62990661-R-100X_r00256_c00256.npy,62990661-R-100X.JPG,100,ok,0.10688329999993584,
2026-08-29T16:14:12.406754+00:00,pidinet,62990661-R-100X_r00256_c00512.npy,62990661-R-100X.JPG,100,ok,0.10161560100004863,
2026-08-29T16:14:12.550416+00:00,pidinet,62990661-R-100X_r00256_c00768.npy,62990661-R-100X.JPG,100,ok,0.12600830100018356,
2026-08-29T16:14:12.687473+00:00,pidinet,62990661-R-100X_r00256_c01024.npy,62990661-R-100X.JPG,100,ok,0.11955649999981688,
2026-08-29T16:14:12.822215+00:00,pidinet,62990661-R-100X_r00256_c01280.npy,62990661-R-100X.JPG,100,ok,0.1190972000003967,
2026-08-29T16:14:12.922797+00:00,pidinet,62990661-R-100X_r00256_c01536.npy,62990661-R-100X.JPG,100,ok,0.08742730099947948,
2026-08-29T16:14:13.018030+00:00,pidinet,62990661-R-100X_r00256_c01792.npy,62990661-R-100X.JPG,100,ok,0.08254979999946954,
2026-08-29T16:14:13.121416+00:00,pidinet,62990661-R-100X_r00256_c02048.npy,62990661-R-100X.JPG,100,ok,0.09221560100013448,
2026-08-29T16:14:13.658863+00:00,pidinet,62990661-R-100X_r00256_c02304.npy,62990661-R-100X.JPG,100,ok,0.5218874030006191,
2026-08-29T16:14:13.751341+00:00,pidinet,62990661-R-100X_r00256_c02560.npy,62990661-R-100X.JPG,100,ok,0.08088270099960937,
2026-08-29T16:14:13.834100+00:00,pidinet,62990661-R-100X_r00256_c02816.npy,62990661-R-100X.JPG,100,ok,0.07281379999949422,
2026-08-29T16:14:13.918136+00:00,pidinet,62990661-R-100X_r00256_c02944.npy,62990661-R-100X.JPG,100,ok,0.07410420099949988,
2026-08-29T16:14:14.005918+00:00,pidinet,62990661-R-100X_r00512_c00000.npy,62990661-R-100X.JPG,100,ok,0.07595020000007935,
2026-08-29T16:14:14.095611+00:00,pidinet,62990661-R-100X_r00512_c00256.npy,62990661-R-100X.JPG,100,ok,0.07883300100002089,
2026-08-29T16:14:14.182897+00:00,pidinet,62990661-R-100X_r00512_c00512.npy,62990661-R-100X.JPG,100,ok,0.07742839999991702,
2026-08-29T16:14:14.407440+00:00,pidinet,62990661-R-100X_r00512_c00768.npy,62990661-R-100X.JPG,100,ok,0.2136300009997285,
2026-08-29T16:14:14.645556+00:00,pidinet,62990661-R-100X_r00512_c01024.npy,62990661-R-100X.JPG,100,ok,0.2201539009993212,
2026-08-29T16:14:14.781201+00:00,pidinet,62990661-R-100X_r00512_c01280.npy,62990661-R-100X.JPG,100,ok,0.11996120099956897,
2026-08-29T16:14:14.934159+00:00,pidinet,62990661-R-100X_r00512_c01536.npy,62990661-R-100X.JPG,100,ok,0.1395602009997674,
2026-08-29T16:14:15.046915+00:00,pidinet,62990661-R-100X_r00512_c01792.npy,62990661-R-100X.JPG,100,ok,0.09530979899955128,
2026-08-29T16:14:15.142657+00:00,pidinet,62990661-R-100X_r00512_c02048.npy,62990661-R-100X.JPG,100,ok,0.08433249599966075,
2026-08-29T16:14:15.238214+00:00,pidinet,62990661-R-100X_r00512_c02304.npy,62990661-R-100X.JPG,100,ok,0.08495009599937475,
2026-08-29T16:14:15.326825+00:00,pidinet,62990661-R-100X_r00512_c02560.npy,62990661-R-100X.JPG,100,ok,0.0771828960005223,
2026-08-29T16:14:15.415064+00:00,pidinet,62990661-R-100X_r00512_c02816.npy,62990661-R-100X.JPG,100,ok,0.07759559599981003,
2026-08-29T16:14:15.515622+00:00,pidinet,62990661-R-100X_r00512_c02944.npy,62990661-R-100X.JPG,100,ok,0.09031609500016202,
2026-08-29T16:14:15.601445+00:00,pidinet,62990661-R-100X_r00768_c00000.npy,62990661-R-100X.JPG,100,ok,0.07525909599917213,
2026-08-29T16:14:15.684534+00:00,pidinet,62990661-R-100X_r00768_c00256.npy,62990661-R-100X.JPG,100,ok,0.07369169699995837,
2026-08-29T16:14:15.778148+00:00,pidinet,62990661-R-100X_r00768_c00512.npy,62990661-R-100X.JPG,100,ok,0.08370119600022008,
2026-08-29T16:14:15.865059+00:00,pidinet,62990661-R-100X_r00768_c00768.npy,62990661-R-100X.JPG,100,ok,0.07675029599977279,
2026-08-29T16:14:15.950657+00:00,pidinet,62990661-R-100X_r00768_c01024.npy,62990661-R-100X.JPG,100,ok,0.07623899600002915,
2026-08-29T16:14:16.036999+00:00,pidinet,62990661-R-100X_r00768_c01280.npy,62990661-R-100X.JPG,100,ok,0.07596709599965834,
2026-08-29T16:14:16.121967+00:00,pidinet,62990661-R-100X_r00768_c01536.npy,62990661-R-100X.JPG,100,ok,0.074540096000419,
2026-08-29T16:14:16.206294+00:00,pidinet,62990661-R-100X_r00768_c01792.npy,62990661-R-100X.JPG,100,ok,0.07420749699940643,
2026-08-29T16:14:16.303160+00:00,pidinet,62990661-R-100X_r00768_c02048.npy,62990661-R-100X.JPG,100,ok,0.08734609600014664,
2026-08-29T16:14:16.381974+00:00,pidinet,62990661-R-100X_r00768_c02304.npy,62990661-R-100X.JPG,100,ok,0.06968699699973513,
2026-08-29T16:14:16.470487+00:00,pidinet,62990661-R-100X_r00768_c02560.npy,62990661-R-100X.JPG,100,ok,0.0768817960006345,
2026-08-29T16:14:16.561997+00:00,pidinet,62990661-R-100X_r00768_c02816.npy,62990661-R-100X.JPG,100,ok,0.0808402960001331,
2026-08-29T16:14:16.642011+00:00,pidinet,62990661-R-100X_r00768_c02944.npy,62990661-R-100X.JPG,100,ok,0.07093209699996805,
2026-08-29T16:14:16.726395+00:00,pidinet,62990661-R-100X_r01024_c00000.npy,62990661-R-100X.JPG,100,ok,0.07383339600073668,
2026-08-29T16:14:16.810927+00:00,pidinet,62990661-R-100X_r01024_c00256.npy,62990661-R-100X.JPG,100,ok,0.07397249599944189,
2026-08-29T16:14:16.896385+00:00,pidinet,62990661-R-100X_r01024_c00512.npy,62990661-R-100X.JPG,100,ok,0.076011096000002,
2026-08-29T16:14:16.984605+00:00,pidinet,62990661-R-100X_r01024_c00768.npy,62990661-R-100X.JPG,100,ok,0.07932329699997354,
2026-08-29T16:14:17.076709+00:00,pidinet,62990661-R-100X_r01024_c01024.npy,62990661-R-100X.JPG,100,ok,0.08102729600068415,
2026-08-29T16:14:17.284229+00:00,pidinet,62990661-R-100X_r01024_c01280.npy,62990661-R-100X.JPG,100,ok,0.19820879000053537,
2026-08-29T16:14:17.395090+00:00,pidinet,62990661-R-100X_r01024_c01536.npy,62990661-R-100X.JPG,100,ok,0.09958629499942617,
2026-08-29T16:14:17.508901+00:00,pidinet,62990661-R-100X_r01024_c01792.npy,62990661-R-100X.JPG,100,ok,0.09428929499972583,
2026-08-29T16:14:17.603165+00:00,pidinet,62990661-R-100X_r01024_c02048.npy,62990661-R-100X.JPG,100,ok,0.08220099499976641,
2026-08-29T16:14:17.687694+00:00,pidinet,62990661-R-100X_r01024_c02304.npy,62990661-R-100X.JPG,100,ok,0.07290239600024506,
2026-08-29T16:14:17.769348+00:00,pidinet,62990661-R-100X_r01024_c02560.npy,62990661-R-100X.JPG,100,ok,0.07074409599954379,
2026-08-29T16:14:17.847806+00:00,pidinet,62990661-R-100X_r01024_c02816.npy,62990661-R-100X.JPG,100,ok,0.0690718960004233,
2026-08-29T16:14:17.940072+00:00,pidinet,62990661-R-100X_r01024_c02944.npy,62990661-R-100X.JPG,100,ok,0.08292759600044519,
2026-08-29T16:14:18.032299+00:00,pidinet,62990661-R-100X_r01280_c00000.npy,62990661-R-100X.JPG,100,ok,0.08108219599944277,
2026-08-29T16:14:18.161287+00:00,pidinet,62990661-R-100X_r01280_c00256.npy,62990661-R-100X.JPG,100,ok,0.1167127939997954,
2026-08-29T16:14:18.261838+00:00,pidinet,62990661-R-100X_r01280_c00512.npy,62990661-R-100X.JPG,100,ok,0.08901469500051462,
2026-08-29T16:14:18.380115+00:00,pidinet,62990661-R-100X_r01280_c00768.npy,62990661-R-100X.JPG,100,ok,0.10207759399963834,
2026-08-29T16:14:18.480387+00:00,pidinet,62990661-R-100X_r01280_c01024.npy,62990661-R-100X.JPG,100,ok,0.08885539499988226,
2026-08-29T16:14:18.573558+00:00,pidinet,62990661-R-100X_r01280_c01280.npy,62990661-R-100X.JPG,100,ok,0.08199359599984746,
2026-08-29T16:14:18.671757+00:00,pidinet,62990661-R-100X_r01280_c01536.npy,62990661-R-100X.JPG,100,ok,0.08595339599924046,
2026-08-29T16:14:18.754725+00:00,pidinet,62990661-R-100X_r01280_c01792.npy,62990661-R-100X.JPG,100,ok,0.07302049700047064,
2026-08-29T16:14:18.845896+00:00,pidinet,62990661-R-100X_r01280_c02048.npy,62990661-R-100X.JPG,100,ok,0.08019409600001381,
2026-08-29T16:14:18.940309+00:00,pidinet,62990661-R-100X_r01280_c02304.npy,62990661-R-100X.JPG,100,ok,0.08378609500050516,
2026-08-29T16:14:19.033172+00:00,pidinet,62990661-R-100X_r01280_c02560.npy,62990661-R-100X.JPG,100,ok,0.08057549599925551,
2026-08-29T16:14:19.133041+00:00,pidinet,62990661-R-100X_r01280_c02816.npy,62990661-R-100X.JPG,100,ok,0.08872339600020496,
2026-08-29T16:14:19.236408+00:00,pidinet,62990661-R-100X_r01280_c02944.npy,62990661-R-100X.JPG,100,ok,0.09070909499951085,
2026-08-29T16:14:19.337626+00:00,pidinet,62990661-R-100X_r01536_c00000.npy,62990661-R-100X.JPG,100,ok,0.08849129499958508,
2026-08-29T16:14:19.428755+00:00,pidinet,62990661-R-100X_r01536_c00256.npy,62990661-R-100X.JPG,100,ok,0.08033679599975585,
2026-08-29T16:14:19.521332+00:00,pidinet,62990661-R-100X_r01536_c00512.npy,62990661-R-100X.JPG,100,ok,0.07948769599988736,
2026-08-29T16:14:19.607318+00:00,pidinet,62990661-R-100X_r01536_c00768.npy,62990661-R-100X.JPG,100,ok,0.07503749599982257,
2026-08-29T16:14:19.691843+00:00,pidinet,62990661-R-100X_r01536_c01024.npy,62990661-R-100X.JPG,100,ok,0.07326789699982328,
2026-08-29T16:14:19.771228+00:00,pidinet,62990661-R-100X_r01536_c01280.npy,62990661-R-100X.JPG,100,ok,0.07047839699953329,
2026-08-29T16:14:19.850323+00:00,pidinet,62990661-R-100X_r01536_c01536.npy,62990661-R-100X.JPG,100,ok,0.0698931970000558,
2026-08-29T16:14:19.930688+00:00,pidinet,62990661-R-100X_r01536_c01792.npy,62990661-R-100X.JPG,100,ok,0.07071439699939219,
2026-08-29T16:14:20.038873+00:00,pidinet,62990661-R-100X_r01536_c02048.npy,62990661-R-100X.JPG,100,ok,0.09949789499933104,
2026-08-29T16:14:20.124730+00:00,pidinet,62990661-R-100X_r01536_c02304.npy,62990661-R-100X.JPG,100,ok,0.0761341959996571,
2026-08-29T16:14:20.203282+00:00,pidinet,62990661-R-100X_r01536_c02560.npy,62990661-R-100X.JPG,100,ok,0.06892259699998249,
2026-08-29T16:14:20.286562+00:00,pidinet,62990661-R-100X_r01536_c02816.npy,62990661-R-100X.JPG,100,ok,0.07258199700027035,
2026-08-29T16:14:20.370786+00:00,pidinet,62990661-R-100X_r01536_c02944.npy,62990661-R-100X.JPG,100,ok,0.07389599599991925,
2026-08-29T16:14:20.453279+00:00,pidinet,62990661-R-100X_r01792_c00000.npy,62990661-R-100X.JPG,100,ok,0.07258859600005962,
2026-08-29T16:14:20.533069+00:00,pidinet,62990661-R-100X_r01792_c00256.npy,62990661-R-100X.JPG,100,ok,0.06957899600001838,
2026-08-29T16:14:20.616524+00:00,pidinet,62990661-R-100X_r01792_c00512.npy,62990661-R-100X.JPG,100,ok,0.07373659600034443,
2026-08-29T16:14:20.697968+00:00,pidinet,62990661-R-100X_r01792_c00768.npy,62990661-R-100X.JPG,100,ok,0.07156129600025452,
2026-08-29T16:14:20.781792+00:00,pidinet,62990661-R-100X_r01792_c01024.npy,62990661-R-100X.JPG,100,ok,0.07374399599939352,
2026-08-29T16:14:20.869741+00:00,pidinet,62990661-R-100X_r01792_c01280.npy,62990661-R-100X.JPG,100,ok,0.07739589599987085,
2026-08-29T16:14:20.957298+00:00,pidinet,62990661-R-100X_r01792_c01536.npy,62990661-R-100X.JPG,100,ok,0.07672979599919927,
2026-08-29T16:14:21.039555+00:00,pidinet,62990661-R-100X_r01792_c01792.npy,62990661-R-100X.JPG,100,ok,0.07277399600025092,
2026-08-29T16:14:21.124615+00:00,pidinet,62990661-R-100X_r01792_c02048.npy,62990661-R-100X.JPG,100,ok,0.07288939699992625,
2026-08-29T16:14:21.212058+00:00,pidinet,62990661-R-100X_r01792_c02304.npy,62990661-R-100X.JPG,100,ok,0.07759989599981054,
2026-08-29T16:14:21.304670+00:00,pidinet,62990661-R-100X_r01792_c02560.npy,62990661-R-100X.JPG,100,ok,0.08140729599926999,
2026-08-29T16:14:21.421109+00:00,pidinet,62990661-R-100X_r01792_c02816.npy,62990661-R-100X.JPG,100,ok,0.10631989499961492,
2026-08-29T16:14:21.508803+00:00,pidinet,62990661-R-100X_r01792_c02944.npy,62990661-R-100X.JPG,100,ok,0.07677629600038927,
2026-08-29T16:14:21.590099+00:00,pidinet,62990661-R-200X_r00000_c00000.npy,62990661-R-200X.JPG,200,ok,0.07193499599998177,
2026-08-29T16:14:21.678011+00:00,pidinet,62990661-R-200X_r00000_c00256.npy,62990661-R-200X.JPG,200,ok,0.07794729600027495,
2026-08-29T16:14:21.761540+00:00,pidinet,62990661-R-200X_r00000_c00512.npy,62990661-R-200X.JPG,200,ok,0.07386989699989499,
2026-08-29T16:14:21.844650+00:00,pidinet,62990661-R-200X_r00000_c00768.npy,62990661-R-200X.JPG,200,ok,0.07063239600029192,
2026-08-29T16:14:21.928978+00:00,pidinet,62990661-R-200X_r00000_c01024.npy,62990661-R-200X.JPG,200,ok,0.07538189600018086,
2026-08-29T16:14:22.014902+00:00,pidinet,62990661-R-200X_r00000_c01280.npy,62990661-R-200X.JPG,200,ok,0.07724029600012727,
2026-08-29T16:14:22.097732+00:00,pidinet,62990661-R-200X_r00000_c01536.npy,62990661-R-200X.JPG,200,ok,0.07296839700029523,
2026-08-29T16:14:22.181355+00:00,pidinet,62990661-R-200X_r00000_c01792.npy,62990661-R-200X.JPG,200,ok,0.07348009700035618,
2026-08-29T16:14:22.267730+00:00,pidinet,62990661-R-200X_r00000_c02048.npy,62990661-R-200X.JPG,200,ok,0.07775569600016752,
2026-08-29T16:14:22.347187+00:00,pidinet,62990661-R-200X_r00000_c02304.npy,62990661-R-200X.JPG,200,ok,0.07057059599992499,
2026-08-29T16:14:22.430285+00:00,pidinet,62990661-R-200X_r00000_c02560.npy,62990661-R-200X.JPG,200,ok,0.07385519600029511,
2026-08-29T16:14:22.509518+00:00,pidinet,62990661-R-200X_r00000_c02816.npy,62990661-R-200X.JPG,200,ok,0.06943929600038246,
2026-08-29T16:14:22.589965+00:00,pidinet,62990661-R-200X_r00000_c02944.npy,62990661-R-200X.JPG,200,ok,0.07186519599963503,
2026-08-29T16:14:22.673223+00:00,pidinet,62990661-R-200X_r00256_c00000.npy,62990661-R-200X.JPG,200,ok,0.07357829600005061,
2026-08-29T16:14:22.764276+00:00,pidinet,62990661-R-200X_r00256_c00256.npy,62990661-R-200X.JPG,200,ok,0.08094899599927885,
2026-08-29T16:14:23.384780+00:00,pidinet,62990661-R-200X_r00256_c00512.npy,62990661-R-200X.JPG,200,ok,0.610373979000542,
2026-08-29T16:14:23.508418+00:00,pidinet,62990661-R-200X_r00256_c00768.npy,62990661-R-200X.JPG,200,ok,0.10741859799964004,
2026-08-29T16:14:23.596587+00:00,pidinet,62990661-R-200X_r00256_c01024.npy,62990661-R-200X.JPG,200,ok,0.07838119799998822,
2026-08-29T16:14:23.681359+00:00,pidinet,62990661-R-200X_r00256_c01280.npy,62990661-R-200X.JPG,200,ok,0.07504289799999242,
2026-08-29T16:14:23.763757+00:00,pidinet,62990661-R-200X_r00256_c01536.npy,62990661-R-200X.JPG,200,ok,0.0730053979996228,
2026-08-29T16:14:23.841026+00:00,pidinet,62990661-R-200X_r00256_c01792.npy,62990661-R-200X.JPG,200,ok,0.06725239899969893,
2026-08-29T16:14:23.935597+00:00,pidinet,62990661-R-200X_r00256_c02048.npy,62990661-R-200X.JPG,200,ok,0.08534649800003535,
2026-08-29T16:14:24.012843+00:00,pidinet,62990661-R-200X_r00256_c02304.npy,62990661-R-200X.JPG,200,ok,0.06790159799948015,
2026-08-29T16:14:24.112017+00:00,pidinet,62990661-R-200X_r00256_c02560.npy,62990661-R-200X.JPG,200,ok,0.08745299800011708,
2026-08-29T16:14:24.193302+00:00,pidinet,62990661-R-200X_r00256_c02816.npy,62990661-R-200X.JPG,200,ok,0.0714586980002423,
2026-08-29T16:14:24.275868+00:00,pidinet,62990661-R-200X_r00256_c02944.npy,62990661-R-200X.JPG,200,ok,0.07374139900002774,
2026-08-29T16:14:24.366072+00:00,pidinet,62990661-R-200X_r00512_c00000.npy,62990661-R-200X.JPG,200,ok,0.08126089899997169,
2026-08-29T16:14:24.449182+00:00,pidinet,62990661-R-200X_r00512_c00256.npy,62990661-R-200X.JPG,200,ok,0.07402539899976546,
2026-08-29T16:14:24.529664+00:00,pidinet,62990661-R-200X_r00512_c00512.npy,62990661-R-200X.JPG,200,ok,0.07094949800011818,
2026-08-29T16:14:24.632261+00:00,pidinet,62990661-R-200X_r00512_c00768.npy,62990661-R-200X.JPG,200,ok,0.09321769799953472,
2026-08-29T16:14:24.723973+00:00,pidinet,62990661-R-200X_r00512_c01024.npy,62990661-R-200X.JPG,200,ok,0.08035889799975848,
2026-08-29T16:14:24.813914+00:00,pidinet,62990661-R-200X_r00512_c01280.npy,62990661-R-200X.JPG,200,ok,0.0793349979994673,
2026-08-29T16:14:24.900976+00:00,pidinet,62990661-R-200X_r00512_c01536.npy,62990661-R-200X.JPG,200,ok,0.0759116980007093,
2026-08-29T16:14:24.985200+00:00,pidinet,62990661-R-200X_r00512_c01792.npy,62990661-R-200X.JPG,200,ok,0.0746348989996477,
2026-08-29T16:14:25.069298+00:00,pidinet,62990661-R-200X_r00512_c02048.npy,62990661-R-200X.JPG,200,ok,0.07461589900049148,
2026-08-29T16:14:25.153719+00:00,pidinet,62990661-R-200X_r00512_c02304.npy,62990661-R-200X.JPG,200,ok,0.07419839799968031,
2026-08-29T16:14:25.241762+00:00,pidinet,62990661-R-200X_r00512_c02560.npy,62990661-R-200X.JPG,200,ok,0.07829229799972381,
2026-08-29T16:14:25.327235+00:00,pidinet,62990661-R-200X_r00512_c02816.npy,62990661-R-200X.JPG,200,ok,0.07527169800050615,
2026-08-29T16:14:25.420330+00:00,pidinet,62990661-R-200X_r00512_c02944.npy,62990661-R-200X.JPG,200,ok,0.08267939799952728,
2026-08-29T16:14:25.551766+00:00,pidinet,62990661-R-200X_r00768_c00000.npy,62990661-R-200X.JPG,200,ok,0.12027719799971237,
2026-08-29T16:14:25.635928+00:00,pidinet,62990661-R-200X_r00768_c00256.npy,62990661-R-200X.JPG,200,ok,0.07331759899989265,
2026-08-29T16:14:25.719314+00:00,pidinet,62990661-R-200X_r00768_c00512.npy,62990661-R-200X.JPG,200,ok,0.073385698000493,
2026-08-29T16:14:25.803402+00:00,pidinet,62990661-R-200X_r00768_c00768.npy,62990661-R-200X.JPG,200,ok,0.07385889799934375,
2026-08-29T16:14:25.893730+00:00,pidinet,62990661-R-200X_r00768_c01024.npy,62990661-R-200X.JPG,200,ok,0.07882699799938564,
2026-08-29T16:14:25.980473+00:00,pidinet,62990661-R-200X_r00768_c01280.npy,62990661-R-200X.JPG,200,ok,0.07627509899975848,
2026-08-29T16:14:26.068379+00:00,pidinet,62990661-R-200X_r00768_c01536.npy,62990661-R-200X.JPG,200,ok,0.0766836989996591,
2026-08-29T16:14:26.148749+00:00,pidinet,62990661-R-200X_r00768_c01792.npy,62990661-R-200X.JPG,200,ok,0.07108169799994357,
2026-08-29T16:14:26.230577+00:00,pidinet,62990661-R-200X_r00768_c02048.npy,62990661-R-200X.JPG,200,ok,0.07237249799982237,
2026-08-29T16:14:26.321079+00:00,pidinet,62990661-R-200X_r00768_c02304.npy,62990661-R-200X.JPG,200,ok,0.08099839799979236,
2026-08-29T16:14:26.411158+00:00,pidinet,62990661-R-200X_r00768_c02560.npy,62990661-R-200X.JPG,200,ok,0.07964899900071032,
2026-08-29T16:14:26.502873+00:00,pidinet,62990661-R-200X_r00768_c02816.npy,62990661-R-200X.JPG,200,ok,0.08037559900003544,
2026-08-29T16:14:26.591589+00:00,pidinet,62990661-R-200X_r00768_c02944.npy,62990661-R-200X.JPG,200,ok,0.07806169900050008,
2026-08-29T16:14:26.681060+00:00,pidinet,62990661-R-200X_r01024_c00000.npy,62990661-R-200X.JPG,200,ok,0.07947919799971714,
2026-08-29T16:14:26.764155+00:00,pidinet,62990661-R-200X_r01024_c00256.npy,62990661-R-200X.JPG,200,ok,0.07257689800007938,
2026-08-29T16:14:26.896051+00:00,pidinet,62990661-R-200X_r01024_c00512.npy,62990661-R-200X.JPG,200,ok,0.12240339700019831,
2026-08-29T16:14:26.974130+00:00,pidinet,62990661-R-200X_r01024_c00768.npy,62990661-R-200X.JPG,200,ok,0.06747019900012674,
2026-08-29T16:14:27.050965+00:00,pidinet,62990661-R-200X_r01024_c01024.npy,62990661-R-200X.JPG,200,ok,0.06842679800047335,
2026-08-29T16:14:27.130413+00:00,pidinet,62990661-R-200X_r01024_c01280.npy,62990661-R-200X.JPG,200,ok,0.06930989800002862,
2026-08-29T16:14:27.214473+00:00,pidinet,62990661-R-200X_r01024_c01536.npy,62990661-R-200X.JPG,200,ok,0.07383729899993341,
2026-08-29T16:14:27.300666+00:00,pidinet,62990661-R-200X_r01024_c01792.npy,62990661-R-200X.JPG,200,ok,0.07566019899968524,
2026-08-29T16:14:27.404056+00:00,pidinet,62990661-R-200X_r01024_c02048.npy,62990661-R-200X.JPG,200,ok,0.09246669799995288,
2026-08-29T16:14:27.496907+00:00,pidinet,62990661-R-200X_r01024_c02304.npy,62990661-R-200X.JPG,200,ok,0.08301659900007508,
2026-08-29T16:14:27.582713+00:00,pidinet,62990661-R-200X_r01024_c02560.npy,62990661-R-200X.JPG,200,ok,0.07532609899953968,
2026-08-29T16:14:27.673107+00:00,pidinet,62990661-R-200X_r01024_c02816.npy,62990661-R-200X.JPG,200,ok,0.08085279800070566,
2026-08-29T16:14:27.754308+00:00,pidinet,62990661-R-200X_r01024_c02944.npy,62990661-R-200X.JPG,200,ok,0.07180959800007258,
2026-08-29T16:14:27.835112+00:00,pidinet,62990661-R-200X_r01280_c00000.npy,62990661-R-200X.JPG,200,ok,0.07178499899964663,
2026-08-29T16:14:27.924588+00:00,pidinet,62990661-R-200X_r01280_c00256.npy,62990661-R-200X.JPG,200,ok,0.07936759899985191,
2026-08-29T16:14:28.011219+00:00,pidinet,62990661-R-200X_r01280_c00512.npy,62990661-R-200X.JPG,200,ok,0.07693439899958321,
2026-08-29T16:14:28.091425+00:00,pidinet,62990661-R-200X_r01280_c00768.npy,62990661-R-200X.JPG,200,ok,0.07016429800023616,
2026-08-29T16:14:28.173958+00:00,pidinet,62990661-R-200X_r01280_c01024.npy,62990661-R-200X.JPG,200,ok,0.07335559799957991,
2026-08-29T16:14:28.264331+00:00,pidinet,62990661-R-200X_r01280_c01280.npy,62990661-R-200X.JPG,200,ok,0.08120019800026057,
2026-08-29T16:14:28.342761+00:00,pidinet,62990661-R-200X_r01280_c01536.npy,62990661-R-200X.JPG,200,ok,0.06921769899963692,
2026-08-29T16:14:28.851473+00:00,pidinet,62990661-R-200X_r01280_c01792.npy,62990661-R-200X.JPG,200,ok,0.498573488999682,
2026-08-29T16:14:28.931327+00:00,pidinet,62990661-R-200X_r01280_c02048.npy,62990661-R-200X.JPG,200,ok,0.06875949799996306,
2026-08-29T16:14:29.009838+00:00,pidinet,62990661-R-200X_r01280_c02304.npy,62990661-R-200X.JPG,200,ok,0.06932509899979777,
2026-08-29T16:14:29.087930+00:00,pidinet,62990661-R-200X_r01280_c02560.npy,62990661-R-200X.JPG,200,ok,0.06927219800036255,
2026-08-29T16:14:29.172205+00:00,pidinet,62990661-R-200X_r01280_c02816.npy,62990661-R-200X.JPG,200,ok,0.07525239799997507,
2026-08-29T16:14:29.248864+00:00,pidinet,62990661-R-200X_r01280_c02944.npy,62990661-R-200X.JPG,200,ok,0.06789049899998645,
2026-08-29T16:14:29.325948+00:00,pidinet,62990661-R-200X_r01536_c00000.npy,62990661-R-200X.JPG,200,ok,0.06832169799963594,
2026-08-29T16:14:29.404817+00:00,pidinet,62990661-R-200X_r01536_c00256.npy,62990661-R-200X.JPG,200,ok,0.06998809800006711,
2026-08-29T16:14:29.480593+00:00,pidinet,62990661-R-200X_r01536_c00512.npy,62990661-R-200X.JPG,200,ok,0.06701469899962831,
2026-08-29T16:14:29.939980+00:00,pidinet,62990661-R-200X_r01536_c00768.npy,62990661-R-200X.JPG,200,ok,0.4506989900000917,
2026-08-29T16:14:30.020419+00:00,pidinet,62990661-R-200X_r01536_c01024.npy,62990661-R-200X.JPG,200,ok,0.0719877980000092,
2026-08-29T16:14:30.101852+00:00,pidinet,62990661-R-200X_r01536_c01280.npy,62990661-R-200X.JPG,200,ok,0.0718516990000353,
2026-08-29T16:14:30.183216+00:00,pidinet,62990661-R-200X_r01536_c01536.npy,62990661-R-200X.JPG,200,ok,0.07188399799997569,
2026-08-29T16:14:30.261206+00:00,pidinet,62990661-R-200X_r01536_c01792.npy,62990661-R-200X.JPG,200,ok,0.06930409799952031,
2026-08-29T16:14:30.337969+00:00,pidinet,62990661-R-200X_r01536_c02048.npy,62990661-R-200X.JPG,200,ok,0.06791919900024368,
2026-08-29T16:14:30.414666+00:00,pidinet,62990661-R-200X_r01536_c02304.npy,62990661-R-200X.JPG,200,ok,0.06754429800002981,
2026-08-29T16:14:30.492649+00:00,pidinet,62990661-R-200X_r01536_c02560.npy,62990661-R-200X.JPG,200,ok,0.06851589799953217,
2026-08-29T16:14:30.569788+00:00,pidinet,62990661-R-200X_r01536_c02816.npy,62990661-R-200X.JPG,200,ok,0.0680772989999241,
2026-08-29T16:14:30.653516+00:00,pidinet,62990661-R-200X_r01536_c02944.npy,62990661-R-200X.JPG,200,ok,0.07412689799912187,
2026-08-29T16:14:30.733431+00:00,pidinet,62990661-R-200X_r01792_c00000.npy,62990661-R-200X.JPG,200,ok,0.0697386980000374,
2026-08-29T16:14:30.814817+00:00,pidinet,62990661-R-200X_r01792_c00256.npy,62990661-R-200X.JPG,200,ok,0.07259989900012442,
2026-08-29T16:14:30.895973+00:00,pidinet,62990661-R-200X_r01792_c00512.npy,62990661-R-200X.JPG,200,ok,0.07178939799996442,
2026-08-29T16:14:30.997093+00:00,pidinet,62990661-R-200X_r01792_c00768.npy,62990661-R-200X.JPG,200,ok,0.09211239799969917,
2026-08-29T16:14:31.074910+00:00,pidinet,62990661-R-200X_r01792_c01024.npy,62990661-R-200X.JPG,200,ok,0.06654359799995291,
2026-08-29T16:14:31.151538+00:00,pidinet,62990661-R-200X_r01792_c01280.npy,62990661-R-200X.JPG,200,ok,0.0680947990003915,
2026-08-29T16:14:31.227920+00:00,pidinet,62990661-R-200X_r01792_c01536.npy,62990661-R-200X.JPG,200,ok,0.06685879899941938,
2026-08-29T16:14:31.306062+00:00,pidinet,62990661-R-200X_r01792_c01792.npy,62990661-R-200X.JPG,200,ok,0.06837979800002358,
2026-08-29T16:14:31.383453+00:00,pidinet,62990661-R-200X_r01792_c02048.npy,62990661-R-200X.JPG,200,ok,0.06852899899968179,
2026-08-29T16:14:31.463729+00:00,pidinet,62990661-R-200X_r01792_c02304.npy,62990661-R-200X.JPG,200,ok,0.06950539899935393,
2026-08-29T16:14:31.540884+00:00,pidinet,62990661-R-200X_r01792_c02560.npy,62990661-R-200X.JPG,200,ok,0.06799629899978754,
2026-08-29T16:14:31.620947+00:00,pidinet,62990661-R-200X_r01792_c02816.npy,62990661-R-200X.JPG,200,ok,0.07130939899980149,
2026-08-29T16:14:31.708433+00:00,pidinet,62990661-R-200X_r01792_c02944.npy,62990661-R-200X.JPG,200,ok,0.07666369799972017,
2026-08-29T16:14:32.376173+00:00,cellpose,62990661-C-100X_r00000_c00000.npy,62990661-C-100X.JPG,100,failed,1.600000359758269e-06,RuntimeError: operator torchvision::nms does not exist
2026-08-29T16:14:32.384977+00:00,cellpose,62990661-C-100X_r00000_c00256.npy,62990661-C-100X.JPG,100,failed,2.7999994927085936e-06,RuntimeError: operator torchvision::nms does not exist
2026-08-29T16:14:32.397417+00:00,cellpose,62990661-C-100X_r00000_c00512.npy,62990661-C-100X.JPG,100,failed,1.7000002117129043e-06,RuntimeError: operator torchvision::nms does not exist
2026-08-29T16:14:32.409030+00:00,cellpose,62990661-C-100X_r00000_c00768.npy,62990661-C-100X.JPG,100,failed,1.600000359758269e-06,RuntimeError: operator torchvision::nms does not exist
2026-08-29T16:14:32.418732+00:00,cellpose,62990661-C-100X_r00000_c01024.npy,62990661-C-100X.JPG,100,failed,2.100000529026147e-06,RuntimeError: operator torchvision::nms does not exist
2026-08-29T16:14:32.430088+00:00,cellpose,62990661-C-100X_r00000_c01280.npy,62990661-C-100X.JPG,100,failed,1.7000002117129043e-06,RuntimeError: operator torchvision::nms does not exist
2026-08-29T16:14:32.452252+00:00,cellpose,62990661-C-100X_r00000_c01536.npy,62990661-C-100X.JPG,100,failed,2.099999619531445e-06,RuntimeError: operator torchvision::nms does not exist
2026-08-29T16:14:32.462397+00:00,cellpose,62990661-C-100X_r00000_c01792.npy,62990661-C-100X.JPG,100,failed,1.600000359758269e-06,RuntimeError: operator torchvision::nms does not exist
2026-08-29T16:14:32.473078+00:00,cellpose,62990661-C-100X_r00000_c02048.npy,62990661-C-100X.JPG,100,failed,1.7000002117129043e-06,RuntimeError: operator torchvision::nms does not exist
2026-08-29T16:14:32.484284+00:00,cellpose,62990661-C-100X_r00000_c02304.npy,62990661-C-100X.JPG,100,failed,2.099999619531445e-06,RuntimeError: operator torchvision::nms does not exist
2026-08-29T16:14:32.495296+00:00,cellpose,62990661-C-100X_r00000_c02560.npy,62990661-C-100X.JPG,100,failed,1.8000000636675395e-06,RuntimeError: operator torchvision::nms does not exist
2026-08-29T16:14:32.505378+00:00,cellpose,62990661-C-100X_r00000_c02816.npy,62990661-C-100X.JPG,100,failed,1.99999976757681e-06,RuntimeError: operator torchvision::nms does not exist
2026-08-29T16:14:32.516035+00:00,cellpose,62990661-C-100X_r00000_c02944.npy,62990661-C-100X.JPG,100,failed,2.099999619531445e-06,RuntimeError: operator torchvision::nms does not exist
2026-08-29T16:14:32.526261+00:00,cellpose,62990661-C-100X_r00256_c00000.npy,62990661-C-100X.JPG,100,failed,2.0000006770715117e-06,RuntimeError: operator torchvision::nms does not exist
2026-08-29T16:14:32.538151+00:00,cellpose,62990661-C-100X_r00256_c00256.npy,62990661-C-100X.JPG,100,failed,1.8000000636675395e-06,RuntimeError: operator torchvision::nms does not exist
2026-08-29T16:14:32.548327+00:00,cellpose,62990661-C-100X_r00256_c00512.npy,62990661-C-100X.JPG,100,failed,2.499999936844688e-06,RuntimeError: operator torchvision::nms does not exist
2026-08-29T16:14:32.560350+00:00,cellpose,62990661-C-100X_r00256_c00768.npy,62990661-C-100X.JPG,100,failed,1.5000005078036338e-06,RuntimeError: operator torchvision::nms does not exist
2026-08-29T16:14:32.573209+00:00,cellpose,62990661-C-100X_r00256_c01024.npy,62990661-C-100X.JPG,100,failed,2.200000380980782e-06,RuntimeError: operator torchvision::nms does not exist
2026-08-29T16:14:32.584452+00:00,cellpose,62990661-C-100X_r00256_c01280.npy,62990661-C-100X.JPG,100,failed,2.3000002329354174e-06,RuntimeError: operator torchvision::nms does not exist
2026-08-29T16:14:32.594642+00:00,cellpose,62990661-C-100X_r00256_c01536.npy,62990661-C-100X.JPG,100,failed,1.600000359758269e-06,RuntimeError: operator torchvision::nms does not exist
2026-08-29T16:14:32.606458+00:00,cellpose,62990661-C-100X_r00256_c01792.npy,62990661-C-100X.JPG,100,failed,1.600000359758269e-06,RuntimeError: operator torchvision::nms does not exist
2026-08-29T16:14:32.617270+00:00,cellpose,62990661-C-100X_r00256_c02048.npy,62990661-C-100X.JPG,100,failed,3.099999958067201e-06,RuntimeError: operator torchvision::nms does not exist
2026-08-29T16:14:32.628066+00:00,cellpose,62990661-C-100X_r00256_c02304.npy,62990661-C-100X.JPG,100,failed,1.99999976757681e-06,RuntimeError: operator torchvision::nms does not exist
2026-08-29T16:14:32.639795+00:00,cellpose,62990661-C-100X_r00256_c02560.npy,62990661-C-100X.JPG,100,failed,1.8999999156221747e-06,RuntimeError: operator torchvision::nms does not exist
2026-08-29T16:14:32.649869+00:00,cellpose,62990661-C-100X_r00256_c02816.npy,62990661-C-100X.JPG,100,failed,1.8000000636675395e-06,RuntimeError: operator torchvision::nms does not exist
2026-08-29T16:14:32.662732+00:00,cellpose,62990661-C-100X_r00256_c02944.npy,62990661-C-100X.JPG,100,failed,1.7000002117129043e-06,RuntimeError: operator torchvision::nms does not exist
2026-08-29T16:14:32.673834+00:00,cellpose,62990661-C-100X_r00512_c00000.npy,62990661-C-100X.JPG,100,failed,1.8999999156221747e-06,RuntimeError: operator torchvision::nms does not exist
2026-08-29T16:14:32.686161+00:00,cellpose,62990661-C-100X_r00512_c00256.npy,62990661-C-100X.JPG,100,failed,1.7999991541728377e-06,RuntimeError: operator torchvision::nms does not exist
2026-08-29T16:14:32.706655+00:00,cellpose,62990661-C-100X_r00512_c00512.npy,62990661-C-100X.JPG,100,failed,2.100000529026147e-06,RuntimeError: operator torchvision::nms does not exist
2026-08-29T16:14:32.716710+00:00,cellpose,62990661-C-100X_r00512_c00768.npy,62990661-C-100X.JPG,100,failed,2.099999619531445e-06,RuntimeError: operator torchvision::nms does not exist
2026-08-29T16:14:32.728907+00:00,cellpose,62990661-C-100X_r00512_c01024.npy,62990661-C-100X.JPG,100,failed,1.8999999156221747e-06,RuntimeError: operator torchvision::nms does not exist
2026-08-29T16:14:32.741408+00:00,cellpose,62990661-C-100X_r00512_c01280.npy,62990661-C-100X.JPG,100,failed,1.7000002117129043e-06,RuntimeError: operator torchvision::nms does not exist
2026-08-29T16:14:32.751372+00:00,cellpose,62990661-C-100X_r00512_c01536.npy,62990661-C-100X.JPG,100,failed,1.8000000636675395e-06,RuntimeError: operator torchvision::nms does not exist
2026-08-29T16:14:32.762133+00:00,cellpose,62990661-C-100X_r00512_c01792.npy,62990661-C-100X.JPG,100,failed,1.600000359758269e-06,RuntimeError: operator torchvision::nms does not exist
2026-08-29T16:14:32.775978+00:00,cellpose,62990661-C-100X_r00512_c02048.npy,62990661-C-100X.JPG,100,failed,1.99999976757681e-06,RuntimeError: operator torchvision::nms does not exist
2026-08-29T16:14:32.788638+00:00,cellpose,62990661-C-100X_r00512_c02304.npy,62990661-C-100X.JPG,100,failed,2.099999619531445e-06,RuntimeError: operator torchvision::nms does not exist
2026-08-29T16:14:32.798461+00:00,cellpose,62990661-C-100X_r00512_c02560.npy,62990661-C-100X.JPG,100,failed,1.8999999156221747e-06,RuntimeError: operator torchvision::nms does not exist
2026-08-29T16:14:32.811175+00:00,cellpose,62990661-C-100X_r00512_c02816.npy,62990661-C-100X.JPG,100,failed,1.8000000636675395e-06,RuntimeError: operator torchvision::nms does not exist
2026-08-29T16:14:32.821118+00:00,cellpose,62990661-C-100X_r00512_c02944.npy,62990661-C-100X.JPG,100,failed,2.200000380980782e-06,RuntimeError: operator torchvision::nms does not exist
2026-08-29T16:14:32.832121+00:00,cellpose,62990661-C-100X_r00768_c00000.npy,62990661-C-100X.JPG,100,failed,1.8000000636675395e-06,RuntimeError: operator torchvision::nms does not exist
2026-08-29T16:14:32.842239+00:00,cellpose,62990661-C-100X_r00768_c00256.npy,62990661-C-100X.JPG,100,failed,1.8000000636675395e-06,RuntimeError: operator torchvision::nms does not exist
2026-08-29T16:14:32.854547+00:00,cellpose,62990661-C-100X_r00768_c00512.npy,62990661-C-100X.JPG,100,failed,2.499999936844688e-06,RuntimeError: operator torchvision::nms does not exist
2026-08-29T16:14:32.866416+00:00,cellpose,62990661-C-100X_r00768_c00768.npy,62990661-C-100X.JPG,100,failed,2.599999788799323e-06,RuntimeError: operator torchvision::nms does not exist
2026-08-29T16:14:32.878057+00:00,cellpose,62990661-C-100X_r00768_c01024.npy,62990661-C-100X.JPG,100,failed,1.600000359758269e-06,RuntimeError: operator torchvision::nms does not exist
2026-08-29T16:14:32.890789+00:00,cellpose,62990661-C-100X_r00768_c01280.npy,62990661-C-100X.JPG,100,failed,2.8000004022032954e-06,RuntimeError: operator torchvision::nms does not exist
2026-08-29T16:14:32.903395+00:00,cellpose,62990661-C-100X_r00768_c01536.npy,62990661-C-100X.JPG,100,failed,2.3000002329354174e-06,RuntimeError: operator torchvision::nms does not exist
2026-08-29T16:14:32.913156+00:00,cellpose,62990661-C-100X_r00768_c01792.npy,62990661-C-100X.JPG,100,failed,1.8000000636675395e-06,RuntimeError: operator torchvision::nms does not exist
2026-08-29T16:14:32.924826+00:00,cellpose,62990661-C-100X_r00768_c02048.npy,62990661-C-100X.JPG,100,failed,1.7000002117129043e-06,RuntimeError: operator torchvision::nms does not exist
2026-08-29T16:14:32.935525+00:00,cellpose,62990661-C-100X_r00768_c02304.npy,62990661-C-100X.JPG,100,failed,2.4000000848900527e-06,RuntimeError: operator torchvision::nms does not exist
2026-08-29T16:14:32.946865+00:00,cellpose,62990661-C-100X_r00768_c02560.npy,62990661-C-100X.JPG,100,failed,1.7000002117129043e-06,RuntimeError: operator torchvision::nms does not exist
2026-08-29T16:14:32.962001+00:00,cellpose,62990661-C-100X_r00768_c02816.npy,62990661-C-100X.JPG,100,failed,1.99999976757681e-06,RuntimeError: operator torchvision::nms does not exist
2026-08-29T16:14:32.972599+00:00,cellpose,62990661-C-100X_r00768_c02944.npy,62990661-C-100X.JPG,100,failed,1.7000002117129043e-06,RuntimeError: operator torchvision::nms does not exist
2026-08-29T16:14:32.987944+00:00,cellpose,62990661-C-100X_r01024_c00000.npy,62990661-C-100X.JPG,100,failed,1.9000008251168765e-06,RuntimeError: operator torchvision::nms does not exist
2026-08-29T16:14:32.997952+00:00,cellpose,62990661-C-100X_r01024_c00256.npy,62990661-C-100X.JPG,100,failed,1.5000005078036338e-06,RuntimeError: operator torchvision::nms does not exist
2026-08-29T16:14:33.014802+00:00,cellpose,62990661-C-100X_r01024_c00512.npy,62990661-C-100X.JPG,100,failed,1.8000000636675395e-06,RuntimeError: operator torchvision::nms does not exist
2026-08-29T16:14:33.025453+00:00,cellpose,62990661-C-100X_r01024_c00768.npy,62990661-C-100X.JPG,100,failed,1.6999993022182025e-06,RuntimeError: operator torchvision::nms does not exist
2026-08-29T16:14:33.037444+00:00,cellpose,62990661-C-100X_r01024_c01024.npy,62990661-C-100X.JPG,100,failed,1.8000000636675395e-06,RuntimeError: operator torchvision::nms does not exist
2026-08-29T16:14:33.047543+00:00,cellpose,62990661-C-100X_r01024_c01280.npy,62990661-C-100X.JPG,100,failed,1.7999991541728377e-06,RuntimeError: operator torchvision::nms does not exist
2026-08-29T16:14:33.059851+00:00,cellpose,62990661-C-100X_r01024_c01536.npy,62990661-C-100X.JPG,100,failed,2.3000002329354174e-06,RuntimeError: operator torchvision::nms does not exist
2026-08-29T16:14:33.070210+00:00,cellpose,62990661-C-100X_r01024_c01792.npy,62990661-C-100X.JPG,100,failed,2.3000002329354174e-06,RuntimeError: operator torchvision::nms does not exist
2026-08-29T16:14:33.081301+00:00,cellpose,62990661-C-100X_r01024_c02048.npy,62990661-C-100X.JPG,100,failed,1.600000359758269e-06,RuntimeError: operator torchvision::nms does not exist
2026-08-29T16:14:33.091915+00:00,cellpose,62990661-C-100X_r01024_c02304.npy,62990661-C-100X.JPG,100,failed,1.9000008251168765e-06,RuntimeError: operator torchvision::nms does not exist
2026-08-29T16:14:33.103129+00:00,cellpose,62990661-C-100X_r01024_c02560.npy,62990661-C-100X.JPG,100,failed,2.100000529026147e-06,RuntimeError: operator torchvision::nms does not exist
2026-08-29T16:14:33.112948+00:00,cellpose,62990661-C-100X_r01024_c02816.npy,62990661-C-100X.JPG,100,failed,1.7000002117129043e-06,RuntimeError: operator torchvision::nms does not exist
2026-08-29T16:14:33.123432+00:00,cellpose,62990661-C-100X_r01024_c02944.npy,62990661-C-100X.JPG,100,failed,1.8000000636675395e-06,RuntimeError: operator torchvision::nms does not exist
2026-08-29T16:14:33.134927+00:00,cellpose,62990661-C-100X_r01280_c00000.npy,62990661-C-100X.JPG,100,failed,2.2999993234407157e-06,RuntimeError: operator torchvision::nms does not exist
2026-08-29T16:14:33.146242+00:00,cellpose,62990661-C-100X_r01280_c00256.npy,62990661-C-100X.JPG,100,failed,1.99999976757681e-06,RuntimeError: operator torchvision::nms does not exist
2026-08-29T16:14:33.157700+00:00,cellpose,62990661-C-100X_r01280_c00512.npy,62990661-C-100X.JPG,100,failed,1.8999999156221747e-06,RuntimeError: operator torchvision::nms does not exist
2026-08-29T16:14:33.167775+00:00,cellpose,62990661-C-100X_r01280_c00768.npy,62990661-C-100X.JPG,100,failed,2.599999788799323e-06,RuntimeError: operator torchvision::nms does not exist
2026-08-29T16:14:33.180061+00:00,cellpose,62990661-C-100X_r01280_c01024.npy,62990661-C-100X.JPG,100,failed,1.99999976757681e-06,RuntimeError: operator torchvision::nms does not exist
2026-08-29T16:14:33.191569+00:00,cellpose,62990661-C-100X_r01280_c01280.npy,62990661-C-100X.JPG,100,failed,2.099999619531445e-06,RuntimeError: operator torchvision::nms does not exist
2026-08-29T16:14:33.204302+00:00,cellpose,62990661-C-100X_r01280_c01536.npy,62990661-C-100X.JPG,100,failed,1.6999993022182025e-06,RuntimeError: operator torchvision::nms does not exist
2026-08-29T16:14:33.215692+00:00,cellpose,62990661-C-100X_r01280_c01792.npy,62990661-C-100X.JPG,100,failed,1.8999999156221747e-06,RuntimeError: operator torchvision::nms does not exist
2026-08-29T16:14:33.226669+00:00,cellpose,62990661-C-100X_r01280_c02048.npy,62990661-C-100X.JPG,100,failed,1.6999993022182025e-06,RuntimeError: operator torchvision::nms does not exist
2026-08-29T16:14:33.238654+00:00,cellpose,62990661-C-100X_r01280_c02304.npy,62990661-C-100X.JPG,100,failed,1.8000000636675395e-06,RuntimeError: operator torchvision::nms does not exist
2026-08-29T16:14:33.249442+00:00,cellpose,62990661-C-100X_r01280_c02560.npy,62990661-C-100X.JPG,100,failed,2.499999936844688e-06,RuntimeError: operator torchvision::nms does not exist
2026-08-29T16:14:33.259697+00:00,cellpose,62990661-C-100X_r01280_c02816.npy,62990661-C-100X.JPG,100,failed,1.99999976757681e-06,RuntimeError: operator torchvision::nms does not exist
2026-08-29T16:14:33.271090+00:00,cellpose,62990661-C-100X_r01280_c02944.npy,62990661-C-100X.JPG,100,failed,2.099999619531445e-06,RuntimeError: operator torchvision::nms does not exist
2026-08-29T16:14:33.280891+00:00,cellpose,62990661-C-100X_r01536_c00000.npy,62990661-C-100X.JPG,100,failed,1.7000002117129043e-06,RuntimeError: operator torchvision::nms does not exist
2026-08-29T16:14:33.292338+00:00,cellpose,62990661-C-100X_r01536_c00256.npy,62990661-C-100X.JPG,100,failed,1.8999999156221747e-06,RuntimeError: operator torchvision::nms does not exist
2026-08-29T16:14:33.302379+00:00,cellpose,62990661-C-100X_r01536_c00512.npy,62990661-C-100X.JPG,100,failed,1.8000000636675395e-06,RuntimeError: operator torchvision::nms does not exist
2026-08-29T16:14:33.313367+00:00,cellpose,62990661-C-100X_r01536_c00768.npy,62990661-C-100X.JPG,100,failed,1.7000002117129043e-06,RuntimeError: operator torchvision::nms does not exist
2026-08-29T16:14:33.329599+00:00,cellpose,62990661-C-100X_r01536_c01024.npy,62990661-C-100X.JPG,100,failed,1.8000000636675395e-06,RuntimeError: operator torchvision::nms does not exist
2026-08-29T16:14:33.343834+00:00,cellpose,62990661-C-100X_r01536_c01280.npy,62990661-C-100X.JPG,100,failed,1.8000000636675395e-06,RuntimeError: operator torchvision::nms does not exist
2026-08-29T16:14:33.354065+00:00,cellpose,62990661-C-100X_r01536_c01536.npy,62990661-C-100X.JPG,100,failed,1.8999999156221747e-06,RuntimeError: operator torchvision::nms does not exist
2026-08-29T16:14:33.363729+00:00,cellpose,62990661-C-100X_r01536_c01792.npy,62990661-C-100X.JPG,100,failed,1.5999994502635673e-06,RuntimeError: operator torchvision::nms does not exist
2026-08-29T16:14:33.374724+00:00,cellpose,62990661-C-100X_r01536_c02048.npy,62990661-C-100X.JPG,100,failed,1.600000359758269e-06,RuntimeError: operator torchvision::nms does not exist
2026-08-29T16:14:33.386307+00:00,cellpose,62990661-C-100X_r01536_c02304.npy,62990661-C-100X.JPG,100,failed,2.499999936844688e-06,RuntimeError: operator torchvision::nms does not exist
2026-08-29T16:14:33.398897+00:00,cellpose,62990661-C-100X_r01536_c02560.npy,62990661-C-100X.JPG,100,failed,2.0000006770715117e-06,RuntimeError: operator torchvision::nms does not exist
2026-08-29T16:14:33.410765+00:00,cellpose,62990661-C-100X_r01536_c02816.npy,62990661-C-100X.JPG,100,failed,1.8999999156221747e-06,RuntimeError: operator torchvision::nms does not exist
2026-08-29T16:14:33.422201+00:00,cellpose,62990661-C-100X_r01536_c02944.npy,62990661-C-100X.JPG,100,failed,1.8999999156221747e-06,RuntimeError: operator torchvision::nms does not exist
2026-08-29T16:14:33.432056+00:00,cellpose,62990661-C-100X_r01792_c00000.npy,62990661-C-100X.JPG,100,failed,1.8999999156221747e-06,RuntimeError: operator torchvision::nms does not exist
2026-08-29T16:14:33.443206+00:00,cellpose,62990661-C-100X_r01792_c00256.npy,62990661-C-100X.JPG,100,failed,2.399999175395351e-06,RuntimeError: operator torchvision::nms does not exist
2026-08-29T16:14:33.455498+00:00,cellpose,62990661-C-100X_r01792_c00512.npy,62990661-C-100X.JPG,100,failed,1.8999999156221747e-06,RuntimeError: operator torchvision::nms does not exist
2026-08-29T16:14:33.466410+00:00,cellpose,62990661-C-100X_r01792_c00768.npy,62990661-C-100X.JPG,100,failed,2.1999994714860804e-06,RuntimeError: operator torchvision::nms does not exist
2026-08-29T16:14:33.477130+00:00,cellpose,62990661-C-100X_r01792_c01024.npy,62990661-C-100X.JPG,100,failed,1.8000000636675395e-06,RuntimeError: operator torchvision::nms does not exist
2026-08-29T16:14:33.487103+00:00,cellpose,62990661-C-100X_r01792_c01280.npy,62990661-C-100X.JPG,100,failed,1.7000002117129043e-06,RuntimeError: operator torchvision::nms does not exist
2026-08-29T16:14:33.498075+00:00,cellpose,62990661-C-100X_r01792_c01536.npy,62990661-C-100X.JPG,100,failed,1.499999598308932e-06,RuntimeError: operator torchvision::nms does not exist
2026-08-29T16:14:33.508379+00:00,cellpose,62990661-C-100X_r01792_c01792.npy,62990661-C-100X.JPG,100,failed,1.8000000636675395e-06,RuntimeError: operator torchvision::nms does not exist
2026-08-29T16:14:33.520112+00:00,cellpose,62990661-C-100X_r01792_c02048.npy,62990661-C-100X.JPG,100,failed,2.099999619531445e-06,RuntimeError: operator torchvision::nms does not exist
2026-08-29T16:14:33.529783+00:00,cellpose,62990661-C-100X_r01792_c02304.npy,62990661-C-100X.JPG,100,failed,1.99999976757681e-06,RuntimeError: operator torchvision::nms does not exist
2026-08-29T16:14:33.541619+00:00,cellpose,62990661-C-100X_r01792_c02560.npy,62990661-C-100X.JPG,100,failed,1.8999999156221747e-06,RuntimeError: operator torchvision::nms does not exist
2026-08-29T16:14:33.551798+00:00,cellpose,62990661-C-100X_r01792_c02816.npy,62990661-C-100X.JPG,100,failed,1.8999999156221747e-06,RuntimeError: operator torchvision::nms does not exist
2026-08-29T16:14:33.564088+00:00,cellpose,62990661-C-100X_r01792_c02944.npy,62990661-C-100X.JPG,100,failed,1.499999598308932e-06,RuntimeError: operator torchvision::nms does not exist
2026-08-29T16:14:33.582116+00:00,cellpose,62990661-C-200X_r00000_c00000.npy,62990661-C-200X.JPG,200,failed,1.8999999156221747e-06,RuntimeError: operator torchvision::nms does not exist
2026-08-29T16:14:33.590963+00:00,cellpose,62990661-C-200X_r00000_c00256.npy,62990661-C-200X.JPG,200,failed,1.5000005078036338e-06,RuntimeError: operator torchvision::nms does not exist
2026-08-29T16:14:33.600991+00:00,cellpose,62990661-C-200X_r00000_c00512.npy,62990661-C-200X.JPG,200,failed,2.1999994714860804e-06,RuntimeError: operator torchvision::nms does not exist
2026-08-29T16:14:33.611752+00:00,cellpose,62990661-C-200X_r00000_c00768.npy,62990661-C-200X.JPG,200,failed,1.8000000636675395e-06,RuntimeError: operator torchvision::nms does not exist
2026-08-29T16:14:33.622960+00:00,cellpose,62990661-C-200X_r00000_c01024.npy,62990661-C-200X.JPG,200,failed,1.5000005078036338e-06,RuntimeError: operator torchvision::nms does not exist
2026-08-29T16:14:33.634713+00:00,cellpose,62990661-C-200X_r00000_c01280.npy,62990661-C-200X.JPG,200,failed,2.5000008463393897e-06,RuntimeError: operator torchvision::nms does not exist
2026-08-29T16:14:33.645080+00:00,cellpose,62990661-C-200X_r00000_c01536.npy,62990661-C-200X.JPG,200,failed,1.8000000636675395e-06,RuntimeError: operator torchvision::nms does not exist
2026-08-29T16:14:33.655803+00:00,cellpose,62990661-C-200X_r00000_c01792.npy,62990661-C-200X.JPG,200,failed,2.3000002329354174e-06,RuntimeError: operator torchvision::nms does not exist
2026-08-29T16:14:33.668290+00:00,cellpose,62990661-C-200X_r00000_c02048.npy,62990661-C-200X.JPG,200,failed,2.200000380980782e-06,RuntimeError: operator torchvision::nms does not exist
2026-08-29T16:14:33.678761+00:00,cellpose,62990661-C-200X_r00000_c02304.npy,62990661-C-200X.JPG,200,failed,1.5000005078036338e-06,RuntimeError: operator torchvision::nms does not exist
2026-08-29T16:14:33.690711+00:00,cellpose,62990661-C-200X_r00000_c02560.npy,62990661-C-200X.JPG,200,failed,1.8999999156221747e-06,RuntimeError: operator torchvision::nms does not exist
2026-08-29T16:14:33.702244+00:00,cellpose,62990661-C-200X_r00000_c02816.npy,62990661-C-200X.JPG,200,failed,2.100000529026147e-06,RuntimeError: operator torchvision::nms does not exist
2026-08-29T16:14:33.714347+00:00,cellpose,62990661-C-200X_r00000_c02944.npy,62990661-C-200X.JPG,200,failed,2.8000004022032954e-06,RuntimeError: operator torchvision::nms does not exist
2026-08-29T16:14:33.726187+00:00,cellpose,62990661-C-200X_r00256_c00000.npy,62990661-C-200X.JPG,200,failed,1.8999999156221747e-06,RuntimeError: operator torchvision::nms does not exist
2026-08-29T16:14:33.739328+00:00,cellpose,62990661-C-200X_r00256_c00256.npy,62990661-C-200X.JPG,200,failed,2.399999175395351e-06,RuntimeError: operator torchvision::nms does not exist
2026-08-29T16:14:33.751225+00:00,cellpose,62990661-C-200X_r00256_c00512.npy,62990661-C-200X.JPG,200,failed,1.8000000636675395e-06,RuntimeError: operator torchvision::nms does not exist
2026-08-29T16:14:33.763408+00:00,cellpose,62990661-C-200X_r00256_c00768.npy,62990661-C-200X.JPG,200,failed,1.5999994502635673e-06,RuntimeError: operator torchvision::nms does not exist
2026-08-29T16:14:33.775526+00:00,cellpose,62990661-C-200X_r00256_c01024.npy,62990661-C-200X.JPG,200,failed,2.599999788799323e-06,RuntimeError: operator torchvision::nms does not exist
2026-08-29T16:14:33.788085+00:00,cellpose,62990661-C-200X_r00256_c01280.npy,62990661-C-200X.JPG,200,failed,1.6999993022182025e-06,RuntimeError: operator torchvision::nms does not exist
2026-08-29T16:14:33.798535+00:00,cellpose,62990661-C-200X_r00256_c01536.npy,62990661-C-200X.JPG,200,failed,2.499999936844688e-06,RuntimeError: operator torchvision::nms does not exist
2026-08-29T16:14:33.810875+00:00,cellpose,62990661-C-200X_r00256_c01792.npy,62990661-C-200X.JPG,200,failed,1.499999598308932e-06,RuntimeError: operator torchvision::nms does not exist
2026-08-29T16:14:33.821394+00:00,cellpose,62990661-C-200X_r00256_c02048.npy,62990661-C-200X.JPG,200,failed,2.200000380980782e-06,RuntimeError: operator torchvision::nms does not exist
2026-08-29T16:14:33.833389+00:00,cellpose,62990661-C-200X_r00256_c02304.npy,62990661-C-200X.JPG,200,failed,1.8999999156221747e-06,RuntimeError: operator torchvision::nms does not exist
2026-08-29T16:14:33.843532+00:00,cellpose,62990661-C-200X_r00256_c02560.npy,62990661-C-200X.JPG,200,failed,1.600000359758269e-06,RuntimeError: operator torchvision::nms does not exist
2026-08-29T16:14:33.854405+00:00,cellpose,62990661-C-200X_r00256_c02816.npy,62990661-C-200X.JPG,200,failed,1.7999991541728377e-06,RuntimeError: operator torchvision::nms does not exist
2026-08-29T16:14:33.865169+00:00,cellpose,62990661-C-200X_r00256_c02944.npy,62990661-C-200X.JPG,200,failed,2.099999619531445e-06,RuntimeError: operator torchvision::nms does not exist
2026-08-29T16:14:33.877886+00:00,cellpose,62990661-C-200X_r00512_c00000.npy,62990661-C-200X.JPG,200,failed,1.600000359758269e-06,RuntimeError: operator torchvision::nms does not exist
2026-08-29T16:14:33.893853+00:00,cellpose,62990661-C-200X_r00512_c00256.npy,62990661-C-200X.JPG,200,failed,2.1999994714860804e-06,RuntimeError: operator torchvision::nms does not exist
2026-08-29T16:14:33.906423+00:00,cellpose,62990661-C-200X_r00512_c00512.npy,62990661-C-200X.JPG,200,failed,1.8999999156221747e-06,RuntimeError: operator torchvision::nms does not exist
2026-08-29T16:14:33.918638+00:00,cellpose,62990661-C-200X_r00512_c00768.npy,62990661-C-200X.JPG,200,failed,3.600000127335079e-06,RuntimeError: operator torchvision::nms does not exist
2026-08-29T16:14:33.929898+00:00,cellpose,62990661-C-200X_r00512_c01024.npy,62990661-C-200X.JPG,200,failed,1.9000008251168765e-06,RuntimeError: operator torchvision::nms does not exist
2026-08-29T16:14:33.940678+00:00,cellpose,62990661-C-200X_r00512_c01280.npy,62990661-C-200X.JPG,200,failed,1.6999993022182025e-06,RuntimeError: operator torchvision::nms does not exist
2026-08-29T16:14:33.952996+00:00,cellpose,62990661-C-200X_r00512_c01536.npy,62990661-C-200X.JPG,200,failed,1.7000002117129043e-06,RuntimeError: operator torchvision::nms does not exist
2026-08-29T16:14:33.963941+00:00,cellpose,62990661-C-200X_r00512_c01792.npy,62990661-C-200X.JPG,200,failed,1.99999976757681e-06,RuntimeError: operator torchvision::nms does not exist
2026-08-29T16:14:33.974459+00:00,cellpose,62990661-C-200X_r00512_c02048.npy,62990661-C-200X.JPG,200,failed,1.600000359758269e-06,RuntimeError: operator torchvision::nms does not exist
2026-08-29T16:14:33.986050+00:00,cellpose,62990661-C-200X_r00512_c02304.npy,62990661-C-200X.JPG,200,failed,1.8000000636675395e-06,RuntimeError: operator torchvision::nms does not exist
2026-08-29T16:14:33.996463+00:00,cellpose,62990661-C-200X_r00512_c02560.npy,62990661-C-200X.JPG,200,failed,1.7000002117129043e-06,RuntimeError: operator torchvision::nms does not exist
2026-08-29T16:14:34.013356+00:00,cellpose,62990661-C-200X_r00512_c02816.npy,62990661-C-200X.JPG,200,failed,1.9000008251168765e-06,RuntimeError: operator torchvision::nms does not exist
2026-08-29T16:14:34.023559+00:00,cellpose,62990661-C-200X_r00512_c02944.npy,62990661-C-200X.JPG,200,failed,1.7000002117129043e-06,RuntimeError: operator torchvision::nms does not exist
2026-08-29T16:14:34.035103+00:00,cellpose,62990661-C-200X_r00768_c00000.npy,62990661-C-200X.JPG,200,failed,2.099999619531445e-06,RuntimeError: operator torchvision::nms does not exist
2026-08-29T16:14:34.044935+00:00,cellpose,62990661-C-200X_r00768_c00256.npy,62990661-C-200X.JPG,200,failed,1.7000002117129043e-06,RuntimeError: operator torchvision::nms does not exist
2026-08-29T16:14:34.056301+00:00,cellpose,62990661-C-200X_r00768_c00512.npy,62990661-C-200X.JPG,200,failed,1.8999999156221747e-06,RuntimeError: operator torchvision::nms does not exist
2026-08-29T16:14:34.067172+00:00,cellpose,62990661-C-200X_r00768_c00768.npy,62990661-C-200X.JPG,200,failed,2.0000006770715117e-06,RuntimeError: operator torchvision::nms does not exist
2026-08-29T16:14:34.078488+00:00,cellpose,62990661-C-200X_r00768_c01024.npy,62990661-C-200X.JPG,200,failed,1.8000000636675395e-06,RuntimeError: operator torchvision::nms does not exist
2026-08-29T16:14:34.092151+00:00,cellpose,62990661-C-200X_r00768_c01280.npy,62990661-C-200X.JPG,200,failed,1.6999993022182025e-06,RuntimeError: operator torchvision::nms does not exist
2026-08-29T16:14:34.105500+00:00,cellpose,62990661-C-200X_r00768_c01536.npy,62990661-C-200X.JPG,200,failed,2.1999994714860804e-06,RuntimeError: operator torchvision::nms does not exist
2026-08-29T16:14:34.116098+00:00,cellpose,62990661-C-200X_r00768_c01792.npy,62990661-C-200X.JPG,200,failed,1.5999994502635673e-06,RuntimeError: operator torchvision::nms does not exist
2026-08-29T16:14:34.125898+00:00,cellpose,62990661-C-200X_r00768_c02048.npy,62990661-C-200X.JPG,200,failed,1.5000005078036338e-06,RuntimeError: operator torchvision::nms does not exist
2026-08-29T16:14:34.139387+00:00,cellpose,62990661-C-200X_r00768_c02304.npy,62990661-C-200X.JPG,200,failed,2.099999619531445e-06,RuntimeError: operator torchvision::nms does not exist
2026-08-29T16:14:34.149203+00:00,cellpose,62990661-C-200X_r00768_c02560.npy,62990661-C-200X.JPG,200,failed,1.5000005078036338e-06,RuntimeError: operator torchvision::nms does not exist
2026-08-29T16:14:34.160793+00:00,cellpose,62990661-C-200X_r00768_c02816.npy,62990661-C-200X.JPG,200,failed,1.8000000636675395e-06,RuntimeError: operator torchvision::nms does not exist
2026-08-29T16:14:34.171064+00:00,cellpose,62990661-C-200X_r00768_c02944.npy,62990661-C-200X.JPG,200,failed,1.8000000636675395e-06,RuntimeError: operator torchvision::nms does not exist
2026-08-29T16:14:34.182205+00:00,cellpose,62990661-C-200X_r01024_c00000.npy,62990661-C-200X.JPG,200,failed,1.9000008251168765e-06,RuntimeError: operator torchvision::nms does not exist
2026-08-29T16:14:34.193530+00:00,cellpose,62990661-C-200X_r01024_c00256.npy,62990661-C-200X.JPG,200,failed,2.4000000848900527e-06,RuntimeError: operator torchvision::nms does not exist
2026-08-29T16:14:34.205673+00:00,cellpose,62990661-C-200X_r01024_c00512.npy,62990661-C-200X.JPG,200,failed,2.200000380980782e-06,RuntimeError: operator torchvision::nms does not exist
2026-08-29T16:14:34.215658+00:00,cellpose,62990661-C-200X_r01024_c00768.npy,62990661-C-200X.JPG,200,failed,1.8999999156221747e-06,RuntimeError: operator torchvision::nms does not exist
2026-08-29T16:14:34.226353+00:00,cellpose,62990661-C-200X_r01024_c01024.npy,62990661-C-200X.JPG,200,failed,1.600000359758269e-06,RuntimeError: operator torchvision::nms does not exist
2026-08-29T16:14:34.238488+00:00,cellpose,62990661-C-200X_r01024_c01280.npy,62990661-C-200X.JPG,200,failed,1.99999976757681e-06,RuntimeError: operator torchvision::nms does not exist
2026-08-29T16:14:34.249022+00:00,cellpose,62990661-C-200X_r01024_c01536.npy,62990661-C-200X.JPG,200,failed,1.8999999156221747e-06,RuntimeError: operator torchvision::nms does not exist
2026-08-29T16:14:34.264177+00:00,cellpose,62990661-C-200X_r01024_c01792.npy,62990661-C-200X.JPG,200,failed,1.7000002117129043e-06,RuntimeError: operator torchvision::nms does not exist
2026-08-29T16:14:34.274664+00:00,cellpose,62990661-C-200X_r01024_c02048.npy,62990661-C-200X.JPG,200,failed,1.499999598308932e-06,RuntimeError: operator torchvision::nms does not exist
2026-08-29T16:14:34.286352+00:00,cellpose,62990661-C-200X_r01024_c02304.npy,62990661-C-200X.JPG,200,failed,1.8999999156221747e-06,RuntimeError: operator torchvision::nms does not exist
2026-08-29T16:14:34.296455+00:00,cellpose,62990661-C-200X_r01024_c02560.npy,62990661-C-200X.JPG,200,failed,1.9000008251168765e-06,RuntimeError: operator torchvision::nms does not exist
2026-08-29T16:14:34.308434+00:00,cellpose,62990661-C-200X_r01024_c02816.npy,62990661-C-200X.JPG,200,failed,1.600000359758269e-06,RuntimeError: operator torchvision::nms does not exist
2026-08-29T16:14:34.318165+00:00,cellpose,62990661-C-200X_r01024_c02944.npy,62990661-C-200X.JPG,200,failed,2.200000380980782e-06,RuntimeError: operator torchvision::nms does not exist
2026-08-29T16:14:34.329182+00:00,cellpose,62990661-C-200X_r01280_c00000.npy,62990661-C-200X.JPG,200,failed,1.7000002117129043e-06,RuntimeError: operator torchvision::nms does not exist
2026-08-29T16:14:34.339180+00:00,cellpose,62990661-C-200X_r01280_c00256.npy,62990661-C-200X.JPG,200,failed,1.5999994502635673e-06,RuntimeError: operator torchvision::nms does not exist
2026-08-29T16:14:34.350073+00:00,cellpose,62990661-C-200X_r01280_c00512.npy,62990661-C-200X.JPG,200,failed,2.0000006770715117e-06,RuntimeError: operator torchvision::nms does not exist
2026-08-29T16:14:34.359907+00:00,cellpose,62990661-C-200X_r01280_c00768.npy,62990661-C-200X.JPG,200,failed,1.5999994502635673e-06,RuntimeError: operator torchvision::nms does not exist
2026-08-29T16:14:34.371721+00:00,cellpose,62990661-C-200X_r01280_c01024.npy,62990661-C-200X.JPG,200,failed,2.4000000848900527e-06,RuntimeError: operator torchvision::nms does not exist
2026-08-29T16:14:34.381273+00:00,cellpose,62990661-C-200X_r01280_c01280.npy,62990661-C-200X.JPG,200,failed,1.6999993022182025e-06,RuntimeError: operator torchvision::nms does not exist
2026-08-29T16:14:34.400198+00:00,cellpose,62990661-C-200X_r01280_c01536.npy,62990661-C-200X.JPG,200,failed,2.499999936844688e-06,RuntimeError: operator torchvision::nms does not exist
2026-08-29T16:14:34.418398+00:00,cellpose,62990661-C-200X_r01280_c01792.npy,62990661-C-200X.JPG,200,failed,1.5999994502635673e-06,RuntimeError: operator torchvision::nms does not exist
2026-08-29T16:14:34.428986+00:00,cellpose,62990661-C-200X_r01280_c02048.npy,62990661-C-200X.JPG,200,failed,1.5999994502635673e-06,RuntimeError: operator torchvision::nms does not exist
2026-08-29T16:14:34.439549+00:00,cellpose,62990661-C-200X_r01280_c02304.npy,62990661-C-200X.JPG,200,failed,1.8000000636675395e-06,RuntimeError: operator torchvision::nms does not exist
2026-08-29T16:14:34.449414+00:00,cellpose,62990661-C-200X_r01280_c02560.npy,62990661-C-200X.JPG,200,failed,2.200000380980782e-06,RuntimeError: operator torchvision::nms does not exist
2026-08-29T16:14:34.462258+00:00,cellpose,62990661-C-200X_r01280_c02816.npy,62990661-C-200X.JPG,200,failed,1.8000000636675395e-06,RuntimeError: operator torchvision::nms does not exist
2026-08-29T16:14:34.473377+00:00,cellpose,62990661-C-200X_r01280_c02944.npy,62990661-C-200X.JPG,200,failed,1.600000359758269e-06,RuntimeError: operator torchvision::nms does not exist
2026-08-29T16:14:34.484776+00:00,cellpose,62990661-C-200X_r01536_c00000.npy,62990661-C-200X.JPG,200,failed,1.8999999156221747e-06,RuntimeError: operator torchvision::nms does not exist
2026-08-29T16:14:34.495187+00:00,cellpose,62990661-C-200X_r01536_c00256.npy,62990661-C-200X.JPG,200,failed,1.9000008251168765e-06,RuntimeError: operator torchvision::nms does not exist
2026-08-29T16:14:34.507245+00:00,cellpose,62990661-C-200X_r01536_c00512.npy,62990661-C-200X.JPG,200,failed,2.499999936844688e-06,RuntimeError: operator torchvision::nms does not exist
2026-08-29T16:14:34.517594+00:00,cellpose,62990661-C-200X_r01536_c00768.npy,62990661-C-200X.JPG,200,failed,3.1999998100218363e-06,RuntimeError: operator torchvision::nms does not exist
2026-08-29T16:14:34.529027+00:00,cellpose,62990661-C-200X_r01536_c01024.npy,62990661-C-200X.JPG,200,failed,1.8999999156221747e-06,RuntimeError: operator torchvision::nms does not exist
2026-08-29T16:14:34.539260+00:00,cellpose,62990661-C-200X_r01536_c01280.npy,62990661-C-200X.JPG,200,failed,1.698999767540954e-06,RuntimeError: operator torchvision::nms does not exist
2026-08-29T16:14:34.550763+00:00,cellpose,62990661-C-200X_r01536_c01536.npy,62990661-C-200X.JPG,200,failed,1.5999994502635673e-06,RuntimeError: operator torchvision::nms does not exist
2026-08-29T16:14:34.560595+00:00,cellpose,62990661-C-200X_r01536_c01792.npy,62990661-C-200X.JPG,200,failed,1.8999999156221747e-06,RuntimeError: operator torchvision::nms does not exist
2026-08-29T16:14:34.572966+00:00,cellpose,62990661-C-200X_r01536_c02048.npy,62990661-C-200X.JPG,200,failed,1.499999598308932e-06,RuntimeError: operator torchvision::nms does not exist
2026-08-29T16:14:34.586132+00:00,cellpose,62990661-C-200X_r01536_c02304.npy,62990661-C-200X.JPG,200,failed,1.8999999156221747e-06,RuntimeError: operator torchvision::nms does not exist
2026-08-29T16:14:34.596068+00:00,cellpose,62990661-C-200X_r01536_c02560.npy,62990661-C-200X.JPG,200,failed,1.7000002117129043e-06,RuntimeError: operator torchvision::nms does not exist
2026-08-29T16:14:34.610191+00:00,cellpose,62990661-C-200X_r01536_c02816.npy,62990661-C-200X.JPG,200,failed,1.8999999156221747e-06,RuntimeError: operator torchvision::nms does not exist
2026-08-29T16:14:34.620928+00:00,cellpose,62990661-C-200X_r01536_c02944.npy,62990661-C-200X.JPG,200,failed,1.8000000636675395e-06,RuntimeError: operator torchvision::nms does not exist
2026-08-29T16:14:34.632429+00:00,cellpose,62990661-C-200X_r01792_c00000.npy,62990661-C-200X.JPG,200,failed,1.7000002117129043e-06,RuntimeError: operator torchvision::nms does not exist
2026-08-29T16:14:34.643856+00:00,cellpose,62990661-C-200X_r01792_c00256.npy,62990661-C-200X.JPG,200,failed,2.099999619531445e-06,RuntimeError: operator torchvision::nms does not exist
2026-08-29T16:14:34.655537+00:00,cellpose,62990661-C-200X_r01792_c00512.npy,62990661-C-200X.JPG,200,failed,1.7000002117129043e-06,RuntimeError: operator torchvision::nms does not exist
2026-08-29T16:14:34.665291+00:00,cellpose,62990661-C-200X_r01792_c00768.npy,62990661-C-200X.JPG,200,failed,1.6999993022182025e-06,RuntimeError: operator torchvision::nms does not exist
2026-08-29T16:14:34.678247+00:00,cellpose,62990661-C-200X_r01792_c01024.npy,62990661-C-200X.JPG,200,failed,2.1999994714860804e-06,RuntimeError: operator torchvision::nms does not exist
2026-08-29T16:14:34.690732+00:00,cellpose,62990661-C-200X_r01792_c01280.npy,62990661-C-200X.JPG,200,failed,1.7000002117129043e-06,RuntimeError: operator torchvision::nms does not exist
2026-08-29T16:14:34.701481+00:00,cellpose,62990661-C-200X_r01792_c01536.npy,62990661-C-200X.JPG,200,failed,2.099999619531445e-06,RuntimeError: operator torchvision::nms does not exist
2026-08-29T16:14:34.711089+00:00,cellpose,62990661-C-200X_r01792_c01792.npy,62990661-C-200X.JPG,200,failed,1.600000359758269e-06,RuntimeError: operator torchvision::nms does not exist
2026-08-29T16:14:34.728568+00:00,cellpose,62990661-C-200X_r01792_c02048.npy,62990661-C-200X.JPG,200,failed,2.4000000848900527e-06,RuntimeError: operator torchvision::nms does not exist
2026-08-29T16:14:34.739298+00:00,cellpose,62990661-C-200X_r01792_c02304.npy,62990661-C-200X.JPG,200,failed,1.499999598308932e-06,RuntimeError: operator torchvision::nms does not exist
2026-08-29T16:14:34.750433+00:00,cellpose,62990661-C-200X_r01792_c02560.npy,62990661-C-200X.JPG,200,failed,2.3000002329354174e-06,RuntimeError: operator torchvision::nms does not exist
2026-08-29T16:14:34.760097+00:00,cellpose,62990661-C-200X_r01792_c02816.npy,62990661-C-200X.JPG,200,failed,1.5000005078036338e-06,RuntimeError: operator torchvision::nms does not exist
2026-08-29T16:14:34.771401+00:00,cellpose,62990661-C-200X_r01792_c02944.npy,62990661-C-200X.JPG,200,failed,1.99999976757681e-06,RuntimeError: operator torchvision::nms does not exist
2026-08-29T16:14:34.781405+00:00,cellpose,62990661-R-100X_r00000_c00000.npy,62990661-R-100X.JPG,100,failed,1.8000000636675395e-06,RuntimeError: operator torchvision::nms does not exist
2026-08-29T16:14:34.794126+00:00,cellpose,62990661-R-100X_r00000_c00256.npy,62990661-R-100X.JPG,100,failed,1.8000000636675395e-06,RuntimeError: operator torchvision::nms does not exist
2026-08-29T16:14:34.805819+00:00,cellpose,62990661-R-100X_r00000_c00512.npy,62990661-R-100X.JPG,100,failed,1.6999993022182025e-06,RuntimeError: operator torchvision::nms does not exist
2026-08-29T16:14:34.817289+00:00,cellpose,62990661-R-100X_r00000_c00768.npy,62990661-R-100X.JPG,100,failed,1.99999976757681e-06,RuntimeError: operator torchvision::nms does not exist
2026-08-29T16:14:34.827799+00:00,cellpose,62990661-R-100X_r00000_c01024.npy,62990661-R-100X.JPG,100,failed,1.7000002117129043e-06,RuntimeError: operator torchvision::nms does not exist
2026-08-29T16:14:34.841017+00:00,cellpose,62990661-R-100X_r00000_c01280.npy,62990661-R-100X.JPG,100,failed,2.100000529026147e-06,RuntimeError: operator torchvision::nms does not exist
2026-08-29T16:14:34.853114+00:00,cellpose,62990661-R-100X_r00000_c01536.npy,62990661-R-100X.JPG,100,failed,3.2999996619764715e-06,RuntimeError: operator torchvision::nms does not exist
2026-08-29T16:14:34.863228+00:00,cellpose,62990661-R-100X_r00000_c01792.npy,62990661-R-100X.JPG,100,failed,2.8000004022032954e-06,RuntimeError: operator torchvision::nms does not exist
2026-08-29T16:14:34.875317+00:00,cellpose,62990661-R-100X_r00000_c02048.npy,62990661-R-100X.JPG,100,failed,1.8000000636675395e-06,RuntimeError: operator torchvision::nms does not exist
2026-08-29T16:14:34.885739+00:00,cellpose,62990661-R-100X_r00000_c02304.npy,62990661-R-100X.JPG,100,failed,2.099999619531445e-06,RuntimeError: operator torchvision::nms does not exist
2026-08-29T16:14:34.904671+00:00,cellpose,62990661-R-100X_r00000_c02560.npy,62990661-R-100X.JPG,100,failed,1.600000359758269e-06,RuntimeError: operator torchvision::nms does not exist
2026-08-29T16:14:34.915252+00:00,cellpose,62990661-R-100X_r00000_c02816.npy,62990661-R-100X.JPG,100,failed,1.8999999156221747e-06,RuntimeError: operator torchvision::nms does not exist
2026-08-29T16:14:34.926873+00:00,cellpose,62990661-R-100X_r00000_c02944.npy,62990661-R-100X.JPG,100,failed,2.099999619531445e-06,RuntimeError: operator torchvision::nms does not exist
2026-08-29T16:14:34.936987+00:00,cellpose,62990661-R-100X_r00256_c00000.npy,62990661-R-100X.JPG,100,failed,1.8000000636675395e-06,RuntimeError: operator torchvision::nms does not exist
2026-08-29T16:14:34.949008+00:00,cellpose,62990661-R-100X_r00256_c00256.npy,62990661-R-100X.JPG,100,failed,1.6999993022182025e-06,RuntimeError: operator torchvision::nms does not exist
2026-08-29T16:14:34.959727+00:00,cellpose,62990661-R-100X_r00256_c00512.npy,62990661-R-100X.JPG,100,failed,1.8000000636675395e-06,RuntimeError: operator torchvision::nms does not exist
2026-08-29T16:14:34.970446+00:00,cellpose,62990661-R-100X_r00256_c00768.npy,62990661-R-100X.JPG,100,failed,1.99999976757681e-06,RuntimeError: operator torchvision::nms does not exist
2026-08-29T16:14:34.992202+00:00,cellpose,62990661-R-100X_r00256_c01024.npy,62990661-R-100X.JPG,100,failed,1.9000008251168765e-06,RuntimeError: operator torchvision::nms does not exist
2026-08-29T16:14:35.003446+00:00,cellpose,62990661-R-100X_r00256_c01280.npy,62990661-R-100X.JPG,100,failed,1.7000002117129043e-06,RuntimeError: operator torchvision::nms does not exist
2026-08-29T16:14:35.015423+00:00,cellpose,62990661-R-100X_r00256_c01536.npy,62990661-R-100X.JPG,100,failed,3.000000106112566e-06,RuntimeError: operator torchvision::nms does not exist
2026-08-29T16:14:35.026417+00:00,cellpose,62990661-R-100X_r00256_c01792.npy,62990661-R-100X.JPG,100,failed,1.8000000636675395e-06,RuntimeError: operator torchvision::nms does not exist
2026-08-29T16:14:35.037912+00:00,cellpose,62990661-R-100X_r00256_c02048.npy,62990661-R-100X.JPG,100,failed,2.200000380980782e-06,RuntimeError: operator torchvision::nms does not exist
2026-08-29T16:14:35.047914+00:00,cellpose,62990661-R-100X_r00256_c02304.npy,62990661-R-100X.JPG,100,failed,1.7000002117129043e-06,RuntimeError: operator torchvision::nms does not exist
2026-08-29T16:14:35.059653+00:00,cellpose,62990661-R-100X_r00256_c02560.npy,62990661-R-100X.JPG,100,failed,1.8000000636675395e-06,RuntimeError: operator torchvision::nms does not exist
2026-08-29T16:14:35.070270+00:00,cellpose,62990661-R-100X_r00256_c02816.npy,62990661-R-100X.JPG,100,failed,1.8000000636675395e-06,RuntimeError: operator torchvision::nms does not exist
2026-08-29T16:14:35.082191+00:00,cellpose,62990661-R-100X_r00256_c02944.npy,62990661-R-100X.JPG,100,failed,1.8999999156221747e-06,RuntimeError: operator torchvision::nms does not exist
2026-08-29T16:14:35.093152+00:00,cellpose,62990661-R-100X_r00512_c00000.npy,62990661-R-100X.JPG,100,failed,1.5999994502635673e-06,RuntimeError: operator torchvision::nms does not exist
2026-08-29T16:14:35.105635+00:00,cellpose,62990661-R-100X_r00512_c00256.npy,62990661-R-100X.JPG,100,failed,1.8999999156221747e-06,RuntimeError: operator torchvision::nms does not exist
2026-08-29T16:14:35.115796+00:00,cellpose,62990661-R-100X_r00512_c00512.npy,62990661-R-100X.JPG,100,failed,1.7000002117129043e-06,RuntimeError: operator torchvision::nms does not exist
2026-08-29T16:14:35.128460+00:00,cellpose,62990661-R-100X_r00512_c00768.npy,62990661-R-100X.JPG,100,failed,1.7000002117129043e-06,RuntimeError: operator torchvision::nms does not exist
2026-08-29T16:14:35.140001+00:00,cellpose,62990661-R-100X_r00512_c01024.npy,62990661-R-100X.JPG,100,failed,2.0000006770715117e-06,RuntimeError: operator torchvision::nms does not exist
2026-08-29T16:14:35.150164+00:00,cellpose,62990661-R-100X_r00512_c01280.npy,62990661-R-100X.JPG,100,failed,1.8999999156221747e-06,RuntimeError: operator torchvision::nms does not exist
2026-08-29T16:14:35.162478+00:00,cellpose,62990661-R-100X_r00512_c01536.npy,62990661-R-100X.JPG,100,failed,1.6999993022182025e-06,RuntimeError: operator torchvision::nms does not exist
2026-08-29T16:14:35.173137+00:00,cellpose,62990661-R-100X_r00512_c01792.npy,62990661-R-100X.JPG,100,failed,2.099999619531445e-06,RuntimeError: operator torchvision::nms does not exist
2026-08-29T16:14:35.184611+00:00,cellpose,62990661-R-100X_r00512_c02048.npy,62990661-R-100X.JPG,100,failed,1.7000002117129043e-06,RuntimeError: operator torchvision::nms does not exist
2026-08-29T16:14:35.194526+00:00,cellpose,62990661-R-100X_r00512_c02304.npy,62990661-R-100X.JPG,100,failed,1.3999997463542968e-06,RuntimeError: operator torchvision::nms does not exist
2026-08-29T16:14:35.207737+00:00,cellpose,62990661-R-100X_r00512_c02560.npy,62990661-R-100X.JPG,100,failed,1.8999999156221747e-06,RuntimeError: operator torchvision::nms does not exist
2026-08-29T16:14:35.219522+00:00,cellpose,62990661-R-100X_r00512_c02816.npy,62990661-R-100X.JPG,100,failed,3.2999996619764715e-06,RuntimeError: operator torchvision::nms does not exist
2026-08-29T16:14:35.230837+00:00,cellpose,62990661-R-100X_r00512_c02944.npy,62990661-R-100X.JPG,100,failed,1.5999994502635673e-06,RuntimeError: operator torchvision::nms does not exist
2026-08-29T16:14:35.252796+00:00,cellpose,62990661-R-100X_r00768_c00000.npy,62990661-R-100X.JPG,100,failed,1.5999994502635673e-06,RuntimeError: operator torchvision::nms does not exist
2026-08-29T16:14:35.263645+00:00,cellpose,62990661-R-100X_r00768_c00256.npy,62990661-R-100X.JPG,100,failed,1.600000359758269e-06,RuntimeError: operator torchvision::nms does not exist
2026-08-29T16:14:35.274115+00:00,cellpose,62990661-R-100X_r00768_c00512.npy,62990661-R-100X.JPG,100,failed,1.600000359758269e-06,RuntimeError: operator torchvision::nms does not exist
2026-08-29T16:14:35.287119+00:00,cellpose,62990661-R-100X_r00768_c00768.npy,62990661-R-100X.JPG,100,failed,1.7000002117129043e-06,RuntimeError: operator torchvision::nms does not exist
2026-08-29T16:14:35.296868+00:00,cellpose,62990661-R-100X_r00768_c01024.npy,62990661-R-100X.JPG,100,failed,1.7999991541728377e-06,RuntimeError: operator torchvision::nms does not exist
2026-08-29T16:14:35.306942+00:00,cellpose,62990661-R-100X_r00768_c01280.npy,62990661-R-100X.JPG,100,failed,1.7000002117129043e-06,RuntimeError: operator torchvision::nms does not exist
2026-08-29T16:14:35.319400+00:00,cellpose,62990661-R-100X_r00768_c01536.npy,62990661-R-100X.JPG,100,failed,1.8999999156221747e-06,RuntimeError: operator torchvision::nms does not exist
2026-08-29T16:14:35.329114+00:00,cellpose,62990661-R-100X_r00768_c01792.npy,62990661-R-100X.JPG,100,failed,1.7000002117129043e-06,RuntimeError: operator torchvision::nms does not exist
2026-08-29T16:14:35.340017+00:00,cellpose,62990661-R-100X_r00768_c02048.npy,62990661-R-100X.JPG,100,failed,1.8000000636675395e-06,RuntimeError: operator torchvision::nms does not exist
2026-08-29T16:14:35.351258+00:00,cellpose,62990661-R-100X_r00768_c02304.npy,62990661-R-100X.JPG,100,failed,2.4000000848900527e-06,RuntimeError: operator torchvision::nms does not exist
2026-08-29T16:14:35.361485+00:00,cellpose,62990661-R-100X_r00768_c02560.npy,62990661-R-100X.JPG,100,failed,1.8999999156221747e-06,RuntimeError: operator torchvision::nms does not exist
2026-08-29T16:14:35.373213+00:00,cellpose,62990661-R-100X_r00768_c02816.npy,62990661-R-100X.JPG,100,failed,1.7000002117129043e-06,RuntimeError: operator torchvision::nms does not exist
2026-08-29T16:14:35.383119+00:00,cellpose,62990661-R-100X_r00768_c02944.npy,62990661-R-100X.JPG,100,failed,3.2999996619764715e-06,RuntimeError: operator torchvision::nms does not exist
2026-08-29T16:14:35.395044+00:00,cellpose,62990661-R-100X_r01024_c00000.npy,62990661-R-100X.JPG,100,failed,1.8000000636675395e-06,RuntimeError: operator torchvision::nms does not exist
2026-08-29T16:14:35.405205+00:00,cellpose,62990661-R-100X_r01024_c00256.npy,62990661-R-100X.JPG,100,failed,1.99999976757681e-06,RuntimeError: operator torchvision::nms does not exist
2026-08-29T16:14:35.415392+00:00,cellpose,62990661-R-100X_r01024_c00512.npy,62990661-R-100X.JPG,100,failed,1.8000000636675395e-06,RuntimeError: operator torchvision::nms does not exist
2026-08-29T16:14:35.427608+00:00,cellpose,62990661-R-100X_r01024_c00768.npy,62990661-R-100X.JPG,100,failed,1.7000002117129043e-06,RuntimeError: operator torchvision::nms does not exist
2026-08-29T16:14:35.439097+00:00,cellpose,62990661-R-100X_r01024_c01024.npy,62990661-R-100X.JPG,100,failed,1.8000000636675395e-06,RuntimeError: operator torchvision::nms does not exist
2026-08-29T16:14:35.449085+00:00,cellpose,62990661-R-100X_r01024_c01280.npy,62990661-R-100X.JPG,100,failed,2.6999996407539584e-06,RuntimeError: operator torchvision::nms does not exist
2026-08-29T16:14:35.460288+00:00,cellpose,62990661-R-100X_r01024_c01536.npy,62990661-R-100X.JPG,100,failed,1.8000000636675395e-06,RuntimeError: operator torchvision::nms does not exist
2026-08-29T16:14:35.470570+00:00,cellpose,62990661-R-100X_r01024_c01792.npy,62990661-R-100X.JPG,100,failed,2.3000002329354174e-06,RuntimeError: operator torchvision::nms does not exist
2026-08-29T16:14:35.482968+00:00,cellpose,62990661-R-100X_r01024_c02048.npy,62990661-R-100X.JPG,100,failed,1.6999993022182025e-06,RuntimeError: operator torchvision::nms does not exist
2026-08-29T16:14:35.493648+00:00,cellpose,62990661-R-100X_r01024_c02304.npy,62990661-R-100X.JPG,100,failed,1.7000002117129043e-06,RuntimeError: operator torchvision::nms does not exist
2026-08-29T16:14:35.504365+00:00,cellpose,62990661-R-100X_r01024_c02560.npy,62990661-R-100X.JPG,100,failed,1.7000002117129043e-06,RuntimeError: operator torchvision::nms does not exist
2026-08-29T16:14:35.515492+00:00,cellpose,62990661-R-100X_r01024_c02816.npy,62990661-R-100X.JPG,100,failed,1.8000000636675395e-06,RuntimeError: operator torchvision::nms does not exist
2026-08-29T16:14:35.526111+00:00,cellpose,62990661-R-100X_r01024_c02944.npy,62990661-R-100X.JPG,100,failed,2.100000529026147e-06,RuntimeError: operator torchvision::nms does not exist
2026-08-29T16:14:35.536713+00:00,cellpose,62990661-R-100X_r01280_c00000.npy,62990661-R-100X.JPG,100,failed,1.8999999156221747e-06,RuntimeError: operator torchvision::nms does not exist
2026-08-29T16:14:35.548576+00:00,cellpose,62990661-R-100X_r01280_c00256.npy,62990661-R-100X.JPG,100,failed,1.600000359758269e-06,RuntimeError: operator torchvision::nms does not exist
2026-08-29T16:14:35.559281+00:00,cellpose,62990661-R-100X_r01280_c00512.npy,62990661-R-100X.JPG,100,failed,1.8000000636675395e-06,RuntimeError: operator torchvision::nms does not exist
2026-08-29T16:14:35.570165+00:00,cellpose,62990661-R-100X_r01280_c00768.npy,62990661-R-100X.JPG,100,failed,2.0000006770715117e-06,RuntimeError: operator torchvision::nms does not exist
2026-08-29T16:14:35.581193+00:00,cellpose,62990661-R-100X_r01280_c01024.npy,62990661-R-100X.JPG,100,failed,1.8999999156221747e-06,RuntimeError: operator torchvision::nms does not exist
2026-08-29T16:14:35.591913+00:00,cellpose,62990661-R-100X_r01280_c01280.npy,62990661-R-100X.JPG,100,failed,1.8000000636675395e-06,RuntimeError: operator torchvision::nms does not exist
2026-08-29T16:14:35.604215+00:00,cellpose,62990661-R-100X_r01280_c01536.npy,62990661-R-100X.JPG,100,failed,2.3000002329354174e-06,RuntimeError: operator torchvision::nms does not exist
2026-08-29T16:14:35.624500+00:00,cellpose,62990661-R-100X_r01280_c01792.npy,62990661-R-100X.JPG,100,failed,2.099999619531445e-06,RuntimeError: operator torchvision::nms does not exist
2026-08-29T16:14:35.634835+00:00,cellpose,62990661-R-100X_r01280_c02048.npy,62990661-R-100X.JPG,100,failed,1.8999999156221747e-06,RuntimeError: operator torchvision::nms does not exist
2026-08-29T16:14:35.645929+00:00,cellpose,62990661-R-100X_r01280_c02304.npy,62990661-R-100X.JPG,100,failed,1.8000000636675395e-06,RuntimeError: operator torchvision::nms does not exist
2026-08-29T16:14:35.657919+00:00,cellpose,62990661-R-100X_r01280_c02560.npy,62990661-R-100X.JPG,100,failed,1.8000000636675395e-06,RuntimeError: operator torchvision::nms does not exist
2026-08-29T16:14:35.669767+00:00,cellpose,62990661-R-100X_r01280_c02816.npy,62990661-R-100X.JPG,100,failed,2.0000006770715117e-06,RuntimeError: operator torchvision::nms does not exist
2026-08-29T16:14:35.680148+00:00,cellpose,62990661-R-100X_r01280_c02944.npy,62990661-R-100X.JPG,100,failed,1.8000000636675395e-06,RuntimeError: operator torchvision::nms does not exist
2026-08-29T16:14:35.690226+00:00,cellpose,62990661-R-100X_r01536_c00000.npy,62990661-R-100X.JPG,100,failed,1.7999991541728377e-06,RuntimeError: operator torchvision::nms does not exist
2026-08-29T16:14:35.701165+00:00,cellpose,62990661-R-100X_r01536_c00256.npy,62990661-R-100X.JPG,100,failed,2.200000380980782e-06,RuntimeError: operator torchvision::nms does not exist
2026-08-29T16:14:35.731128+00:00,cellpose,62990661-R-100X_r01536_c00512.npy,62990661-R-100X.JPG,100,failed,4.200000148557592e-06,RuntimeError: operator torchvision::nms does not exist
2026-08-29T16:14:35.744959+00:00,cellpose,62990661-R-100X_r01536_c00768.npy,62990661-R-100X.JPG,100,failed,1.8000000636675395e-06,RuntimeError: operator torchvision::nms does not exist
2026-08-29T16:14:35.756674+00:00,cellpose,62990661-R-100X_r01536_c01024.npy,62990661-R-100X.JPG,100,failed,1.8000000636675395e-06,RuntimeError: operator torchvision::nms does not exist
2026-08-29T16:14:35.769134+00:00,cellpose,62990661-R-100X_r01536_c01280.npy,62990661-R-100X.JPG,100,failed,1.99999976757681e-06,RuntimeError: operator torchvision::nms does not exist
2026-08-29T16:14:35.779826+00:00,cellpose,62990661-R-100X_r01536_c01536.npy,62990661-R-100X.JPG,100,failed,2.3000002329354174e-06,RuntimeError: operator torchvision::nms does not exist
2026-08-29T16:14:35.794174+00:00,cellpose,62990661-R-100X_r01536_c01792.npy,62990661-R-100X.JPG,100,failed,2.100000529026147e-06,RuntimeError: operator torchvision::nms does not exist
2026-08-29T16:14:35.810372+00:00,cellpose,62990661-R-100X_r01536_c02048.npy,62990661-R-100X.JPG,100,failed,2.200000380980782e-06,RuntimeError: operator torchvision::nms does not exist
2026-08-29T16:14:35.823109+00:00,cellpose,62990661-R-100X_r01536_c02304.npy,62990661-R-100X.JPG,100,failed,2.100000529026147e-06,RuntimeError: operator torchvision::nms does not exist
2026-08-29T16:14:35.834402+00:00,cellpose,62990661-R-100X_r01536_c02560.npy,62990661-R-100X.JPG,100,failed,1.8000000636675395e-06,RuntimeError: operator torchvision::nms does not exist
2026-08-29T16:14:35.846710+00:00,cellpose,62990661-R-100X_r01536_c02816.npy,62990661-R-100X.JPG,100,failed,2.4000000848900527e-06,RuntimeError: operator torchvision::nms does not exist
2026-08-29T16:14:35.859233+00:00,cellpose,62990661-R-100X_r01536_c02944.npy,62990661-R-100X.JPG,100,failed,2.1999994714860804e-06,RuntimeError: operator torchvision::nms does not exist
2026-08-29T16:14:36.250490+00:00,cellpose,62990661-R-100X_r01792_c00000.npy,62990661-R-100X.JPG,100,failed,3.5000002753804438e-06,RuntimeError: operator torchvision::nms does not exist
2026-08-29T16:14:36.260931+00:00,cellpose,62990661-R-100X_r01792_c00256.npy,62990661-R-100X.JPG,100,failed,1.3999997463542968e-06,RuntimeError: operator torchvision::nms does not exist
2026-08-29T16:14:36.270768+00:00,cellpose,62990661-R-100X_r01792_c00512.npy,62990661-R-100X.JPG,100,failed,1.8000000636675395e-06,RuntimeError: operator torchvision::nms does not exist
2026-08-29T16:14:36.281934+00:00,cellpose,62990661-R-100X_r01792_c00768.npy,62990661-R-100X.JPG,100,failed,3.000000106112566e-06,RuntimeError: operator torchvision::nms does not exist
2026-08-29T16:14:36.292753+00:00,cellpose,62990661-R-100X_r01792_c01024.npy,62990661-R-100X.JPG,100,failed,1.7000002117129043e-06,RuntimeError: operator torchvision::nms does not exist
2026-08-29T16:14:36.303784+00:00,cellpose,62990661-R-100X_r01792_c01280.npy,62990661-R-100X.JPG,100,failed,1.5999994502635673e-06,RuntimeError: operator torchvision::nms does not exist
2026-08-29T16:14:36.312931+00:00,cellpose,62990661-R-100X_r01792_c01536.npy,62990661-R-100X.JPG,100,failed,1.5999994502635673e-06,RuntimeError: operator torchvision::nms does not exist
2026-08-29T16:14:36.324384+00:00,cellpose,62990661-R-100X_r01792_c01792.npy,62990661-R-100X.JPG,100,failed,1.99999976757681e-06,RuntimeError: operator torchvision::nms does not exist
2026-08-29T16:14:36.334252+00:00,cellpose,62990661-R-100X_r01792_c02048.npy,62990661-R-100X.JPG,100,failed,1.7000002117129043e-06,RuntimeError: operator torchvision::nms does not exist
2026-08-29T16:14:36.345039+00:00,cellpose,62990661-R-100X_r01792_c02304.npy,62990661-R-100X.JPG,100,failed,1.9000008251168765e-06,RuntimeError: operator torchvision::nms does not exist
2026-08-29T16:14:36.361919+00:00,cellpose,62990661-R-100X_r01792_c02560.npy,62990661-R-100X.JPG,100,failed,1.6999993022182025e-06,RuntimeError: operator torchvision::nms does not exist
2026-08-29T16:14:36.373126+00:00,cellpose,62990661-R-100X_r01792_c02816.npy,62990661-R-100X.JPG,100,failed,1.7000002117129043e-06,RuntimeError: operator torchvision::nms does not exist
2026-08-29T16:14:36.383534+00:00,cellpose,62990661-R-100X_r01792_c02944.npy,62990661-R-100X.JPG,100,failed,1.99999976757681e-06,RuntimeError: operator torchvision::nms does not exist
2026-08-29T16:14:36.395101+00:00,cellpose,62990661-R-200X_r00000_c00000.npy,62990661-R-200X.JPG,200,failed,1.7000002117129043e-06,RuntimeError: operator torchvision::nms does not exist
2026-08-29T16:14:36.405809+00:00,cellpose,62990661-R-200X_r00000_c00256.npy,62990661-R-200X.JPG,200,failed,2.200000380980782e-06,RuntimeError: operator torchvision::nms does not exist
2026-08-29T16:14:36.417027+00:00,cellpose,62990661-R-200X_r00000_c00512.npy,62990661-R-200X.JPG,200,failed,1.8999999156221747e-06,RuntimeError: operator torchvision::nms does not exist
2026-08-29T16:14:36.426628+00:00,cellpose,62990661-R-200X_r00000_c00768.npy,62990661-R-200X.JPG,200,failed,1.8999999156221747e-06,RuntimeError: operator torchvision::nms does not exist
2026-08-29T16:14:36.438269+00:00,cellpose,62990661-R-200X_r00000_c01024.npy,62990661-R-200X.JPG,200,failed,1.6999993022182025e-06,RuntimeError: operator torchvision::nms does not exist
2026-08-29T16:14:36.447995+00:00,cellpose,62990661-R-200X_r00000_c01280.npy,62990661-R-200X.JPG,200,failed,2.200000380980782e-06,RuntimeError: operator torchvision::nms does not exist
2026-08-29T16:14:36.459155+00:00,cellpose,62990661-R-200X_r00000_c01536.npy,62990661-R-200X.JPG,200,failed,1.7000002117129043e-06,RuntimeError: operator torchvision::nms does not exist
2026-08-29T16:14:36.472071+00:00,cellpose,62990661-R-200X_r00000_c01792.npy,62990661-R-200X.JPG,200,failed,1.8999999156221747e-06,RuntimeError: operator torchvision::nms does not exist
2026-08-29T16:14:36.482688+00:00,cellpose,62990661-R-200X_r00000_c02048.npy,62990661-R-200X.JPG,200,failed,1.8000000636675395e-06,RuntimeError: operator torchvision::nms does not exist
2026-08-29T16:14:36.493851+00:00,cellpose,62990661-R-200X_r00000_c02304.npy,62990661-R-200X.JPG,200,failed,1.7000002117129043e-06,RuntimeError: operator torchvision::nms does not exist
2026-08-29T16:14:36.504667+00:00,cellpose,62990661-R-200X_r00000_c02560.npy,62990661-R-200X.JPG,200,failed,1.2299999980314169e-05,RuntimeError: operator torchvision::nms does not exist
2026-08-29T16:14:36.515614+00:00,cellpose,62990661-R-200X_r00000_c02816.npy,62990661-R-200X.JPG,200,failed,1.8000000636675395e-06,RuntimeError: operator torchvision::nms does not exist
2026-08-29T16:14:36.525329+00:00,cellpose,62990661-R-200X_r00000_c02944.npy,62990661-R-200X.JPG,200,failed,1.7000002117129043e-06,RuntimeError: operator torchvision::nms does not exist
2026-08-29T16:14:36.535776+00:00,cellpose,62990661-R-200X_r00256_c00000.npy,62990661-R-200X.JPG,200,failed,2.200000380980782e-06,RuntimeError: operator torchvision::nms does not exist
2026-08-29T16:14:36.547789+00:00,cellpose,62990661-R-200X_r00256_c00256.npy,62990661-R-200X.JPG,200,failed,1.6999993022182025e-06,RuntimeError: operator torchvision::nms does not exist
2026-08-29T16:14:36.559461+00:00,cellpose,62990661-R-200X_r00256_c00512.npy,62990661-R-200X.JPG,200,failed,1.5000005078036338e-06,RuntimeError: operator torchvision::nms does not exist
2026-08-29T16:14:36.569723+00:00,cellpose,62990661-R-200X_r00256_c00768.npy,62990661-R-200X.JPG,200,failed,1.8000000636675395e-06,RuntimeError: operator torchvision::nms does not exist
2026-08-29T16:14:36.580739+00:00,cellpose,62990661-R-200X_r00256_c01024.npy,62990661-R-200X.JPG,200,failed,1.7000002117129043e-06,RuntimeError: operator torchvision::nms does not exist
2026-08-29T16:14:36.591649+00:00,cellpose,62990661-R-200X_r00256_c01280.npy,62990661-R-200X.JPG,200,failed,1.8000000636675395e-06,RuntimeError: operator torchvision::nms does not exist
2026-08-29T16:14:36.604046+00:00,cellpose,62990661-R-200X_r00256_c01536.npy,62990661-R-200X.JPG,200,failed,1.8000000636675395e-06,RuntimeError: operator torchvision::nms does not exist
2026-08-29T16:14:36.614235+00:00,cellpose,62990661-R-200X_r00256_c01792.npy,62990661-R-200X.JPG,200,failed,1.5000005078036338e-06,RuntimeError: operator torchvision::nms does not exist
2026-08-29T16:14:36.626258+00:00,cellpose,62990661-R-200X_r00256_c02048.npy,62990661-R-200X.JPG,200,failed,2.200000380980782e-06,RuntimeError: operator torchvision::nms does not exist
2026-08-29T16:14:36.636953+00:00,cellpose,62990661-R-200X_r00256_c02304.npy,62990661-R-200X.JPG,200,failed,1.8999999156221747e-06,RuntimeError: operator torchvision::nms does not exist
2026-08-29T16:14:36.648489+00:00,cellpose,62990661-R-200X_r00256_c02560.npy,62990661-R-200X.JPG,200,failed,2.099999619531445e-06,RuntimeError: operator torchvision::nms does not exist
2026-08-29T16:14:36.659081+00:00,cellpose,62990661-R-200X_r00256_c02816.npy,62990661-R-200X.JPG,200,failed,1.8999999156221747e-06,RuntimeError: operator torchvision::nms does not exist
2026-08-29T16:14:36.670581+00:00,cellpose,62990661-R-200X_r00256_c02944.npy,62990661-R-200X.JPG,200,failed,1.6999993022182025e-06,RuntimeError: operator torchvision::nms does not exist
2026-08-29T16:14:36.682576+00:00,cellpose,62990661-R-200X_r00512_c00000.npy,62990661-R-200X.JPG,200,failed,1.8000000636675395e-06,RuntimeError: operator torchvision::nms does not exist
2026-08-29T16:14:36.692475+00:00,cellpose,62990661-R-200X_r00512_c00256.npy,62990661-R-200X.JPG,200,failed,1.7000002117129043e-06,RuntimeError: operator torchvision::nms does not exist
2026-08-29T16:14:36.703813+00:00,cellpose,62990661-R-200X_r00512_c00512.npy,62990661-R-200X.JPG,200,failed,1.99999976757681e-06,RuntimeError: operator torchvision::nms does not exist
2026-08-29T16:14:36.713321+00:00,cellpose,62990661-R-200X_r00512_c00768.npy,62990661-R-200X.JPG,200,failed,1.600000359758269e-06,RuntimeError: operator torchvision::nms does not exist
2026-08-29T16:14:36.725448+00:00,cellpose,62990661-R-200X_r00512_c01024.npy,62990661-R-200X.JPG,200,failed,1.600000359758269e-06,RuntimeError: operator torchvision::nms does not exist
2026-08-29T16:14:36.736675+00:00,cellpose,62990661-R-200X_r00512_c01280.npy,62990661-R-200X.JPG,200,failed,1.600000359758269e-06,RuntimeError: operator torchvision::nms does not exist
2026-08-29T16:14:36.749303+00:00,cellpose,62990661-R-200X_r00512_c01536.npy,62990661-R-200X.JPG,200,failed,1.600000359758269e-06,RuntimeError: operator torchvision::nms does not exist
2026-08-29T16:14:36.760706+00:00,cellpose,62990661-R-200X_r00512_c01792.npy,62990661-R-200X.JPG,200,failed,2.099999619531445e-06,RuntimeError: operator torchvision::nms does not exist
2026-08-29T16:14:36.772688+00:00,cellpose,62990661-R-200X_r00512_c02048.npy,62990661-R-200X.JPG,200,failed,1.7000002117129043e-06,RuntimeError: operator torchvision::nms does not exist
2026-08-29T16:14:36.782903+00:00,cellpose,62990661-R-200X_r00512_c02304.npy,62990661-R-200X.JPG,200,failed,1.8000000636675395e-06,RuntimeError: operator torchvision::nms does not exist
2026-08-29T16:14:36.794637+00:00,cellpose,62990661-R-200X_r00512_c02560.npy,62990661-R-200X.JPG,200,failed,1.8999999156221747e-06,RuntimeError: operator torchvision::nms does not exist
2026-08-29T16:14:36.806385+00:00,cellpose,62990661-R-200X_r00512_c02816.npy,62990661-R-200X.JPG,200,failed,1.9000008251168765e-06,RuntimeError: operator torchvision::nms does not exist
2026-08-29T16:14:36.817228+00:00,cellpose,62990661-R-200X_r00512_c02944.npy,62990661-R-200X.JPG,200,failed,1.99999976757681e-06,RuntimeError: operator torchvision::nms does not exist
2026-08-29T16:14:36.829360+00:00,cellpose,62990661-R-200X_r00768_c00000.npy,62990661-R-200X.JPG,200,failed,1.5999994502635673e-06,RuntimeError: operator torchvision::nms does not exist
2026-08-29T16:14:36.839379+00:00,cellpose,62990661-R-200X_r00768_c00256.npy,62990661-R-200X.JPG,200,failed,1.600000359758269e-06,RuntimeError: operator torchvision::nms does not exist
2026-08-29T16:14:36.851812+00:00,cellpose,62990661-R-200X_r00768_c00512.npy,62990661-R-200X.JPG,200,failed,2.4000000848900527e-06,RuntimeError: operator torchvision::nms does not exist
2026-08-29T16:14:36.861166+00:00,cellpose,62990661-R-200X_r00768_c00768.npy,62990661-R-200X.JPG,200,failed,1.8000000636675395e-06,RuntimeError: operator torchvision::nms does not exist
2026-08-29T16:14:36.872804+00:00,cellpose,62990661-R-200X_r00768_c01024.npy,62990661-R-200X.JPG,200,failed,1.600000359758269e-06,RuntimeError: operator torchvision::nms does not exist
2026-08-29T16:14:36.882972+00:00,cellpose,62990661-R-200X_r00768_c01280.npy,62990661-R-200X.JPG,200,failed,1.9000008251168765e-06,RuntimeError: operator torchvision::nms does not exist
2026-08-29T16:14:36.894466+00:00,cellpose,62990661-R-200X_r00768_c01536.npy,62990661-R-200X.JPG,200,failed,1.6999993022182025e-06,RuntimeError: operator torchvision::nms does not exist
2026-08-29T16:14:36.904688+00:00,cellpose,62990661-R-200X_r00768_c01792.npy,62990661-R-200X.JPG,200,failed,1.8999999156221747e-06,RuntimeError: operator torchvision::nms does not exist
2026-08-29T16:14:36.916133+00:00,cellpose,62990661-R-200X_r00768_c02048.npy,62990661-R-200X.JPG,200,failed,1.8000000636675395e-06,RuntimeError: operator torchvision::nms does not exist
2026-08-29T16:14:36.926547+00:00,cellpose,62990661-R-200X_r00768_c02304.npy,62990661-R-200X.JPG,200,failed,1.600000359758269e-06,RuntimeError: operator torchvision::nms does not exist
2026-08-29T16:14:36.938097+00:00,cellpose,62990661-R-200X_r00768_c02560.npy,62990661-R-200X.JPG,200,failed,1.8000000636675395e-06,RuntimeError: operator torchvision::nms does not exist
2026-08-29T16:14:36.948338+00:00,cellpose,62990661-R-200X_r00768_c02816.npy,62990661-R-200X.JPG,200,failed,2.599999788799323e-06,RuntimeError: operator torchvision::nms does not exist
2026-08-29T16:14:36.959725+00:00,cellpose,62990661-R-200X_r00768_c02944.npy,62990661-R-200X.JPG,200,failed,1.7000002117129043e-06,RuntimeError: operator torchvision::nms does not exist
2026-08-29T16:14:36.970473+00:00,cellpose,62990661-R-200X_r01024_c00000.npy,62990661-R-200X.JPG,200,failed,1.5000005078036338e-06,RuntimeError: operator torchvision::nms does not exist
2026-08-29T16:14:36.980459+00:00,cellpose,62990661-R-200X_r01024_c00256.npy,62990661-R-200X.JPG,200,failed,2.4000000848900527e-06,RuntimeError: operator torchvision::nms does not exist
2026-08-29T16:14:36.991780+00:00,cellpose,62990661-R-200X_r01024_c00512.npy,62990661-R-200X.JPG,200,failed,1.5999994502635673e-06,RuntimeError: operator torchvision::nms does not exist
2026-08-29T16:14:37.001816+00:00,cellpose,62990661-R-200X_r01024_c00768.npy,62990661-R-200X.JPG,200,failed,2.0000006770715117e-06,RuntimeError: operator torchvision::nms does not exist
2026-08-29T16:14:37.013075+00:00,cellpose,62990661-R-200X_r01024_c01024.npy,62990661-R-200X.JPG,200,failed,1.8000000636675395e-06,RuntimeError: operator torchvision::nms does not exist
2026-08-29T16:14:37.023674+00:00,cellpose,62990661-R-200X_r01024_c01280.npy,62990661-R-200X.JPG,200,failed,1.8000000636675395e-06,RuntimeError: operator torchvision::nms does not exist
2026-08-29T16:14:37.035676+00:00,cellpose,62990661-R-200X_r01024_c01536.npy,62990661-R-200X.JPG,200,failed,1.8000000636675395e-06,RuntimeError: operator torchvision::nms does not exist
2026-08-29T16:14:37.045731+00:00,cellpose,62990661-R-200X_r01024_c01792.npy,62990661-R-200X.JPG,200,failed,1.8000000636675395e-06,RuntimeError: operator torchvision::nms does not exist
2026-08-29T16:14:37.056998+00:00,cellpose,62990661-R-200X_r01024_c02048.npy,62990661-R-200X.JPG,200,failed,1.8999999156221747e-06,RuntimeError: operator torchvision::nms does not exist
2026-08-29T16:14:37.067654+00:00,cellpose,62990661-R-200X_r01024_c02304.npy,62990661-R-200X.JPG,200,failed,1.8999999156221747e-06,RuntimeError: operator torchvision::nms does not exist
2026-08-29T16:14:37.081211+00:00,cellpose,62990661-R-200X_r01024_c02560.npy,62990661-R-200X.JPG,200,failed,1.99999976757681e-06,RuntimeError: operator torchvision::nms does not exist
2026-08-29T16:14:37.091510+00:00,cellpose,62990661-R-200X_r01024_c02816.npy,62990661-R-200X.JPG,200,failed,1.7000002117129043e-06,RuntimeError: operator torchvision::nms does not exist
2026-08-29T16:14:37.103188+00:00,cellpose,62990661-R-200X_r01024_c02944.npy,62990661-R-200X.JPG,200,failed,2.099999619531445e-06,RuntimeError: operator torchvision::nms does not exist
2026-08-29T16:14:37.113006+00:00,cellpose,62990661-R-200X_r01280_c00000.npy,62990661-R-200X.JPG,200,failed,1.99999976757681e-06,RuntimeError: operator torchvision::nms does not exist
2026-08-29T16:14:37.123165+00:00,cellpose,62990661-R-200X_r01280_c00256.npy,62990661-R-200X.JPG,200,failed,1.6999993022182025e-06,RuntimeError: operator torchvision::nms does not exist
2026-08-29T16:14:37.135691+00:00,cellpose,62990661-R-200X_r01280_c00512.npy,62990661-R-200X.JPG,200,failed,1.8999999156221747e-06,RuntimeError: operator torchvision::nms does not exist
2026-08-29T16:14:37.148577+00:00,cellpose,62990661-R-200X_r01280_c00768.npy,62990661-R-200X.JPG,200,failed,3.000000106112566e-06,RuntimeError: operator torchvision::nms does not exist
2026-08-29T16:14:37.158704+00:00,cellpose,62990661-R-200X_r01280_c01024.npy,62990661-R-200X.JPG,200,failed,1.7000002117129043e-06,RuntimeError: operator torchvision::nms does not exist
2026-08-29T16:14:37.168855+00:00,cellpose,62990661-R-200X_r01280_c01280.npy,62990661-R-200X.JPG,200,failed,1.7000002117129043e-06,RuntimeError: operator torchvision::nms does not exist
2026-08-29T16:14:37.179769+00:00,cellpose,62990661-R-200X_r01280_c01536.npy,62990661-R-200X.JPG,200,failed,1.6999993022182025e-06,RuntimeError: operator torchvision::nms does not exist
2026-08-29T16:14:37.189961+00:00,cellpose,62990661-R-200X_r01280_c01792.npy,62990661-R-200X.JPG,200,failed,1.8000000636675395e-06,RuntimeError: operator torchvision::nms does not exist
2026-08-29T16:14:37.201957+00:00,cellpose,62990661-R-200X_r01280_c02048.npy,62990661-R-200X.JPG,200,failed,1.8000000636675395e-06,RuntimeError: operator torchvision::nms does not exist
2026-08-29T16:14:37.211592+00:00,cellpose,62990661-R-200X_r01280_c02304.npy,62990661-R-200X.JPG,200,failed,1.600000359758269e-06,RuntimeError: operator torchvision::nms does not exist
2026-08-29T16:14:37.223439+00:00,cellpose,62990661-R-200X_r01280_c02560.npy,62990661-R-200X.JPG,200,failed,2.099999619531445e-06,RuntimeError: operator torchvision::nms does not exist
2026-08-29T16:14:37.233102+00:00,cellpose,62990661-R-200X_r01280_c02816.npy,62990661-R-200X.JPG,200,failed,2.100000529026147e-06,RuntimeError: operator torchvision::nms does not exist
2026-08-29T16:14:37.243166+00:00,cellpose,62990661-R-200X_r01280_c02944.npy,62990661-R-200X.JPG,200,failed,2.4000000848900527e-06,RuntimeError: operator torchvision::nms does not exist
2026-08-29T16:14:37.262602+00:00,cellpose,62990661-R-200X_r01536_c00000.npy,62990661-R-200X.JPG,200,failed,1.7000002117129043e-06,RuntimeError: operator torchvision::nms does not exist
2026-08-29T16:14:37.274332+00:00,cellpose,62990661-R-200X_r01536_c00256.npy,62990661-R-200X.JPG,200,failed,1.8000000636675395e-06,RuntimeError: operator torchvision::nms does not exist
2026-08-29T16:14:37.284473+00:00,cellpose,62990661-R-200X_r01536_c00512.npy,62990661-R-200X.JPG,200,failed,1.8999999156221747e-06,RuntimeError: operator torchvision::nms does not exist
2026-08-29T16:14:37.296151+00:00,cellpose,62990661-R-200X_r01536_c00768.npy,62990661-R-200X.JPG,200,failed,2.3000002329354174e-06,RuntimeError: operator torchvision::nms does not exist
2026-08-29T16:14:37.306525+00:00,cellpose,62990661-R-200X_r01536_c01024.npy,62990661-R-200X.JPG,200,failed,1.8999999156221747e-06,RuntimeError: operator torchvision::nms does not exist
2026-08-29T16:14:37.318881+00:00,cellpose,62990661-R-200X_r01536_c01280.npy,62990661-R-200X.JPG,200,failed,1.8999999156221747e-06,RuntimeError: operator torchvision::nms does not exist
2026-08-29T16:14:37.329281+00:00,cellpose,62990661-R-200X_r01536_c01536.npy,62990661-R-200X.JPG,200,failed,2.499999936844688e-06,RuntimeError: operator torchvision::nms does not exist
2026-08-29T16:14:37.340719+00:00,cellpose,62990661-R-200X_r01536_c01792.npy,62990661-R-200X.JPG,200,failed,2.1999994714860804e-06,RuntimeError: operator torchvision::nms does not exist
2026-08-29T16:14:37.351124+00:00,cellpose,62990661-R-200X_r01536_c02048.npy,62990661-R-200X.JPG,200,failed,2.0000006770715117e-06,RuntimeError: operator torchvision::nms does not exist
2026-08-29T16:14:37.361940+00:00,cellpose,62990661-R-200X_r01536_c02304.npy,62990661-R-200X.JPG,200,failed,1.600000359758269e-06,RuntimeError: operator torchvision::nms does not exist
2026-08-29T16:14:37.372962+00:00,cellpose,62990661-R-200X_r01536_c02560.npy,62990661-R-200X.JPG,200,failed,2.1999994714860804e-06,RuntimeError: operator torchvision::nms does not exist
2026-08-29T16:14:37.383299+00:00,cellpose,62990661-R-200X_r01536_c02816.npy,62990661-R-200X.JPG,200,failed,2.4000000848900527e-06,RuntimeError: operator torchvision::nms does not exist
2026-08-29T16:14:37.396130+00:00,cellpose,62990661-R-200X_r01536_c02944.npy,62990661-R-200X.JPG,200,failed,1.8000000636675395e-06,RuntimeError: operator torchvision::nms does not exist
2026-08-29T16:14:37.412660+00:00,cellpose,62990661-R-200X_r01792_c00000.npy,62990661-R-200X.JPG,200,failed,1.8999999156221747e-06,RuntimeError: operator torchvision::nms does not exist
2026-08-29T16:14:37.424515+00:00,cellpose,62990661-R-200X_r01792_c00256.npy,62990661-R-200X.JPG,200,failed,2.099999619531445e-06,RuntimeError: operator torchvision::nms does not exist
2026-08-29T16:14:37.434797+00:00,cellpose,62990661-R-200X_r01792_c00512.npy,62990661-R-200X.JPG,200,failed,1.99999976757681e-06,RuntimeError: operator torchvision::nms does not exist
2026-08-29T16:14:37.446408+00:00,cellpose,62990661-R-200X_r01792_c00768.npy,62990661-R-200X.JPG,200,failed,1.8999999156221747e-06,RuntimeError: operator torchvision::nms does not exist
2026-08-29T16:14:37.460938+00:00,cellpose,62990661-R-200X_r01792_c01024.npy,62990661-R-200X.JPG,200,failed,2.200000380980782e-06,RuntimeError: operator torchvision::nms does not exist
2026-08-29T16:14:37.472796+00:00,cellpose,62990661-R-200X_r01792_c01280.npy,62990661-R-200X.JPG,200,failed,2.0000006770715117e-06,RuntimeError: operator torchvision::nms does not exist
2026-08-29T16:14:37.483776+00:00,cellpose,62990661-R-200X_r01792_c01536.npy,62990661-R-200X.JPG,200,failed,2.599999788799323e-06,RuntimeError: operator torchvision::nms does not exist
2026-08-29T16:14:37.495696+00:00,cellpose,62990661-R-200X_r01792_c01792.npy,62990661-R-200X.JPG,200,failed,1.5999994502635673e-06,RuntimeError: operator torchvision::nms does not exist
2026-08-29T16:14:37.506002+00:00,cellpose,62990661-R-200X_r01792_c02048.npy,62990661-R-200X.JPG,200,failed,1.5999994502635673e-06,RuntimeError: operator torchvision::nms does not exist
2026-08-29T16:14:37.518302+00:00,cellpose,62990661-R-200X_r01792_c02304.npy,62990661-R-200X.JPG,200,failed,1.5999994502635673e-06,RuntimeError: operator torchvision::nms does not exist
2026-08-29T16:14:37.528303+00:00,cellpose,62990661-R-200X_r01792_c02560.npy,62990661-R-200X.JPG,200,failed,1.6999993022182025e-06,RuntimeError: operator torchvision::nms does not exist
2026-08-29T16:14:37.538671+00:00,cellpose,62990661-R-200X_r01792_c02816.npy,62990661-R-200X.JPG,200,failed,1.8000000636675395e-06,RuntimeError: operator torchvision::nms does not exist
2026-08-29T16:14:37.550136+00:00,cellpose,62990661-R-200X_r01792_c02944.npy,62990661-R-200X.JPG,200,failed,1.99999976757681e-06,RuntimeError: operator torchvision::nms does not exist
2026-08-29T16:14:38.205379+00:00,sam,62990661-C-100X_r00000_c00000.npy,62990661-C-100X.JPG,100,failed,7.999997251317836e-07,FileNotFoundError: config models.sam.checkpoint_path is not set; download a SAM checkpoint (e.g. sam_vit_b_01ec64.pth from Meta's official release) and set its path.
2026-08-29T16:14:38.217033+00:00,sam,62990661-C-100X_r00000_c00256.npy,62990661-C-100X.JPG,100,failed,2.200000380980782e-06,FileNotFoundError: config models.sam.checkpoint_path is not set; download a SAM checkpoint (e.g. sam_vit_b_01ec64.pth from Meta's official release) and set its path.
2026-08-29T16:14:38.228832+00:00,sam,62990661-C-100X_r00000_c00512.npy,62990661-C-100X.JPG,100,failed,1.9000008251168765e-06,FileNotFoundError: config models.sam.checkpoint_path is not set; download a SAM checkpoint (e.g. sam_vit_b_01ec64.pth from Meta's official release) and set its path.
2026-08-29T16:14:38.240401+00:00,sam,62990661-C-100X_r00000_c00768.npy,62990661-C-100X.JPG,100,failed,2.100000529026147e-06,FileNotFoundError: config models.sam.checkpoint_path is not set; download a SAM checkpoint (e.g. sam_vit_b_01ec64.pth from Meta's official release) and set its path.
2026-08-29T16:14:38.255728+00:00,sam,62990661-C-100X_r00000_c01024.npy,62990661-C-100X.JPG,100,failed,1.99999976757681e-06,FileNotFoundError: config models.sam.checkpoint_path is not set; download a SAM checkpoint (e.g. sam_vit_b_01ec64.pth from Meta's official release) and set its path.
2026-08-29T16:14:38.269919+00:00,sam,62990661-C-100X_r00000_c01280.npy,62990661-C-100X.JPG,100,failed,2.1999994714860804e-06,FileNotFoundError: config models.sam.checkpoint_path is not set; download a SAM checkpoint (e.g. sam_vit_b_01ec64.pth from Meta's official release) and set its path.
2026-08-29T16:14:38.280716+00:00,sam,62990661-C-100X_r00000_c01536.npy,62990661-C-100X.JPG,100,failed,1.8000000636675395e-06,FileNotFoundError: config models.sam.checkpoint_path is not set; download a SAM checkpoint (e.g. sam_vit_b_01ec64.pth from Meta's official release) and set its path.
2026-08-29T16:14:38.294017+00:00,sam,62990661-C-100X_r00000_c01792.npy,62990661-C-100X.JPG,100,failed,2.200000380980782e-06,FileNotFoundError: config models.sam.checkpoint_path is not set; download a SAM checkpoint (e.g. sam_vit_b_01ec64.pth from Meta's official release) and set its path.
2026-08-29T16:14:38.305786+00:00,sam,62990661-C-100X_r00000_c02048.npy,62990661-C-100X.JPG,100,failed,2.200000380980782e-06,FileNotFoundError: config models.sam.checkpoint_path is not set; download a SAM checkpoint (e.g. sam_vit_b_01ec64.pth from Meta's official release) and set its path.
2026-08-29T16:14:38.318339+00:00,sam,62990661-C-100X_r00000_c02304.npy,62990661-C-100X.JPG,100,failed,1.8999999156221747e-06,FileNotFoundError: config models.sam.checkpoint_path is not set; download a SAM checkpoint (e.g. sam_vit_b_01ec64.pth from Meta's official release) and set its path.
2026-08-29T16:14:38.328649+00:00,sam,62990661-C-100X_r00000_c02560.npy,62990661-C-100X.JPG,100,failed,2.4000000848900527e-06,FileNotFoundError: config models.sam.checkpoint_path is not set; download a SAM checkpoint (e.g. sam_vit_b_01ec64.pth from Meta's official release) and set its path.
2026-08-29T16:14:38.347203+00:00,sam,62990661-C-100X_r00000_c02816.npy,62990661-C-100X.JPG,100,failed,1.8000000636675395e-06,FileNotFoundError: config models.sam.checkpoint_path is not set; download a SAM checkpoint (e.g. sam_vit_b_01ec64.pth from Meta's official release) and set its path.
2026-08-29T16:14:38.358138+00:00,sam,62990661-C-100X_r00000_c02944.npy,62990661-C-100X.JPG,100,failed,1.7000002117129043e-06,FileNotFoundError: config models.sam.checkpoint_path is not set; download a SAM checkpoint (e.g. sam_vit_b_01ec64.pth from Meta's official release) and set its path.
2026-08-29T16:14:38.369500+00:00,sam,62990661-C-100X_r00256_c00000.npy,62990661-C-100X.JPG,100,failed,2.1999994714860804e-06,FileNotFoundError: config models.sam.checkpoint_path is not set; download a SAM checkpoint (e.g. sam_vit_b_01ec64.pth from Meta's official release) and set its path.
2026-08-29T16:14:38.382431+00:00,sam,62990661-C-100X_r00256_c00256.npy,62990661-C-100X.JPG,100,failed,2.200000380980782e-06,FileNotFoundError: config models.sam.checkpoint_path is not set; download a SAM checkpoint (e.g. sam_vit_b_01ec64.pth from Meta's official release) and set its path.
2026-08-29T16:14:38.395479+00:00,sam,62990661-C-100X_r00256_c00512.npy,62990661-C-100X.JPG,100,failed,1.8999999156221747e-06,FileNotFoundError: config models.sam.checkpoint_path is not set; download a SAM checkpoint (e.g. sam_vit_b_01ec64.pth from Meta's official release) and set its path.
2026-08-29T16:14:38.407486+00:00,sam,62990661-C-100X_r00256_c00768.npy,62990661-C-100X.JPG,100,failed,1.8999999156221747e-06,FileNotFoundError: config models.sam.checkpoint_path is not set; download a SAM checkpoint (e.g. sam_vit_b_01ec64.pth from Meta's official release) and set its path.
2026-08-29T16:14:38.418004+00:00,sam,62990661-C-100X_r00256_c01024.npy,62990661-C-100X.JPG,100,failed,2.3000002329354174e-06,FileNotFoundError: config models.sam.checkpoint_path is not set; download a SAM checkpoint (e.g. sam_vit_b_01ec64.pth from Meta's official release) and set its path.
2026-08-29T16:14:38.430091+00:00,sam,62990661-C-100X_r00256_c01280.npy,62990661-C-100X.JPG,100,failed,1.7000002117129043e-06,FileNotFoundError: config models.sam.checkpoint_path is not set; download a SAM checkpoint (e.g. sam_vit_b_01ec64.pth from Meta's official release) and set its path.
2026-08-29T16:14:38.447729+00:00,sam,62990661-C-100X_r00256_c01536.npy,62990661-C-100X.JPG,100,failed,2.099999619531445e-06,FileNotFoundError: config models.sam.checkpoint_path is not set; download a SAM checkpoint (e.g. sam_vit_b_01ec64.pth from Meta's official release) and set its path.
2026-08-29T16:14:38.461080+00:00,sam,62990661-C-100X_r00256_c01792.npy,62990661-C-100X.JPG,100,failed,1.9000008251168765e-06,FileNotFoundError: config models.sam.checkpoint_path is not set; download a SAM checkpoint (e.g. sam_vit_b_01ec64.pth from Meta's official release) and set its path.
2026-08-29T16:14:38.470535+00:00,sam,62990661-C-100X_r00256_c02048.npy,62990661-C-100X.JPG,100,failed,1.8999999156221747e-06,FileNotFoundError: config models.sam.checkpoint_path is not set; download a SAM checkpoint (e.g. sam_vit_b_01ec64.pth from Meta's official release) and set its path.
2026-08-29T16:14:38.482476+00:00,sam,62990661-C-100X_r00256_c02304.npy,62990661-C-100X.JPG,100,failed,2.2999993234407157e-06,FileNotFoundError: config models.sam.checkpoint_path is not set; download a SAM checkpoint (e.g. sam_vit_b_01ec64.pth from Meta's official release) and set its path.
2026-08-29T16:14:38.492574+00:00,sam,62990661-C-100X_r00256_c02560.npy,62990661-C-100X.JPG,100,failed,1.8999999156221747e-06,FileNotFoundError: config models.sam.checkpoint_path is not set; download a SAM checkpoint (e.g. sam_vit_b_01ec64.pth from Meta's official release) and set its path.
2026-08-29T16:14:38.504415+00:00,sam,62990661-C-100X_r00256_c02816.npy,62990661-C-100X.JPG,100,failed,1.8999999156221747e-06,FileNotFoundError: config models.sam.checkpoint_path is not set; download a SAM checkpoint (e.g. sam_vit_b_01ec64.pth from Meta's official release) and set its path.
2026-08-29T16:14:38.514147+00:00,sam,62990661-C-100X_r00256_c02944.npy,62990661-C-100X.JPG,100,failed,3.5000002753804438e-06,FileNotFoundError: config models.sam.checkpoint_path is not set; download a SAM checkpoint (e.g. sam_vit_b_01ec64.pth from Meta's official release) and set its path.
2026-08-29T16:14:38.525101+00:00,sam,62990661-C-100X_r00512_c00000.npy,62990661-C-100X.JPG,100,failed,1.8999999156221747e-06,FileNotFoundError: config models.sam.checkpoint_path is not set; download a SAM checkpoint (e.g. sam_vit_b_01ec64.pth from Meta's official release) and set its path.
2026-08-29T16:14:38.536269+00:00,sam,62990661-C-100X_r00512_c00256.npy,62990661-C-100X.JPG,100,failed,1.99999976757681e-06,FileNotFoundError: config models.sam.checkpoint_path is not set; download a SAM checkpoint (e.g. sam_vit_b_01ec64.pth from Meta's official release) and set its path.
2026-08-29T16:14:38.547567+00:00,sam,62990661-C-100X_r00512_c00512.npy,62990661-C-100X.JPG,100,failed,2.1999994714860804e-06,FileNotFoundError: config models.sam.checkpoint_path is not set; download a SAM checkpoint (e.g. sam_vit_b_01ec64.pth from Meta's official release) and set its path.
2026-08-29T16:14:38.557578+00:00,sam,62990661-C-100X_r00512_c00768.npy,62990661-C-100X.JPG,100,failed,2.200000380980782e-06,FileNotFoundError: config models.sam.checkpoint_path is not set; download a SAM checkpoint (e.g. sam_vit_b_01ec64.pth from Meta's official release) and set its path.
2026-08-29T16:14:38.568627+00:00,sam,62990661-C-100X_r00512_c01024.npy,62990661-C-100X.JPG,100,failed,2.2999993234407157e-06,FileNotFoundError: config models.sam.checkpoint_path is not set; download a SAM checkpoint (e.g. sam_vit_b_01ec64.pth from Meta's official release) and set its path.
2026-08-29T16:14:38.579894+00:00,sam,62990661-C-100X_r00512_c01280.npy,62990661-C-100X.JPG,100,failed,1.9000008251168765e-06,FileNotFoundError: config models.sam.checkpoint_path is not set; download a SAM checkpoint (e.g. sam_vit_b_01ec64.pth from Meta's official release) and set its path.
2026-08-29T16:14:38.590280+00:00,sam,62990661-C-100X_r00512_c01536.npy,62990661-C-100X.JPG,100,failed,2.4000000848900527e-06,FileNotFoundError: config models.sam.checkpoint_path is not set; download a SAM checkpoint (e.g. sam_vit_b_01ec64.pth from Meta's official release) and set its path.
2026-08-29T16:14:38.602206+00:00,sam,62990661-C-100X_r00512_c01792.npy,62990661-C-100X.JPG,100,failed,2.100000529026147e-06,FileNotFoundError: config models.sam.checkpoint_path is not set; download a SAM checkpoint (e.g. sam_vit_b_01ec64.pth from Meta's official release) and set its path.
2026-08-29T16:14:38.612281+00:00,sam,62990661-C-100X_r00512_c02048.npy,62990661-C-100X.JPG,100,failed,2.200000380980782e-06,FileNotFoundError: config models.sam.checkpoint_path is not set; download a SAM checkpoint (e.g. sam_vit_b_01ec64.pth from Meta's official release) and set its path.
2026-08-29T16:14:38.623948+00:00,sam,62990661-C-100X_r00512_c02304.npy,62990661-C-100X.JPG,100,failed,1.99999976757681e-06,FileNotFoundError: config models.sam.checkpoint_path is not set; download a SAM checkpoint (e.g. sam_vit_b_01ec64.pth from Meta's official release) and set its path.
2026-08-29T16:14:38.634469+00:00,sam,62990661-C-100X_r00512_c02560.npy,62990661-C-100X.JPG,100,failed,3.3000005714711733e-06,FileNotFoundError: config models.sam.checkpoint_path is not set; download a SAM checkpoint (e.g. sam_vit_b_01ec64.pth from Meta's official release) and set its path.
2026-08-29T16:14:38.645910+00:00,sam,62990661-C-100X_r00512_c02816.npy,62990661-C-100X.JPG,100,failed,2.0000006770715117e-06,FileNotFoundError: config models.sam.checkpoint_path is not set; download a SAM checkpoint (e.g. sam_vit_b_01ec64.pth from Meta's official release) and set its path.
2026-08-29T16:14:38.656682+00:00,sam,62990661-C-100X_r00512_c02944.npy,62990661-C-100X.JPG,100,failed,1.8000000636675395e-06,FileNotFoundError: config models.sam.checkpoint_path is not set; download a SAM checkpoint (e.g. sam_vit_b_01ec64.pth from Meta's official release) and set its path.
2026-08-29T16:14:38.668325+00:00,sam,62990661-C-100X_r00768_c00000.npy,62990661-C-100X.JPG,100,failed,2.100000529026147e-06,FileNotFoundError: config models.sam.checkpoint_path is not set; download a SAM checkpoint (e.g. sam_vit_b_01ec64.pth from Meta's official release) and set its path.
2026-08-29T16:14:38.678338+00:00,sam,62990661-C-100X_r00768_c00256.npy,62990661-C-100X.JPG,100,failed,1.8999999156221747e-06,FileNotFoundError: config models.sam.checkpoint_path is not set; download a SAM checkpoint (e.g. sam_vit_b_01ec64.pth from Meta's official release) and set its path.
2026-08-29T16:14:38.690849+00:00,sam,62990661-C-100X_r00768_c00512.npy,62990661-C-100X.JPG,100,failed,2.1999994714860804e-06,FileNotFoundError: config models.sam.checkpoint_path is not set; download a SAM checkpoint (e.g. sam_vit_b_01ec64.pth from Meta's official release) and set its path.
2026-08-29T16:14:38.702891+00:00,sam,62990661-C-100X_r00768_c00768.npy,62990661-C-100X.JPG,100,failed,2.0000006770715117e-06,FileNotFoundError: config models.sam.checkpoint_path is not set; download a SAM checkpoint (e.g. sam_vit_b_01ec64.pth from Meta's official release) and set its path.
2026-08-29T16:14:38.715075+00:00,sam,62990661-C-100X_r00768_c01024.npy,62990661-C-100X.JPG,100,failed,2.1999994714860804e-06,FileNotFoundError: config models.sam.checkpoint_path is not set; download a SAM checkpoint (e.g. sam_vit_b_01ec64.pth from Meta's official release) and set its path.
2026-08-29T16:14:38.733720+00:00,sam,62990661-C-100X_r00768_c01280.npy,62990661-C-100X.JPG,100,failed,2.7999994927085936e-06,FileNotFoundError: config models.sam.checkpoint_path is not set; download a SAM checkpoint (e.g. sam_vit_b_01ec64.pth from Meta's official release) and set its path.
2026-08-29T16:14:38.744134+00:00,sam,62990661-C-100X_r00768_c01536.npy,62990661-C-100X.JPG,100,failed,1.8000000636675395e-06,FileNotFoundError: config models.sam.checkpoint_path is not set; download a SAM checkpoint (e.g. sam_vit_b_01ec64.pth from Meta's official release) and set its path.
2026-08-29T16:14:38.757269+00:00,sam,62990661-C-100X_r00768_c01792.npy,62990661-C-100X.JPG,100,failed,1.8999999156221747e-06,FileNotFoundError: config models.sam.checkpoint_path is not set; download a SAM checkpoint (e.g. sam_vit_b_01ec64.pth from Meta's official release) and set its path.
2026-08-29T16:14:38.767273+00:00,sam,62990661-C-100X_r00768_c02048.npy,62990661-C-100X.JPG,100,failed,1.99999976757681e-06,FileNotFoundError: config models.sam.checkpoint_path is not set; download a SAM checkpoint (e.g. sam_vit_b_01ec64.pth from Meta's official release) and set its path.
2026-08-29T16:14:38.778684+00:00,sam,62990661-C-100X_r00768_c02304.npy,62990661-C-100X.JPG,100,failed,2.100000529026147e-06,FileNotFoundError: config models.sam.checkpoint_path is not set; download a SAM checkpoint (e.g. sam_vit_b_01ec64.pth from Meta's official release) and set its path.
2026-08-29T16:14:38.788640+00:00,sam,62990661-C-100X_r00768_c02560.npy,62990661-C-100X.JPG,100,failed,1.8999999156221747e-06,FileNotFoundError: config models.sam.checkpoint_path is not set; download a SAM checkpoint (e.g. sam_vit_b_01ec64.pth from Meta's official release) and set its path.
2026-08-29T16:14:38.800109+00:00,sam,62990661-C-100X_r00768_c02816.npy,62990661-C-100X.JPG,100,failed,2.599999788799323e-06,FileNotFoundError: config models.sam.checkpoint_path is not set; download a SAM checkpoint (e.g. sam_vit_b_01ec64.pth from Meta's official release) and set its path.
2026-08-29T16:14:38.810219+00:00,sam,62990661-C-100X_r00768_c02944.npy,62990661-C-100X.JPG,100,failed,2.1999994714860804e-06,FileNotFoundError: config models.sam.checkpoint_path is not set; download a SAM checkpoint (e.g. sam_vit_b_01ec64.pth from Meta's official release) and set its path.
2026-08-29T16:14:38.822483+00:00,sam,62990661-C-100X_r01024_c00000.npy,62990661-C-100X.JPG,100,failed,1.99999976757681e-06,FileNotFoundError: config models.sam.checkpoint_path is not set; download a SAM checkpoint (e.g. sam_vit_b_01ec64.pth from Meta's official release) and set its path.
2026-08-29T16:14:38.832732+00:00,sam,62990661-C-100X_r01024_c00256.npy,62990661-C-100X.JPG,100,failed,2.2999993234407157e-06,FileNotFoundError: config models.sam.checkpoint_path is not set; download a SAM checkpoint (e.g. sam_vit_b_01ec64.pth from Meta's official release) and set its path.
2026-08-29T16:14:38.844330+00:00,sam,62990661-C-100X_r01024_c00512.npy,62990661-C-100X.JPG,100,failed,1.8000000636675395e-06,FileNotFoundError: config models.sam.checkpoint_path is not set; download a SAM checkpoint (e.g. sam_vit_b_01ec64.pth from Meta's official release) and set its path.
2026-08-29T16:14:38.854706+00:00,sam,62990661-C-100X_r01024_c00768.npy,62990661-C-100X.JPG,100,failed,1.8000000636675395e-06,FileNotFoundError: config models.sam.checkpoint_path is not set; download a SAM checkpoint (e.g. sam_vit_b_01ec64.pth from Meta's official release) and set its path.
2026-08-29T16:14:38.866446+00:00,sam,62990661-C-100X_r01024_c01024.npy,62990661-C-100X.JPG,100,failed,2.4000000848900527e-06,FileNotFoundError: config models.sam.checkpoint_path is not set; download a SAM checkpoint (e.g. sam_vit_b_01ec64.pth from Meta's official release) and set its path.
2026-08-29T16:14:38.876510+00:00,sam,62990661-C-100X_r01024_c01280.npy,62990661-C-100X.JPG,100,failed,2.1999994714860804e-06,FileNotFoundError: config models.sam.checkpoint_path is not set; download a SAM checkpoint (e.g. sam_vit_b_01ec64.pth from Meta's official release) and set its path.
2026-08-29T16:14:38.887246+00:00,sam,62990661-C-100X_r01024_c01536.npy,62990661-C-100X.JPG,100,failed,1.99999976757681e-06,FileNotFoundError: config models.sam.checkpoint_path is not set; download a SAM checkpoint (e.g. sam_vit_b_01ec64.pth from Meta's official release) and set its path.
2026-08-29T16:14:38.899946+00:00,sam,62990661-C-100X_r01024_c01792.npy,62990661-C-100X.JPG,100,failed,1.8000000636675395e-06,FileNotFoundError: config models.sam.checkpoint_path is not set; download a SAM checkpoint (e.g. sam_vit_b_01ec64.pth from Meta's official release) and set its path.
2026-08-29T16:14:38.911131+00:00,sam,62990661-C-100X_r01024_c02048.npy,62990661-C-100X.JPG,100,failed,2.3000002329354174e-06,FileNotFoundError: config models.sam.checkpoint_path is not set; download a SAM checkpoint (e.g. sam_vit_b_01ec64.pth from Meta's official release) and set its path.
2026-08-29T16:14:38.922513+00:00,sam,62990661-C-100X_r01024_c02304.npy,62990661-C-100X.JPG,100,failed,1.8999999156221747e-06,FileNotFoundError: config models.sam.checkpoint_path is not set; download a SAM checkpoint (e.g. sam_vit_b_01ec64.pth from Meta's official release) and set its path.
2026-08-29T16:14:38.932923+00:00,sam,62990661-C-100X_r01024_c02560.npy,62990661-C-100X.JPG,100,failed,2.3000002329354174e-06,FileNotFoundError: config models.sam.checkpoint_path is not set; download a SAM checkpoint (e.g. sam_vit_b_01ec64.pth from Meta's official release) and set its path.
2026-08-29T16:14:38.945558+00:00,sam,62990661-C-100X_r01024_c02816.npy,62990661-C-100X.JPG,100,failed,2.200000380980782e-06,FileNotFoundError: config models.sam.checkpoint_path is not set; download a SAM checkpoint (e.g. sam_vit_b_01ec64.pth from Meta's official release) and set its path.
2026-08-29T16:14:38.959654+00:00,sam,62990661-C-100X_r01024_c02944.npy,62990661-C-100X.JPG,100,failed,1.8999999156221747e-06,FileNotFoundError: config models.sam.checkpoint_path is not set; download a SAM checkpoint (e.g. sam_vit_b_01ec64.pth from Meta's official release) and set its path.
2026-08-29T16:14:38.971600+00:00,sam,62990661-C-100X_r01280_c00000.npy,62990661-C-100X.JPG,100,failed,2.099999619531445e-06,FileNotFoundError: config models.sam.checkpoint_path is not set; download a SAM checkpoint (e.g. sam_vit_b_01ec64.pth from Meta's official release) and set its path.
2026-08-29T16:14:38.981858+00:00,sam,62990661-C-100X_r01280_c00256.npy,62990661-C-100X.JPG,100,failed,2.4000000848900527e-06,FileNotFoundError: config models.sam.checkpoint_path is not set; download a SAM checkpoint (e.g. sam_vit_b_01ec64.pth from Meta's official release) and set its path.
2026-08-29T16:14:38.996278+00:00,sam,62990661-C-100X_r01280_c00512.npy,62990661-C-100X.JPG,100,failed,2.600000698294025e-06,FileNotFoundError: config models.sam.checkpoint_path is not set; download a SAM checkpoint (e.g. sam_vit_b_01ec64.pth from Meta's official release) and set its path.
2026-08-29T16:14:39.006501+00:00,sam,62990661-C-100X_r01280_c00768.npy,62990661-C-100X.JPG,100,failed,2.100000529026147e-06,FileNotFoundError: config models.sam.checkpoint_path is not set; download a SAM checkpoint (e.g. sam_vit_b_01ec64.pth from Meta's official release) and set its path.
2026-08-29T16:14:39.017196+00:00,sam,62990661-C-100X_r01280_c01024.npy,62990661-C-100X.JPG,100,failed,2.200000380980782e-06,FileNotFoundError: config models.sam.checkpoint_path is not set; download a SAM checkpoint (e.g. sam_vit_b_01ec64.pth from Meta's official release) and set its path.
2026-08-29T16:14:39.029809+00:00,sam,62990661-C-100X_r01280_c01280.npy,62990661-C-100X.JPG,100,failed,2.0000006770715117e-06,FileNotFoundError: config models.sam.checkpoint_path is not set; download a SAM checkpoint (e.g. sam_vit_b_01ec64.pth from Meta's official release) and set its path.
2026-08-29T16:14:39.049037+00:00,sam,62990661-C-100X_r01280_c01536.npy,62990661-C-100X.JPG,100,failed,2.200000380980782e-06,FileNotFoundError: config models.sam.checkpoint_path is not set; download a SAM checkpoint (e.g. sam_vit_b_01ec64.pth from Meta's official release) and set its path.
2026-08-29T16:14:39.059887+00:00,sam,62990661-C-100X_r01280_c01792.npy,62990661-C-100X.JPG,100,failed,2.0000006770715117e-06,FileNotFoundError: config models.sam.checkpoint_path is not set; download a SAM checkpoint (e.g. sam_vit_b_01ec64.pth from Meta's official release) and set its path.
2026-08-29T16:14:39.071713+00:00,sam,62990661-C-100X_r01280_c02048.npy,62990661-C-100X.JPG,100,failed,2.2999993234407157e-06,FileNotFoundError: config models.sam.checkpoint_path is not set; download a SAM checkpoint (e.g. sam_vit_b_01ec64.pth from Meta's official release) and set its path.
2026-08-29T16:14:39.081463+00:00,sam,62990661-C-100X_r01280_c02304.npy,62990661-C-100X.JPG,100,failed,2.899999344663229e-06,FileNotFoundError: config models.sam.checkpoint_path is not set; download a SAM checkpoint (e.g. sam_vit_b_01ec64.pth from Meta's official release) and set its path.
2026-08-29T16:14:39.093469+00:00,sam,62990661-C-100X_r01280_c02560.npy,62990661-C-100X.JPG,100,failed,1.99999976757681e-06,FileNotFoundError: config models.sam.checkpoint_path is not set; download a SAM checkpoint (e.g. sam_vit_b_01ec64.pth from Meta's official release) and set its path.
2026-08-29T16:14:39.103868+00:00,sam,62990661-C-100X_r01280_c02816.npy,62990661-C-100X.JPG,100,failed,1.8000000636675395e-06,FileNotFoundError: config models.sam.checkpoint_path is not set; download a SAM checkpoint (e.g. sam_vit_b_01ec64.pth from Meta's official release) and set its path.
2026-08-29T16:14:39.115669+00:00,sam,62990661-C-100X_r01280_c02944.npy,62990661-C-100X.JPG,100,failed,1.8000000636675395e-06,FileNotFoundError: config models.sam.checkpoint_path is not set; download a SAM checkpoint (e.g. sam_vit_b_01ec64.pth from Meta's official release) and set its path.
2026-08-29T16:14:39.125853+00:00,sam,62990661-C-100X_r01536_c00000.npy,62990661-C-100X.JPG,100,failed,1.99999976757681e-06,FileNotFoundError: config models.sam.checkpoint_path is not set; download a SAM checkpoint (e.g. sam_vit_b_01ec64.pth from Meta's official release) and set its path.
2026-08-29T16:14:39.139974+00:00,sam,62990661-C-100X_r01536_c00256.npy,62990661-C-100X.JPG,100,failed,2.200000380980782e-06,FileNotFoundError: config models.sam.checkpoint_path is not set; download a SAM checkpoint (e.g. sam_vit_b_01ec64.pth from Meta's official release) and set its path.
2026-08-29T16:14:39.150026+00:00,sam,62990661-C-100X_r01536_c00512.npy,62990661-C-100X.JPG,100,failed,1.8999999156221747e-06,FileNotFoundError: config models.sam.checkpoint_path is not set; download a SAM checkpoint (e.g. sam_vit_b_01ec64.pth from Meta's official release) and set its path.
2026-08-29T16:14:39.159855+00:00,sam,62990661-C-100X_r01536_c00768.npy,62990661-C-100X.JPG,100,failed,1.7000002117129043e-06,FileNotFoundError: config models.sam.checkpoint_path is not set; download a SAM checkpoint (e.g. sam_vit_b_01ec64.pth from Meta's official release) and set its path.
2026-08-29T16:14:39.173964+00:00,sam,62990661-C-100X_r01536_c01024.npy,62990661-C-100X.JPG,100,failed,2.099999619531445e-06,FileNotFoundError: config models.sam.checkpoint_path is not set; download a SAM checkpoint (e.g. sam_vit_b_01ec64.pth from Meta's official release) and set its path.
2026-08-29T16:14:39.184541+00:00,sam,62990661-C-100X_r01536_c01280.npy,62990661-C-100X.JPG,100,failed,2.099999619531445e-06,FileNotFoundError: config models.sam.checkpoint_path is not set; download a SAM checkpoint (e.g. sam_vit_b_01ec64.pth from Meta's official release) and set its path.
2026-08-29T16:14:39.195797+00:00,sam,62990661-C-100X_r01536_c01536.npy,62990661-C-100X.JPG,100,failed,2.0000006770715117e-06,FileNotFoundError: config models.sam.checkpoint_path is not set; download a SAM checkpoint (e.g. sam_vit_b_01ec64.pth from Meta's official release) and set its path.
2026-08-29T16:14:39.212184+00:00,sam,62990661-C-100X_r01536_c01792.npy,62990661-C-100X.JPG,100,failed,2.099999619531445e-06,FileNotFoundError: config models.sam.checkpoint_path is not set; download a SAM checkpoint (e.g. sam_vit_b_01ec64.pth from Meta's official release) and set its path.
2026-08-29T16:14:39.223573+00:00,sam,62990661-C-100X_r01536_c02048.npy,62990661-C-100X.JPG,100,failed,2.499999936844688e-06,FileNotFoundError: config models.sam.checkpoint_path is not set; download a SAM checkpoint (e.g. sam_vit_b_01ec64.pth from Meta's official release) and set its path.
2026-08-29T16:14:39.234914+00:00,sam,62990661-C-100X_r01536_c02304.npy,62990661-C-100X.JPG,100,failed,2.1999994714860804e-06,FileNotFoundError: config models.sam.checkpoint_path is not set; download a SAM checkpoint (e.g. sam_vit_b_01ec64.pth from Meta's official release) and set its path.
2026-08-29T16:14:39.246519+00:00,sam,62990661-C-100X_r01536_c02560.npy,62990661-C-100X.JPG,100,failed,2.1999994714860804e-06,FileNotFoundError: config models.sam.checkpoint_path is not set; download a SAM checkpoint (e.g. sam_vit_b_01ec64.pth from Meta's official release) and set its path.
2026-08-29T16:14:39.261106+00:00,sam,62990661-C-100X_r01536_c02816.npy,62990661-C-100X.JPG,100,failed,1.99999976757681e-06,FileNotFoundError: config models.sam.checkpoint_path is not set; download a SAM checkpoint (e.g. sam_vit_b_01ec64.pth from Meta's official release) and set its path.
2026-08-29T16:14:39.273281+00:00,sam,62990661-C-100X_r01536_c02944.npy,62990661-C-100X.JPG,100,failed,2.0000006770715117e-06,FileNotFoundError: config models.sam.checkpoint_path is not set; download a SAM checkpoint (e.g. sam_vit_b_01ec64.pth from Meta's official release) and set its path.
2026-08-29T16:14:39.284051+00:00,sam,62990661-C-100X_r01792_c00000.npy,62990661-C-100X.JPG,100,failed,2.4000000848900527e-06,FileNotFoundError: config models.sam.checkpoint_path is not set; download a SAM checkpoint (e.g. sam_vit_b_01ec64.pth from Meta's official release) and set its path.
2026-08-29T16:14:39.296502+00:00,sam,62990661-C-100X_r01792_c00256.npy,62990661-C-100X.JPG,100,failed,2.3000002329354174e-06,FileNotFoundError: config models.sam.checkpoint_path is not set; download a SAM checkpoint (e.g. sam_vit_b_01ec64.pth from Meta's official release) and set its path.
2026-08-29T16:14:39.306892+00:00,sam,62990661-C-100X_r01792_c00512.npy,62990661-C-100X.JPG,100,failed,2.1999994714860804e-06,FileNotFoundError: config models.sam.checkpoint_path is not set; download a SAM checkpoint (e.g. sam_vit_b_01ec64.pth from Meta's official release) and set its path.
2026-08-29T16:14:39.317992+00:00,sam,62990661-C-100X_r01792_c00768.npy,62990661-C-100X.JPG,100,failed,2.3000002329354174e-06,FileNotFoundError: config models.sam.checkpoint_path is not set; download a SAM checkpoint (e.g. sam_vit_b_01ec64.pth from Meta's official release) and set its path.
2026-08-29T16:14:39.333666+00:00,sam,62990661-C-100X_r01792_c01024.npy,62990661-C-100X.JPG,100,failed,2.3000002329354174e-06,FileNotFoundError: config models.sam.checkpoint_path is not set; download a SAM checkpoint (e.g. sam_vit_b_01ec64.pth from Meta's official release) and set its path.
2026-08-29T16:14:39.346352+00:00,sam,62990661-C-100X_r01792_c01280.npy,62990661-C-100X.JPG,100,failed,2.0000006770715117e-06,FileNotFoundError: config models.sam.checkpoint_path is not set; download a SAM checkpoint (e.g. sam_vit_b_01ec64.pth from Meta's official release) and set its path.
2026-08-29T16:14:39.360229+00:00,sam,62990661-C-100X_r01792_c01536.npy,62990661-C-100X.JPG,100,failed,2.100000529026147e-06,FileNotFoundError: config models.sam.checkpoint_path is not set; download a SAM checkpoint (e.g. sam_vit_b_01ec64.pth from Meta's official release) and set its path.
2026-08-29T16:14:39.370946+00:00,sam,62990661-C-100X_r01792_c01792.npy,62990661-C-100X.JPG,100,failed,2.100000529026147e-06,FileNotFoundError: config models.sam.checkpoint_path is not set; download a SAM checkpoint (e.g. sam_vit_b_01ec64.pth from Meta's official release) and set its path.
2026-08-29T16:14:39.382620+00:00,sam,62990661-C-100X_r01792_c02048.npy,62990661-C-100X.JPG,100,failed,1.8999999156221747e-06,FileNotFoundError: config models.sam.checkpoint_path is not set; download a SAM checkpoint (e.g. sam_vit_b_01ec64.pth from Meta's official release) and set its path.
2026-08-29T16:14:39.393521+00:00,sam,62990661-C-100X_r01792_c02304.npy,62990661-C-100X.JPG,100,failed,2.100000529026147e-06,FileNotFoundError: config models.sam.checkpoint_path is not set; download a SAM checkpoint (e.g. sam_vit_b_01ec64.pth from Meta's official release) and set its path.
2026-08-29T16:14:39.406303+00:00,sam,62990661-C-100X_r01792_c02560.npy,62990661-C-100X.JPG,100,failed,2.100000529026147e-06,FileNotFoundError: config models.sam.checkpoint_path is not set; download a SAM checkpoint (e.g. sam_vit_b_01ec64.pth from Meta's official release) and set its path.
2026-08-29T16:14:39.416629+00:00,sam,62990661-C-100X_r01792_c02816.npy,62990661-C-100X.JPG,100,failed,2.8000004022032954e-06,FileNotFoundError: config models.sam.checkpoint_path is not set; download a SAM checkpoint (e.g. sam_vit_b_01ec64.pth from Meta's official release) and set its path.
2026-08-29T16:14:39.428163+00:00,sam,62990661-C-100X_r01792_c02944.npy,62990661-C-100X.JPG,100,failed,2.100000529026147e-06,FileNotFoundError: config models.sam.checkpoint_path is not set; download a SAM checkpoint (e.g. sam_vit_b_01ec64.pth from Meta's official release) and set its path.
2026-08-29T16:14:39.451897+00:00,sam,62990661-C-200X_r00000_c00000.npy,62990661-C-200X.JPG,200,failed,1.0999992809956893e-06,FileNotFoundError: config models.sam.checkpoint_path is not set; download a SAM checkpoint (e.g. sam_vit_b_01ec64.pth from Meta's official release) and set its path.
2026-08-29T16:14:39.463110+00:00,sam,62990661-C-200X_r00000_c00256.npy,62990661-C-200X.JPG,200,failed,2.0000006770715117e-06,FileNotFoundError: config models.sam.checkpoint_path is not set; download a SAM checkpoint (e.g. sam_vit_b_01ec64.pth from Meta's official release) and set its path.
2026-08-29T16:14:39.472304+00:00,sam,62990661-C-200X_r00000_c00512.npy,62990661-C-200X.JPG,200,failed,1.6999993022182025e-06,FileNotFoundError: config models.sam.checkpoint_path is not set; download a SAM checkpoint (e.g. sam_vit_b_01ec64.pth from Meta's official release) and set its path.
2026-08-29T16:14:39.484396+00:00,sam,62990661-C-200X_r00000_c00768.npy,62990661-C-200X.JPG,200,failed,2.599999788799323e-06,FileNotFoundError: config models.sam.checkpoint_path is not set; download a SAM checkpoint (e.g. sam_vit_b_01ec64.pth from Meta's official release) and set its path.
2026-08-29T16:14:39.494360+00:00,sam,62990661-C-200X_r00000_c01024.npy,62990661-C-200X.JPG,200,failed,1.8000000636675395e-06,FileNotFoundError: config models.sam.checkpoint_path is not set; download a SAM checkpoint (e.g. sam_vit_b_01ec64.pth from Meta's official release) and set its path.
2026-08-29T16:14:39.509660+00:00,sam,62990661-C-200X_r00000_c01280.npy,62990661-C-200X.JPG,200,failed,1.7000002117129043e-06,FileNotFoundError: config models.sam.checkpoint_path is not set; download a SAM checkpoint (e.g. sam_vit_b_01ec64.pth from Meta's official release) and set its path.
2026-08-29T16:14:39.523197+00:00,sam,62990661-C-200X_r00000_c01536.npy,62990661-C-200X.JPG,200,failed,1.99999976757681e-06,FileNotFoundError: config models.sam.checkpoint_path is not set; download a SAM checkpoint (e.g. sam_vit_b_01ec64.pth from Meta's official release) and set its path.
2026-08-29T16:14:39.533357+00:00,sam,62990661-C-200X_r00000_c01792.npy,62990661-C-200X.JPG,200,failed,2.499999936844688e-06,FileNotFoundError: config models.sam.checkpoint_path is not set; download a SAM checkpoint (e.g. sam_vit_b_01ec64.pth from Meta's official release) and set its path.
2026-08-29T16:14:39.552353+00:00,sam,62990661-C-200X_r00000_c02048.npy,62990661-C-200X.JPG,200,failed,1.99999976757681e-06,FileNotFoundError: config models.sam.checkpoint_path is not set; download a SAM checkpoint (e.g. sam_vit_b_01ec64.pth from Meta's official release) and set its path.
2026-08-29T16:14:39.562068+00:00,sam,62990661-C-200X_r00000_c02304.npy,62990661-C-200X.JPG,200,failed,2.200000380980782e-06,FileNotFoundError: config models.sam.checkpoint_path is not set; download a SAM checkpoint (e.g. sam_vit_b_01ec64.pth from Meta's official release) and set its path.
2026-08-29T16:14:39.574083+00:00,sam,62990661-C-200X_r00000_c02560.npy,62990661-C-200X.JPG,200,failed,2.2999993234407157e-06,FileNotFoundError: config models.sam.checkpoint_path is not set; download a SAM checkpoint (e.g. sam_vit_b_01ec64.pth from Meta's official release) and set its path.
2026-08-29T16:14:39.584990+00:00,sam,62990661-C-200X_r00000_c02816.npy,62990661-C-200X.JPG,200,failed,2.499999936844688e-06,FileNotFoundError: config models.sam.checkpoint_path is not set; download a SAM checkpoint (e.g. sam_vit_b_01ec64.pth from Meta's official release) and set its path.
2026-08-29T16:14:39.596962+00:00,sam,62990661-C-200X_r00000_c02944.npy,62990661-C-200X.JPG,200,failed,2.899999344663229e-06,FileNotFoundError: config models.sam.checkpoint_path is not set; download a SAM checkpoint (e.g. sam_vit_b_01ec64.pth from Meta's official release) and set its path.
2026-08-29T16:14:39.606941+00:00,sam,62990661-C-200X_r00256_c00000.npy,62990661-C-200X.JPG,200,failed,1.9000008251168765e-06,FileNotFoundError: config models.sam.checkpoint_path is not set; download a SAM checkpoint (e.g. sam_vit_b_01ec64.pth from Meta's official release) and set its path.
2026-08-29T16:14:39.618633+00:00,sam,62990661-C-200X_r00256_c00256.npy,62990661-C-200X.JPG,200,failed,2.100000529026147e-06,FileNotFoundError: config models.sam.checkpoint_path is not set; download a SAM checkpoint (e.g. sam_vit_b_01ec64.pth from Meta's official release) and set its path.
2026-08-29T16:14:39.628390+00:00,sam,62990661-C-200X_r00256_c00512.npy,62990661-C-200X.JPG,200,failed,1.6999993022182025e-06,FileNotFoundError: config models.sam.checkpoint_path is not set; download a SAM checkpoint (e.g. sam_vit_b_01ec64.pth from Meta's official release) and set its path.
2026-08-29T16:14:39.640548+00:00,sam,62990661-C-200X_r00256_c00768.npy,62990661-C-200X.JPG,200,failed,2.4000000848900527e-06,FileNotFoundError: config models.sam.checkpoint_path is not set; download a SAM checkpoint (e.g. sam_vit_b_01ec64.pth from Meta's official release) and set its path.
2026-08-29T16:14:39.651239+00:00,sam,62990661-C-200X_r00256_c01024.npy,62990661-C-200X.JPG,200,failed,1.8999999156221747e-06,FileNotFoundError: config models.sam.checkpoint_path is not set; download a SAM checkpoint (e.g. sam_vit_b_01ec64.pth from Meta's official release) and set its path.
2026-08-29T16:14:39.662446+00:00,sam,62990661-C-200X_r00256_c01280.npy,62990661-C-200X.JPG,200,failed,2.200000380980782e-06,FileNotFoundError: config models.sam.checkpoint_path is not set; download a SAM checkpoint (e.g. sam_vit_b_01ec64.pth from Meta's official release) and set its path.
2026-08-29T16:14:39.673670+00:00,sam,62990661-C-200X_r00256_c01536.npy,62990661-C-200X.JPG,200,failed,1.8999999156221747e-06,FileNotFoundError: config models.sam.checkpoint_path is not set; download a SAM checkpoint (e.g. sam_vit_b_01ec64.pth from Meta's official release) and set its path.
2026-08-29T16:14:39.685695+00:00,sam,62990661-C-200X_r00256_c01792.npy,62990661-C-200X.JPG,200,failed,2.3000002329354174e-06,FileNotFoundError: config models.sam.checkpoint_path is not set; download a SAM checkpoint (e.g. sam_vit_b_01ec64.pth from Meta's official release) and set its path.
2026-08-29T16:14:39.695633+00:00,sam,62990661-C-200X_r00256_c02048.npy,62990661-C-200X.JPG,200,failed,2.4000000848900527e-06,FileNotFoundError: config models.sam.checkpoint_path is not set; download a SAM checkpoint (e.g. sam_vit_b_01ec64.pth from Meta's official release) and set its path.
2026-08-29T16:14:39.707748+00:00,sam,62990661-C-200X_r00256_c02304.npy,62990661-C-200X.JPG,200,failed,1.8000000636675395e-06,FileNotFoundError: config models.sam.checkpoint_path is not set; download a SAM checkpoint (e.g. sam_vit_b_01ec64.pth from Meta's official release) and set its path.
2026-08-29T16:14:39.719103+00:00,sam,62990661-C-200X_r00256_c02560.npy,62990661-C-200X.JPG,200,failed,2.1999994714860804e-06,FileNotFoundError: config models.sam.checkpoint_path is not set; download a SAM checkpoint (e.g. sam_vit_b_01ec64.pth from Meta's official release) and set its path.
2026-08-29T16:14:39.730047+00:00,sam,62990661-C-200X_r00256_c02816.npy,62990661-C-200X.JPG,200,failed,1.99999976757681e-06,FileNotFoundError: config models.sam.checkpoint_path is not set; download a SAM checkpoint (e.g. sam_vit_b_01ec64.pth from Meta's official release) and set its path.
2026-08-29T16:14:39.742372+00:00,sam,62990661-C-200X_r00256_c02944.npy,62990661-C-200X.JPG,200,failed,1.8999999156221747e-06,FileNotFoundError: config models.sam.checkpoint_path is not set; download a SAM checkpoint (e.g. sam_vit_b_01ec64.pth from Meta's official release) and set its path.
2026-08-29T16:14:39.753333+00:00,sam,62990661-C-200X_r00512_c00000.npy,62990661-C-200X.JPG,200,failed,2.099999619531445e-06,FileNotFoundError: config models.sam.checkpoint_path is not set; download a SAM checkpoint (e.g. sam_vit_b_01ec64.pth from Meta's official release) and set its path.
2026-08-29T16:14:39.765018+00:00,sam,62990661-C-200X_r00512_c00256.npy,62990661-C-200X.JPG,200,failed,2.200000380980782e-06,FileNotFoundError: config models.sam.checkpoint_path is not set; download a SAM checkpoint (e.g. sam_vit_b_01ec64.pth from Meta's official release) and set its path.
2026-08-29T16:14:39.775168+00:00,sam,62990661-C-200X_r00512_c00512.npy,62990661-C-200X.JPG,200,failed,2.2999993234407157e-06,FileNotFoundError: config models.sam.checkpoint_path is not set; download a SAM checkpoint (e.g. sam_vit_b_01ec64.pth from Meta's official release) and set its path.
2026-08-29T16:14:39.787663+00:00,sam,62990661-C-200X_r00512_c00768.npy,62990661-C-200X.JPG,200,failed,2.100000529026147e-06,FileNotFoundError: config models.sam.checkpoint_path is not set; download a SAM checkpoint (e.g. sam_vit_b_01ec64.pth from Meta's official release) and set its path.
2026-08-29T16:14:39.798053+00:00,sam,62990661-C-200X_r00512_c01024.npy,62990661-C-200X.JPG,200,failed,2.6999996407539584e-06,FileNotFoundError: config models.sam.checkpoint_path is not set; download a SAM checkpoint (e.g. sam_vit_b_01ec64.pth from Meta's official release) and set its path.
2026-08-29T16:14:39.812299+00:00,sam,62990661-C-200X_r00512_c01280.npy,62990661-C-200X.JPG,200,failed,2.099999619531445e-06,FileNotFoundError: config models.sam.checkpoint_path is not set; download a SAM checkpoint (e.g. sam_vit_b_01ec64.pth from Meta's official release) and set its path.
2026-08-29T16:14:39.823353+00:00,sam,62990661-C-200X_r00512_c01536.npy,62990661-C-200X.JPG,200,failed,1.8999999156221747e-06,FileNotFoundError: config models.sam.checkpoint_path is not set; download a SAM checkpoint (e.g. sam_vit_b_01ec64.pth from Meta's official release) and set its path.
2026-08-29T16:14:39.835727+00:00,sam,62990661-C-200X_r00512_c01792.npy,62990661-C-200X.JPG,200,failed,2.3000002329354174e-06,FileNotFoundError: config models.sam.checkpoint_path is not set; download a SAM checkpoint (e.g. sam_vit_b_01ec64.pth from Meta's official release) and set its path.
2026-08-29T16:14:39.845742+00:00,sam,62990661-C-200X_r00512_c02048.npy,62990661-C-200X.JPG,200,failed,2.599999788799323e-06,FileNotFoundError: config models.sam.checkpoint_path is not set; download a SAM checkpoint (e.g. sam_vit_b_01ec64.pth from Meta's official release) and set its path.
2026-08-29T16:14:39.857938+00:00,sam,62990661-C-200X_r00512_c02304.npy,62990661-C-200X.JPG,200,failed,2.3000002329354174e-06,FileNotFoundError: config models.sam.checkpoint_path is not set; download a SAM checkpoint (e.g. sam_vit_b_01ec64.pth from Meta's official release) and set its path.
2026-08-29T16:14:39.868157+00:00,sam,62990661-C-200X_r00512_c02560.npy,62990661-C-200X.JPG,200,failed,2.200000380980782e-06,FileNotFoundError: config models.sam.checkpoint_path is not set; download a SAM checkpoint (e.g. sam_vit_b_01ec64.pth from Meta's official release) and set its path.
2026-08-29T16:14:39.878427+00:00,sam,62990661-C-200X_r00512_c02816.npy,62990661-C-200X.JPG,200,failed,2.9000002541579306e-06,FileNotFoundError: config models.sam.checkpoint_path is not set; download a SAM checkpoint (e.g. sam_vit_b_01ec64.pth from Meta's official release) and set its path.
2026-08-29T16:14:39.890428+00:00,sam,62990661-C-200X_r00512_c02944.npy,62990661-C-200X.JPG,200,failed,2.599999788799323e-06,FileNotFoundError: config models.sam.checkpoint_path is not set; download a SAM checkpoint (e.g. sam_vit_b_01ec64.pth from Meta's official release) and set its path.
2026-08-29T16:14:39.901466+00:00,sam,62990661-C-200X_r00768_c00000.npy,62990661-C-200X.JPG,200,failed,2.100000529026147e-06,FileNotFoundError: config models.sam.checkpoint_path is not set; download a SAM checkpoint (e.g. sam_vit_b_01ec64.pth from Meta's official release) and set its path.
2026-08-29T16:14:39.922778+00:00,sam,62990661-C-200X_r00768_c00256.npy,62990661-C-200X.JPG,200,failed,2.099999619531445e-06,FileNotFoundError: config models.sam.checkpoint_path is not set; download a SAM checkpoint (e.g. sam_vit_b_01ec64.pth from Meta's official release) and set its path.
2026-08-29T16:14:39.933139+00:00,sam,62990661-C-200X_r00768_c00512.npy,62990661-C-200X.JPG,200,failed,2.3000002329354174e-06,FileNotFoundError: config models.sam.checkpoint_path is not set; download a SAM checkpoint (e.g. sam_vit_b_01ec64.pth from Meta's official release) and set its path.
2026-08-29T16:14:39.944259+00:00,sam,62990661-C-200X_r00768_c00768.npy,62990661-C-200X.JPG,200,failed,2.4000000848900527e-06,FileNotFoundError: config models.sam.checkpoint_path is not set; download a SAM checkpoint (e.g. sam_vit_b_01ec64.pth from Meta's official release) and set its path.
2026-08-29T16:14:39.954881+00:00,sam,62990661-C-200X_r00768_c01024.npy,62990661-C-200X.JPG,200,failed,1.8999999156221747e-06,FileNotFoundError: config models.sam.checkpoint_path is not set; download a SAM checkpoint (e.g. sam_vit_b_01ec64.pth from Meta's official release) and set its path.
2026-08-29T16:14:39.966097+00:00,sam,62990661-C-200X_r00768_c01280.npy,62990661-C-200X.JPG,200,failed,2.099999619531445e-06,FileNotFoundError: config models.sam.checkpoint_path is not set; download a SAM checkpoint (e.g. sam_vit_b_01ec64.pth from Meta's official release) and set its path.
2026-08-29T16:14:39.975876+00:00,sam,62990661-C-200X_r00768_c01536.npy,62990661-C-200X.JPG,200,failed,1.8000000636675395e-06,FileNotFoundError: config models.sam.checkpoint_path is not set; download a SAM checkpoint (e.g. sam_vit_b_01ec64.pth from Meta's official release) and set its path.
2026-08-29T16:14:39.988369+00:00,sam,62990661-C-200X_r00768_c01792.npy,62990661-C-200X.JPG,200,failed,1.99999976757681e-06,FileNotFoundError: config models.sam.checkpoint_path is not set; download a SAM checkpoint (e.g. sam_vit_b_01ec64.pth from Meta's official release) and set its path.
2026-08-29T16:14:39.999985+00:00,sam,62990661-C-200X_r00768_c02048.npy,62990661-C-200X.JPG,200,failed,2.499999936844688e-06,FileNotFoundError: config models.sam.checkpoint_path is not set; download a SAM checkpoint (e.g. sam_vit_b_01ec64.pth from Meta's official release) and set its path.
2026-08-29T16:14:40.011348+00:00,sam,62990661-C-200X_r00768_c02304.npy,62990661-C-200X.JPG,200,failed,1.99999976757681e-06,FileNotFoundError: config models.sam.checkpoint_path is not set; download a SAM checkpoint (e.g. sam_vit_b_01ec64.pth from Meta's official release) and set its path.
2026-08-29T16:14:40.022721+00:00,sam,62990661-C-200X_r00768_c02560.npy,62990661-C-200X.JPG,200,failed,2.499999936844688e-06,FileNotFoundError: config models.sam.checkpoint_path is not set; download a SAM checkpoint (e.g. sam_vit_b_01ec64.pth from Meta's official release) and set its path.
2026-08-29T16:14:40.033616+00:00,sam,62990661-C-200X_r00768_c02816.npy,62990661-C-200X.JPG,200,failed,2.100000529026147e-06,FileNotFoundError: config models.sam.checkpoint_path is not set; download a SAM checkpoint (e.g. sam_vit_b_01ec64.pth from Meta's official release) and set its path.
2026-08-29T16:14:40.045442+00:00,sam,62990661-C-200X_r00768_c02944.npy,62990661-C-200X.JPG,200,failed,1.7000002117129043e-06,FileNotFoundError: config models.sam.checkpoint_path is not set; download a SAM checkpoint (e.g. sam_vit_b_01ec64.pth from Meta's official release) and set its path.
2026-08-29T16:14:40.057198+00:00,sam,62990661-C-200X_r01024_c00000.npy,62990661-C-200X.JPG,200,failed,2.099999619531445e-06,FileNotFoundError: config models.sam.checkpoint_path is not set; download a SAM checkpoint (e.g. sam_vit_b_01ec64.pth from Meta's official release) and set its path.
2026-08-29T16:14:40.067500+00:00,sam,62990661-C-200X_r01024_c00256.npy,62990661-C-200X.JPG,200,failed,2.099999619531445e-06,FileNotFoundError: config models.sam.checkpoint_path is not set; download a SAM checkpoint (e.g. sam_vit_b_01ec64.pth from Meta's official release) and set its path.
2026-08-29T16:14:40.077704+00:00,sam,62990661-C-200X_r01024_c00512.npy,62990661-C-200X.JPG,200,failed,2.1999994714860804e-06,FileNotFoundError: config models.sam.checkpoint_path is not set; download a SAM checkpoint (e.g. sam_vit_b_01ec64.pth from Meta's official release) and set its path.
2026-08-29T16:14:40.090176+00:00,sam,62990661-C-200X_r01024_c00768.npy,62990661-C-200X.JPG,200,failed,2.4000000848900527e-06,FileNotFoundError: config models.sam.checkpoint_path is not set; download a SAM checkpoint (e.g. sam_vit_b_01ec64.pth from Meta's official release) and set its path.
2026-08-29T16:14:40.101347+00:00,sam,62990661-C-200X_r01024_c01024.npy,62990661-C-200X.JPG,200,failed,2.100000529026147e-06,FileNotFoundError: config models.sam.checkpoint_path is not set; download a SAM checkpoint (e.g. sam_vit_b_01ec64.pth from Meta's official release) and set its path.
2026-08-29T16:14:40.112914+00:00,sam,62990661-C-200X_r01024_c01280.npy,62990661-C-200X.JPG,200,failed,2.1999994714860804e-06,FileNotFoundError: config models.sam.checkpoint_path is not set; download a SAM checkpoint (e.g. sam_vit_b_01ec64.pth from Meta's official release) and set its path.
2026-08-29T16:14:40.123076+00:00,sam,62990661-C-200X_r01024_c01536.npy,62990661-C-200X.JPG,200,failed,2.100000529026147e-06,FileNotFoundError: config models.sam.checkpoint_path is not set; download a SAM checkpoint (e.g. sam_vit_b_01ec64.pth from Meta's official release) and set its path.
2026-08-29T16:14:40.135416+00:00,sam,62990661-C-200X_r01024_c01792.npy,62990661-C-200X.JPG,200,failed,2.1999994714860804e-06,FileNotFoundError: config models.sam.checkpoint_path is not set; download a SAM checkpoint (e.g. sam_vit_b_01ec64.pth from Meta's official release) and set its path.
2026-08-29T16:14:40.145581+00:00,sam,62990661-C-200X_r01024_c02048.npy,62990661-C-200X.JPG,200,failed,1.600000359758269e-06,FileNotFoundError: config models.sam.checkpoint_path is not set; download a SAM checkpoint (e.g. sam_vit_b_01ec64.pth from Meta's official release) and set its path.
2026-08-29T16:14:40.156253+00:00,sam,62990661-C-200X_r01024_c02304.npy,62990661-C-200X.JPG,200,failed,1.8999999156221747e-06,FileNotFoundError: config models.sam.checkpoint_path is not set; download a SAM checkpoint (e.g. sam_vit_b_01ec64.pth from Meta's official release) and set its path.
2026-08-29T16:14:40.168605+00:00,sam,62990661-C-200X_r01024_c02560.npy,62990661-C-200X.JPG,200,failed,2.0000006770715117e-06,FileNotFoundError: config models.sam.checkpoint_path is not set; download a SAM checkpoint (e.g. sam_vit_b_01ec64.pth from Meta's official release) and set its path.
2026-08-29T16:14:40.180434+00:00,sam,62990661-C-200X_r01024_c02816.npy,62990661-C-200X.JPG,200,failed,2.8000004022032954e-06,FileNotFoundError: config models.sam.checkpoint_path is not set; download a SAM checkpoint (e.g. sam_vit_b_01ec64.pth from Meta's official release) and set its path.
2026-08-29T16:14:40.190625+00:00,sam,62990661-C-200X_r01024_c02944.npy,62990661-C-200X.JPG,200,failed,2.599999788799323e-06,FileNotFoundError: config models.sam.checkpoint_path is not set; download a SAM checkpoint (e.g. sam_vit_b_01ec64.pth from Meta's official release) and set its path.
2026-08-29T16:14:40.202414+00:00,sam,62990661-C-200X_r01280_c00000.npy,62990661-C-200X.JPG,200,failed,1.7000002117129043e-06,FileNotFoundError: config models.sam.checkpoint_path is not set; download a SAM checkpoint (e.g. sam_vit_b_01ec64.pth from Meta's official release) and set its path.
2026-08-29T16:14:40.212429+00:00,sam,62990661-C-200X_r01280_c00256.npy,62990661-C-200X.JPG,200,failed,2.1999994714860804e-06,FileNotFoundError: config models.sam.checkpoint_path is not set; download a SAM checkpoint (e.g. sam_vit_b_01ec64.pth from Meta's official release) and set its path.
2026-08-29T16:14:40.224224+00:00,sam,62990661-C-200X_r01280_c00512.npy,62990661-C-200X.JPG,200,failed,1.8999999156221747e-06,FileNotFoundError: config models.sam.checkpoint_path is not set; download a SAM checkpoint (e.g. sam_vit_b_01ec64.pth from Meta's official release) and set its path.
2026-08-29T16:14:40.234946+00:00,sam,62990661-C-200X_r01280_c00768.npy,62990661-C-200X.JPG,200,failed,1.8999999156221747e-06,FileNotFoundError: config models.sam.checkpoint_path is not set; download a SAM checkpoint (e.g. sam_vit_b_01ec64.pth from Meta's official release) and set its path.
2026-08-29T16:14:40.247019+00:00,sam,62990661-C-200X_r01280_c01024.npy,62990661-C-200X.JPG,200,failed,3.8000007407390513e-06,FileNotFoundError: config models.sam.checkpoint_path is not set; download a SAM checkpoint (e.g. sam_vit_b_01ec64.pth from Meta's official release) and set its path.
2026-08-29T16:14:40.259652+00:00,sam,62990661-C-200X_r01280_c01280.npy,62990661-C-200X.JPG,200,failed,1.7000002117129043e-06,FileNotFoundError: config models.sam.checkpoint_path is not set; download a SAM checkpoint (e.g. sam_vit_b_01ec64.pth from Meta's official release) and set its path.
2026-08-29T16:14:40.271390+00:00,sam,62990661-C-200X_r01280_c01536.npy,62990661-C-200X.JPG,200,failed,1.7000002117129043e-06,FileNotFoundError: config models.sam.checkpoint_path is not set; download a SAM checkpoint (e.g. sam_vit_b_01ec64.pth from Meta's official release) and set its path.
2026-08-29T16:14:40.281576+00:00,sam,62990661-C-200X_r01280_c01792.npy,62990661-C-200X.JPG,200,failed,2.6999996407539584e-06,FileNotFoundError: config models.sam.checkpoint_path is not set; download a SAM checkpoint (e.g. sam_vit_b_01ec64.pth from Meta's official release) and set its path.
2026-08-29T16:14:40.291886+00:00,sam,62990661-C-200X_r01280_c02048.npy,62990661-C-200X.JPG,200,failed,2.099999619531445e-06,FileNotFoundError: config models.sam.checkpoint_path is not set; download a SAM checkpoint (e.g. sam_vit_b_01ec64.pth from Meta's official release) and set its path.
2026-08-29T16:14:40.304570+00:00,sam,62990661-C-200X_r01280_c02304.npy,62990661-C-200X.JPG,200,failed,1.8999999156221747e-06,FileNotFoundError: config models.sam.checkpoint_path is not set; download a SAM checkpoint (e.g. sam_vit_b_01ec64.pth from Meta's official release) and set its path.
2026-08-29T16:14:40.315182+00:00,sam,62990661-C-200X_r01280_c02560.npy,62990661-C-200X.JPG,200,failed,2.100000529026147e-06,FileNotFoundError: config models.sam.checkpoint_path is not set; download a SAM checkpoint (e.g. sam_vit_b_01ec64.pth from Meta's official release) and set its path.
2026-08-29T16:14:40.327238+00:00,sam,62990661-C-200X_r01280_c02816.npy,62990661-C-200X.JPG,200,failed,1.8999999156221747e-06,FileNotFoundError: config models.sam.checkpoint_path is not set; download a SAM checkpoint (e.g. sam_vit_b_01ec64.pth from Meta's official release) and set its path.
2026-08-29T16:14:40.338087+00:00,sam,62990661-C-200X_r01280_c02944.npy,62990661-C-200X.JPG,200,failed,2.0000006770715117e-06,FileNotFoundError: config models.sam.checkpoint_path is not set; download a SAM checkpoint (e.g. sam_vit_b_01ec64.pth from Meta's official release) and set its path.
2026-08-29T16:14:40.351193+00:00,sam,62990661-C-200X_r01536_c00000.npy,62990661-C-200X.JPG,200,failed,2.099999619531445e-06,FileNotFoundError: config models.sam.checkpoint_path is not set; download a SAM checkpoint (e.g. sam_vit_b_01ec64.pth from Meta's official release) and set its path.
2026-08-29T16:14:40.361713+00:00,sam,62990661-C-200X_r01536_c00256.npy,62990661-C-200X.JPG,200,failed,2.099999619531445e-06,FileNotFoundError: config models.sam.checkpoint_path is not set; download a SAM checkpoint (e.g. sam_vit_b_01ec64.pth from Meta's official release) and set its path.
2026-08-29T16:14:40.375705+00:00,sam,62990661-C-200X_r01536_c00512.npy,62990661-C-200X.JPG,200,failed,1.99999976757681e-06,FileNotFoundError: config models.sam.checkpoint_path is not set; download a SAM checkpoint (e.g. sam_vit_b_01ec64.pth from Meta's official release) and set its path.
2026-08-29T16:14:40.389537+00:00,sam,62990661-C-200X_r01536_c00768.npy,62990661-C-200X.JPG,200,failed,4.600000465870835e-06,FileNotFoundError: config models.sam.checkpoint_path is not set; download a SAM checkpoint (e.g. sam_vit_b_01ec64.pth from Meta's official release) and set its path.
2026-08-29T16:14:40.402974+00:00,sam,62990661-C-200X_r01536_c01024.npy,62990661-C-200X.JPG,200,failed,2.599999788799323e-06,FileNotFoundError: config models.sam.checkpoint_path is not set; download a SAM checkpoint (e.g. sam_vit_b_01ec64.pth from Meta's official release) and set its path.
2026-08-29T16:14:40.414877+00:00,sam,62990661-C-200X_r01536_c01280.npy,62990661-C-200X.JPG,200,failed,2.899999344663229e-06,FileNotFoundError: config models.sam.checkpoint_path is not set; download a SAM checkpoint (e.g. sam_vit_b_01ec64.pth from Meta's official release) and set its path.
2026-08-29T16:14:40.427646+00:00,sam,62990661-C-200X_r01536_c01536.npy,62990661-C-200X.JPG,200,failed,2.1999994714860804e-06,FileNotFoundError: config models.sam.checkpoint_path is not set; download a SAM checkpoint (e.g. sam_vit_b_01ec64.pth from Meta's official release) and set its path.
2026-08-29T16:14:40.442031+00:00,sam,62990661-C-200X_r01536_c01792.npy,62990661-C-200X.JPG,200,failed,3.3999995139311068e-06,FileNotFoundError: config models.sam.checkpoint_path is not set; download a SAM checkpoint (e.g. sam_vit_b_01ec64.pth from Meta's official release) and set its path.
2026-08-29T16:14:40.455859+00:00,sam,62990661-C-200X_r01536_c02048.npy,62990661-C-200X.JPG,200,failed,1.8000000636675395e-06,FileNotFoundError: config models.sam.checkpoint_path is not set; download a SAM checkpoint (e.g. sam_vit_b_01ec64.pth from Meta's official release) and set its path.
2026-08-29T16:14:40.467889+00:00,sam,62990661-C-200X_r01536_c02304.npy,62990661-C-200X.JPG,200,failed,3.000000106112566e-06,FileNotFoundError: config models.sam.checkpoint_path is not set; download a SAM checkpoint (e.g. sam_vit_b_01ec64.pth from Meta's official release) and set its path.
2026-08-29T16:14:40.478160+00:00,sam,62990661-C-200X_r01536_c02560.npy,62990661-C-200X.JPG,200,failed,2.2999993234407157e-06,FileNotFoundError: config models.sam.checkpoint_path is not set; download a SAM checkpoint (e.g. sam_vit_b_01ec64.pth from Meta's official release) and set its path.
2026-08-29T16:14:40.490615+00:00,sam,62990661-C-200X_r01536_c02816.npy,62990661-C-200X.JPG,200,failed,2.2999993234407157e-06,FileNotFoundError: config models.sam.checkpoint_path is not set; download a SAM checkpoint (e.g. sam_vit_b_01ec64.pth from Meta's official release) and set its path.
2026-08-29T16:14:40.501736+00:00,sam,62990661-C-200X_r01536_c02944.npy,62990661-C-200X.JPG,200,failed,2.0000006770715117e-06,FileNotFoundError: config models.sam.checkpoint_path is not set; download a SAM checkpoint (e.g. sam_vit_b_01ec64.pth from Meta's official release) and set its path.
2026-08-29T16:14:40.513342+00:00,sam,62990661-C-200X_r01792_c00000.npy,62990661-C-200X.JPG,200,failed,1.8999999156221747e-06,FileNotFoundError: config models.sam.checkpoint_path is not set; download a SAM checkpoint (e.g. sam_vit_b_01ec64.pth from Meta's official release) and set its path.
2026-08-29T16:14:40.523540+00:00,sam,62990661-C-200X_r01792_c00256.npy,62990661-C-200X.JPG,200,failed,1.7000002117129043e-06,FileNotFoundError: config models.sam.checkpoint_path is not set; download a SAM checkpoint (e.g. sam_vit_b_01ec64.pth from Meta's official release) and set its path.
2026-08-29T16:14:40.535899+00:00,sam,62990661-C-200X_r01792_c00512.npy,62990661-C-200X.JPG,200,failed,2.0000006770715117e-06,FileNotFoundError: config models.sam.checkpoint_path is not set; download a SAM checkpoint (e.g. sam_vit_b_01ec64.pth from Meta's official release) and set its path.
2026-08-29T16:14:40.545861+00:00,sam,62990661-C-200X_r01792_c00768.npy,62990661-C-200X.JPG,200,failed,1.8999999156221747e-06,FileNotFoundError: config models.sam.checkpoint_path is not set; download a SAM checkpoint (e.g. sam_vit_b_01ec64.pth from Meta's official release) and set its path.
2026-08-29T16:14:40.558322+00:00,sam,62990661-C-200X_r01792_c01024.npy,62990661-C-200X.JPG,200,failed,1.7000002117129043e-06,FileNotFoundError: config models.sam.checkpoint_path is not set; download a SAM checkpoint (e.g. sam_vit_b_01ec64.pth from Meta's official release) and set its path.
2026-08-29T16:14:40.568641+00:00,sam,62990661-C-200X_r01792_c01280.npy,62990661-C-200X.JPG,200,failed,2.200000380980782e-06,FileNotFoundError: config models.sam.checkpoint_path is not set; download a SAM checkpoint (e.g. sam_vit_b_01ec64.pth from Meta's official release) and set its path.
2026-08-29T16:14:40.579929+00:00,sam,62990661-C-200X_r01792_c01536.npy,62990661-C-200X.JPG,200,failed,2.3000002329354174e-06,FileNotFoundError: config models.sam.checkpoint_path is not set; download a SAM checkpoint (e.g. sam_vit_b_01ec64.pth from Meta's official release) and set its path.
2026-08-29T16:14:40.590129+00:00,sam,62990661-C-200X_r01792_c01792.npy,62990661-C-200X.JPG,200,failed,1.8000000636675395e-06,FileNotFoundError: config models.sam.checkpoint_path is not set; download a SAM checkpoint (e.g. sam_vit_b_01ec64.pth from Meta's official release) and set its path.
2026-08-29T16:14:40.602206+00:00,sam,62990661-C-200X_r01792_c02048.npy,62990661-C-200X.JPG,200,failed,1.99999976757681e-06,FileNotFoundError: config models.sam.checkpoint_path is not set; download a SAM checkpoint (e.g. sam_vit_b_01ec64.pth from Meta's official release) and set its path.
2026-08-29T16:14:40.612250+00:00,sam,62990661-C-200X_r01792_c02304.npy,62990661-C-200X.JPG,200,failed,1.499999598308932e-06,FileNotFoundError: config models.sam.checkpoint_path is not set; download a SAM checkpoint (e.g. sam_vit_b_01ec64.pth from Meta's official release) and set its path.
2026-08-29T16:14:40.624522+00:00,sam,62990661-C-200X_r01792_c02560.npy,62990661-C-200X.JPG,200,failed,2.200000380980782e-06,FileNotFoundError: config models.sam.checkpoint_path is not set; download a SAM checkpoint (e.g. sam_vit_b_01ec64.pth from Meta's official release) and set its path.
2026-08-29T16:14:40.637083+00:00,sam,62990661-C-200X_r01792_c02816.npy,62990661-C-200X.JPG,200,failed,1.8000000636675395e-06,FileNotFoundError: config models.sam.checkpoint_path is not set; download a SAM checkpoint (e.g. sam_vit_b_01ec64.pth from Meta's official release) and set its path.
2026-08-29T16:14:40.647148+00:00,sam,62990661-C-200X_r01792_c02944.npy,62990661-C-200X.JPG,200,failed,1.99999976757681e-06,FileNotFoundError: config models.sam.checkpoint_path is not set; download a SAM checkpoint (e.g. sam_vit_b_01ec64.pth from Meta's official release) and set its path.
2026-08-29T16:14:40.661449+00:00,sam,62990661-R-100X_r00000_c00000.npy,62990661-R-100X.JPG,100,failed,2.200000380980782e-06,FileNotFoundError: config models.sam.checkpoint_path is not set; download a SAM checkpoint (e.g. sam_vit_b_01ec64.pth from Meta's official release) and set its path.
2026-08-29T16:14:40.671489+00:00,sam,62990661-R-100X_r00000_c00256.npy,62990661-R-100X.JPG,100,failed,2.6999996407539584e-06,FileNotFoundError: config models.sam.checkpoint_path is not set; download a SAM checkpoint (e.g. sam_vit_b_01ec64.pth from Meta's official release) and set its path.
2026-08-29T16:14:40.683813+00:00,sam,62990661-R-100X_r00000_c00512.npy,62990661-R-100X.JPG,100,failed,1.99999976757681e-06,FileNotFoundError: config models.sam.checkpoint_path is not set; download a SAM checkpoint (e.g. sam_vit_b_01ec64.pth from Meta's official release) and set its path.
2026-08-29T16:14:40.693899+00:00,sam,62990661-R-100X_r00000_c00768.npy,62990661-R-100X.JPG,100,failed,1.8999999156221747e-06,FileNotFoundError: config models.sam.checkpoint_path is not set; download a SAM checkpoint (e.g. sam_vit_b_01ec64.pth from Meta's official release) and set its path.
2026-08-29T16:14:40.712265+00:00,sam,62990661-R-100X_r00000_c01024.npy,62990661-R-100X.JPG,100,failed,1.8999999156221747e-06,FileNotFoundError: config models.sam.checkpoint_path is not set; download a SAM checkpoint (e.g. sam_vit_b_01ec64.pth from Meta's official release) and set its path.
2026-08-29T16:14:40.722538+00:00,sam,62990661-R-100X_r00000_c01280.npy,62990661-R-100X.JPG,100,failed,1.7000002117129043e-06,FileNotFoundError: config models.sam.checkpoint_path is not set; download a SAM checkpoint (e.g. sam_vit_b_01ec64.pth from Meta's official release) and set its path.
2026-08-29T16:14:40.734448+00:00,sam,62990661-R-100X_r00000_c01536.npy,62990661-R-100X.JPG,100,failed,1.8000000636675395e-06,FileNotFoundError: config models.sam.checkpoint_path is not set; download a SAM checkpoint (e.g. sam_vit_b_01ec64.pth from Meta's official release) and set its path.
2026-08-29T16:14:40.744773+00:00,sam,62990661-R-100X_r00000_c01792.npy,62990661-R-100X.JPG,100,failed,1.8999999156221747e-06,FileNotFoundError: config models.sam.checkpoint_path is not set; download a SAM checkpoint (e.g. sam_vit_b_01ec64.pth from Meta's official release) and set its path.
2026-08-29T16:14:40.757163+00:00,sam,62990661-R-100X_r00000_c02048.npy,62990661-R-100X.JPG,100,failed,2.1999994714860804e-06,FileNotFoundError: config models.sam.checkpoint_path is not set; download a SAM checkpoint (e.g. sam_vit_b_01ec64.pth from Meta's official release) and set its path.
2026-08-29T16:14:40.768973+00:00,sam,62990661-R-100X_r00000_c02304.npy,62990661-R-100X.JPG,100,failed,2.4000000848900527e-06,FileNotFoundError: config models.sam.checkpoint_path is not set; download a SAM checkpoint (e.g. sam_vit_b_01ec64.pth from Meta's official release) and set its path.
2026-08-29T16:14:40.780922+00:00,sam,62990661-R-100X_r00000_c02560.npy,62990661-R-100X.JPG,100,failed,2.4000000848900527e-06,FileNotFoundError: config models.sam.checkpoint_path is not set; download a SAM checkpoint (e.g. sam_vit_b_01ec64.pth from Meta's official release) and set its path.
2026-08-29T16:14:40.791655+00:00,sam,62990661-R-100X_r00000_c02816.npy,62990661-R-100X.JPG,100,failed,1.8999999156221747e-06,FileNotFoundError: config models.sam.checkpoint_path is not set; download a SAM checkpoint (e.g. sam_vit_b_01ec64.pth from Meta's official release) and set its path.
2026-08-29T16:14:40.804286+00:00,sam,62990661-R-100X_r00000_c02944.npy,62990661-R-100X.JPG,100,failed,2.399999175395351e-06,FileNotFoundError: config models.sam.checkpoint_path is not set; download a SAM checkpoint (e.g. sam_vit_b_01ec64.pth from Meta's official release) and set its path.
2026-08-29T16:14:40.814532+00:00,sam,62990661-R-100X_r00256_c00000.npy,62990661-R-100X.JPG,100,failed,2.2999993234407157e-06,FileNotFoundError: config models.sam.checkpoint_path is not set; download a SAM checkpoint (e.g. sam_vit_b_01ec64.pth from Meta's official release) and set its path.
2026-08-29T16:14:40.825399+00:00,sam,62990661-R-100X_r00256_c00256.npy,62990661-R-100X.JPG,100,failed,2.200000380980782e-06,FileNotFoundError: config models.sam.checkpoint_path is not set; download a SAM checkpoint (e.g. sam_vit_b_01ec64.pth from Meta's official release) and set its path.
2026-08-29T16:14:40.838621+00:00,sam,62990661-R-100X_r00256_c00512.npy,62990661-R-100X.JPG,100,failed,2.100000529026147e-06,FileNotFoundError: config models.sam.checkpoint_path is not set; download a SAM checkpoint (e.g. sam_vit_b_01ec64.pth from Meta's official release) and set its path.
2026-08-29T16:14:40.849555+00:00,sam,62990661-R-100X_r00256_c00768.npy,62990661-R-100X.JPG,100,failed,2.4000000848900527e-06,FileNotFoundError: config models.sam.checkpoint_path is not set; download a SAM checkpoint (e.g. sam_vit_b_01ec64.pth from Meta's official release) and set its path.
2026-08-29T16:14:40.862090+00:00,sam,62990661-R-100X_r00256_c01024.npy,62990661-R-100X.JPG,100,failed,2.099999619531445e-06,FileNotFoundError: config models.sam.checkpoint_path is not set; download a SAM checkpoint (e.g. sam_vit_b_01ec64.pth from Meta's official release) and set its path.
2026-08-29T16:14:40.872743+00:00,sam,62990661-R-100X_r00256_c01280.npy,62990661-R-100X.JPG,100,failed,2.599999788799323e-06,FileNotFoundError: config models.sam.checkpoint_path is not set; download a SAM checkpoint (e.g. sam_vit_b_01ec64.pth from Meta's official release) and set its path.
2026-08-29T16:14:40.885362+00:00,sam,62990661-R-100X_r00256_c01536.npy,62990661-R-100X.JPG,100,failed,2.599999788799323e-06,FileNotFoundError: config models.sam.checkpoint_path is not set; download a SAM checkpoint (e.g. sam_vit_b_01ec64.pth from Meta's official release) and set its path.
2026-08-29T16:14:40.895547+00:00,sam,62990661-R-100X_r00256_c01792.npy,62990661-R-100X.JPG,100,failed,2.099999619531445e-06,FileNotFoundError: config models.sam.checkpoint_path is not set; download a SAM checkpoint (e.g. sam_vit_b_01ec64.pth from Meta's official release) and set its path.
2026-08-29T16:14:40.908983+00:00,sam,62990661-R-100X_r00256_c02048.npy,62990661-R-100X.JPG,100,failed,1.9000008251168765e-06,FileNotFoundError: config models.sam.checkpoint_path is not set; download a SAM checkpoint (e.g. sam_vit_b_01ec64.pth from Meta's official release) and set its path.
2026-08-29T16:14:40.919950+00:00,sam,62990661-R-100X_r00256_c02304.npy,62990661-R-100X.JPG,100,failed,2.100000529026147e-06,FileNotFoundError: config models.sam.checkpoint_path is not set; download a SAM checkpoint (e.g. sam_vit_b_01ec64.pth from Meta's official release) and set its path.
2026-08-29T16:14:40.930744+00:00,sam,62990661-R-100X_r00256_c02560.npy,62990661-R-100X.JPG,100,failed,2.1999994714860804e-06,FileNotFoundError: config models.sam.checkpoint_path is not set; download a SAM checkpoint (e.g. sam_vit_b_01ec64.pth from Meta's official release) and set its path.
2026-08-29T16:14:40.940828+00:00,sam,62990661-R-100X_r00256_c02816.npy,62990661-R-100X.JPG,100,failed,1.8000000636675395e-06,FileNotFoundError: config models.sam.checkpoint_path is not set; download a SAM checkpoint (e.g. sam_vit_b_01ec64.pth from Meta's official release) and set its path.
2026-08-29T16:14:40.952680+00:00,sam,62990661-R-100X_r00256_c02944.npy,62990661-R-100X.JPG,100,failed,1.8999999156221747e-06,FileNotFoundError: config models.sam.checkpoint_path is not set; download a SAM checkpoint (e.g. sam_vit_b_01ec64.pth from Meta's official release) and set its path.
2026-08-29T16:14:40.962722+00:00,sam,62990661-R-100X_r00512_c00000.npy,62990661-R-100X.JPG,100,failed,1.499999598308932e-06,FileNotFoundError: config models.sam.checkpoint_path is not set; download a SAM checkpoint (e.g. sam_vit_b_01ec64.pth from Meta's official release) and set its path.
2026-08-29T16:14:40.977167+00:00,sam,62990661-R-100X_r00512_c00256.npy,62990661-R-100X.JPG,100,failed,1.8999999156221747e-06,FileNotFoundError: config models.sam.checkpoint_path is not set; download a SAM checkpoint (e.g. sam_vit_b_01ec64.pth from Meta's official release) and set its path.
2026-08-29T16:14:40.994325+00:00,sam,62990661-R-100X_r00512_c00512.npy,62990661-R-100X.JPG,100,failed,1.99999976757681e-06,FileNotFoundError: config models.sam.checkpoint_path is not set; download a SAM checkpoint (e.g. sam_vit_b_01ec64.pth from Meta's official release) and set its path.
2026-08-29T16:14:41.005090+00:00,sam,62990661-R-100X_r00512_c00768.npy,62990661-R-100X.JPG,100,failed,1.8000000636675395e-06,FileNotFoundError: config models.sam.checkpoint_path is not set; download a SAM checkpoint (e.g. sam_vit_b_01ec64.pth from Meta's official release) and set its path.
2026-08-29T16:14:41.016665+00:00,sam,62990661-R-100X_r00512_c01024.npy,62990661-R-100X.JPG,100,failed,1.8000000636675395e-06,FileNotFoundError: config models.sam.checkpoint_path is not set; download a SAM checkpoint (e.g. sam_vit_b_01ec64.pth from Meta's official release) and set its path.
2026-08-29T16:14:41.026484+00:00,sam,62990661-R-100X_r00512_c01280.npy,62990661-R-100X.JPG,100,failed,2.200000380980782e-06,FileNotFoundError: config models.sam.checkpoint_path is not set; download a SAM checkpoint (e.g. sam_vit_b_01ec64.pth from Meta's official release) and set its path.
2026-08-29T16:14:41.037787+00:00,sam,62990661-R-100X_r00512_c01536.npy,62990661-R-100X.JPG,100,failed,1.8000000636675395e-06,FileNotFoundError: config models.sam.checkpoint_path is not set; download a SAM checkpoint (e.g. sam_vit_b_01ec64.pth from Meta's official release) and set its path.
2026-08-29T16:14:41.047711+00:00,sam,62990661-R-100X_r00512_c01792.npy,62990661-R-100X.JPG,100,failed,2.599999788799323e-06,FileNotFoundError: config models.sam.checkpoint_path is not set; download a SAM checkpoint (e.g. sam_vit_b_01ec64.pth from Meta's official release) and set its path.
2026-08-29T16:14:41.060012+00:00,sam,62990661-R-100X_r00512_c02048.npy,62990661-R-100X.JPG,100,failed,1.8000000636675395e-06,FileNotFoundError: config models.sam.checkpoint_path is not set; download a SAM checkpoint (e.g. sam_vit_b_01ec64.pth from Meta's official release) and set its path.
2026-08-29T16:14:41.071788+00:00,sam,62990661-R-100X_r00512_c02304.npy,62990661-R-100X.JPG,100,failed,1.8000000636675395e-06,FileNotFoundError: config models.sam.checkpoint_path is not set; download a SAM checkpoint (e.g. sam_vit_b_01ec64.pth from Meta's official release) and set its path.
2026-08-29T16:14:41.084031+00:00,sam,62990661-R-100X_r00512_c02560.npy,62990661-R-100X.JPG,100,failed,2.0000006770715117e-06,FileNotFoundError: config models.sam.checkpoint_path is not set; download a SAM checkpoint (e.g. sam_vit_b_01ec64.pth from Meta's official release) and set its path.
2026-08-29T16:14:41.094092+00:00,sam,62990661-R-100X_r00512_c02816.npy,62990661-R-100X.JPG,100,failed,1.8000000636675395e-06,FileNotFoundError: config models.sam.checkpoint_path is not set; download a SAM checkpoint (e.g. sam_vit_b_01ec64.pth from Meta's official release) and set its path.
2026-08-29T16:14:41.106566+00:00,sam,62990661-R-100X_r00512_c02944.npy,62990661-R-100X.JPG,100,failed,2.099999619531445e-06,FileNotFoundError: config models.sam.checkpoint_path is not set; download a SAM checkpoint (e.g. sam_vit_b_01ec64.pth from Meta's official release) and set its path.
2026-08-29T16:14:41.117032+00:00,sam,62990661-R-100X_r00768_c00000.npy,62990661-R-100X.JPG,100,failed,2.100000529026147e-06,FileNotFoundError: config models.sam.checkpoint_path is not set; download a SAM checkpoint (e.g. sam_vit_b_01ec64.pth from Meta's official release) and set its path.
2026-08-29T16:14:41.128426+00:00,sam,62990661-R-100X_r00768_c00256.npy,62990661-R-100X.JPG,100,failed,2.0000006770715117e-06,FileNotFoundError: config models.sam.checkpoint_path is not set; download a SAM checkpoint (e.g. sam_vit_b_01ec64.pth from Meta's official release) and set its path.
2026-08-29T16:14:41.141081+00:00,sam,62990661-R-100X_r00768_c00512.npy,62990661-R-100X.JPG,100,failed,1.6999993022182025e-06,FileNotFoundError: config models.sam.checkpoint_path is not set; download a SAM checkpoint (e.g. sam_vit_b_01ec64.pth from Meta's official release) and set its path.
2026-08-29T16:14:41.152449+00:00,sam,62990661-R-100X_r00768_c00768.npy,62990661-R-100X.JPG,100,failed,2.1999994714860804e-06,FileNotFoundError: config models.sam.checkpoint_path is not set; download a SAM checkpoint (e.g. sam_vit_b_01ec64.pth from Meta's official release) and set its path.
2026-08-29T16:14:41.164423+00:00,sam,62990661-R-100X_r00768_c01024.npy,62990661-R-100X.JPG,100,failed,2.099999619531445e-06,FileNotFoundError: config models.sam.checkpoint_path is not set; download a SAM checkpoint (e.g. sam_vit_b_01ec64.pth from Meta's official release) and set its path.
2026-08-29T16:14:41.183839+00:00,sam,62990661-R-100X_r00768_c01280.npy,62990661-R-100X.JPG,100,failed,1.8999999156221747e-06,FileNotFoundError: config models.sam.checkpoint_path is not set; download a SAM checkpoint (e.g. sam_vit_b_01ec64.pth from Meta's official release) and set its path.
2026-08-29T16:14:41.193644+00:00,sam,62990661-R-100X_r00768_c01536.npy,62990661-R-100X.JPG,100,failed,1.8999999156221747e-06,FileNotFoundError: config models.sam.checkpoint_path is not set; download a SAM checkpoint (e.g. sam_vit_b_01ec64.pth from Meta's official release) and set its path.
2026-08-29T16:14:41.204743+00:00,sam,62990661-R-100X_r00768_c01792.npy,62990661-R-100X.JPG,100,failed,1.7000002117129043e-06,FileNotFoundError: config models.sam.checkpoint_path is not set; download a SAM checkpoint (e.g. sam_vit_b_01ec64.pth from Meta's official release) and set its path.
2026-08-29T16:14:41.215909+00:00,sam,62990661-R-100X_r00768_c02048.npy,62990661-R-100X.JPG,100,failed,2.0000006770715117e-06,FileNotFoundError: config models.sam.checkpoint_path is not set; download a SAM checkpoint (e.g. sam_vit_b_01ec64.pth from Meta's official release) and set its path.
2026-08-29T16:14:41.225703+00:00,sam,62990661-R-100X_r00768_c02304.npy,62990661-R-100X.JPG,100,failed,1.7000002117129043e-06,FileNotFoundError: config models.sam.checkpoint_path is not set; download a SAM checkpoint (e.g. sam_vit_b_01ec64.pth from Meta's official release) and set its path.
2026-08-29T16:14:41.237410+00:00,sam,62990661-R-100X_r00768_c02560.npy,62990661-R-100X.JPG,100,failed,1.99999976757681e-06,FileNotFoundError: config models.sam.checkpoint_path is not set; download a SAM checkpoint (e.g. sam_vit_b_01ec64.pth from Meta's official release) and set its path.
2026-08-29T16:14:41.248595+00:00,sam,62990661-R-100X_r00768_c02816.npy,62990661-R-100X.JPG,100,failed,2.3000002329354174e-06,FileNotFoundError: config models.sam.checkpoint_path is not set; download a SAM checkpoint (e.g. sam_vit_b_01ec64.pth from Meta's official release) and set its path.
2026-08-29T16:14:41.262127+00:00,sam,62990661-R-100X_r00768_c02944.npy,62990661-R-100X.JPG,100,failed,2.4000000848900527e-06,FileNotFoundError: config models.sam.checkpoint_path is not set; download a SAM checkpoint (e.g. sam_vit_b_01ec64.pth from Meta's official release) and set its path.
2026-08-29T16:14:41.272393+00:00,sam,62990661-R-100X_r01024_c00000.npy,62990661-R-100X.JPG,100,failed,1.8000000636675395e-06,FileNotFoundError: config models.sam.checkpoint_path is not set; download a SAM checkpoint (e.g. sam_vit_b_01ec64.pth from Meta's official release) and set its path.
2026-08-29T16:14:41.283057+00:00,sam,62990661-R-100X_r01024_c00256.npy,62990661-R-100X.JPG,100,failed,2.499999936844688e-06,FileNotFoundError: config models.sam.checkpoint_path is not set; download a SAM checkpoint (e.g. sam_vit_b_01ec64.pth from Meta's official release) and set its path.
2026-08-29T16:14:41.295241+00:00,sam,62990661-R-100X_r01024_c00512.npy,62990661-R-100X.JPG,100,failed,1.99999976757681e-06,FileNotFoundError: config models.sam.checkpoint_path is not set; download a SAM checkpoint (e.g. sam_vit_b_01ec64.pth from Meta's official release) and set its path.
2026-08-29T16:14:41.306613+00:00,sam,62990661-R-100X_r01024_c00768.npy,62990661-R-100X.JPG,100,failed,1.7999991541728377e-06,FileNotFoundError: config models.sam.checkpoint_path is not set; download a SAM checkpoint (e.g. sam_vit_b_01ec64.pth from Meta's official release) and set its path.
2026-08-29T16:14:41.317024+00:00,sam,62990661-R-100X_r01024_c01024.npy,62990661-R-100X.JPG,100,failed,1.99999976757681e-06,FileNotFoundError: config models.sam.checkpoint_path is not set; download a SAM checkpoint (e.g. sam_vit_b_01ec64.pth from Meta's official release) and set its path.
2026-08-29T16:14:41.328240+00:00,sam,62990661-R-100X_r01024_c01280.npy,62990661-R-100X.JPG,100,failed,1.8000000636675395e-06,FileNotFoundError: config models.sam.checkpoint_path is not set; download a SAM checkpoint (e.g. sam_vit_b_01ec64.pth from Meta's official release) and set its path.
2026-08-29T16:14:41.338532+00:00,sam,62990661-R-100X_r01024_c01536.npy,62990661-R-100X.JPG,100,failed,2.099999619531445e-06,FileNotFoundError: config models.sam.checkpoint_path is not set; download a SAM checkpoint (e.g. sam_vit_b_01ec64.pth from Meta's official release) and set its path.
2026-08-29T16:14:41.351331+00:00,sam,62990661-R-100X_r01024_c01792.npy,62990661-R-100X.JPG,100,failed,1.99999976757681e-06,FileNotFoundError: config models.sam.checkpoint_path is not set; download a SAM checkpoint (e.g. sam_vit_b_01ec64.pth from Meta's official release) and set its path.
2026-08-29T16:14:41.361500+00:00,sam,62990661-R-100X_r01024_c02048.npy,62990661-R-100X.JPG,100,failed,1.7000002117129043e-06,FileNotFoundError: config models.sam.checkpoint_path is not set; download a SAM checkpoint (e.g. sam_vit_b_01ec64.pth from Meta's official release) and set its path.
2026-08-29T16:14:41.373571+00:00,sam,62990661-R-100X_r01024_c02304.npy,62990661-R-100X.JPG,100,failed,2.200000380980782e-06,FileNotFoundError: config models.sam.checkpoint_path is not set; download a SAM checkpoint (e.g. sam_vit_b_01ec64.pth from Meta's official release) and set its path.
2026-08-29T16:14:41.386240+00:00,sam,62990661-R-100X_r01024_c02560.npy,62990661-R-100X.JPG,100,failed,2.3000002329354174e-06,FileNotFoundError: config models.sam.checkpoint_path is not set; download a SAM checkpoint (e.g. sam_vit_b_01ec64.pth from Meta's official release) and set its path.
2026-08-29T16:14:41.398395+00:00,sam,62990661-R-100X_r01024_c02816.npy,62990661-R-100X.JPG,100,failed,2.3000002329354174e-06,FileNotFoundError: config models.sam.checkpoint_path is not set; download a SAM checkpoint (e.g. sam_vit_b_01ec64.pth from Meta's official release) and set its path.
2026-08-29T16:14:41.408364+00:00,sam,62990661-R-100X_r01024_c02944.npy,62990661-R-100X.JPG,100,failed,1.99999976757681e-06,FileNotFoundError: config models.sam.checkpoint_path is not set; download a SAM checkpoint (e.g. sam_vit_b_01ec64.pth from Meta's official release) and set its path.
2026-08-29T16:14:41.419118+00:00,sam,62990661-R-100X_r01280_c00000.npy,62990661-R-100X.JPG,100,failed,1.8000000636675395e-06,FileNotFoundError: config models.sam.checkpoint_path is not set; download a SAM checkpoint (e.g. sam_vit_b_01ec64.pth from Meta's official release) and set its path.
2026-08-29T16:14:41.431702+00:00,sam,62990661-R-100X_r01280_c00256.npy,62990661-R-100X.JPG,100,failed,2.4000000848900527e-06,FileNotFoundError: config models.sam.checkpoint_path is not set; download a SAM checkpoint (e.g. sam_vit_b_01ec64.pth from Meta's official release) and set its path.
2026-08-29T16:14:41.441927+00:00,sam,62990661-R-100X_r01280_c00512.npy,62990661-R-100X.JPG,100,failed,1.8000000636675395e-06,FileNotFoundError: config models.sam.checkpoint_path is not set; download a SAM checkpoint (e.g. sam_vit_b_01ec64.pth from Meta's official release) and set its path.
2026-08-29T16:14:41.453526+00:00,sam,62990661-R-100X_r01280_c00768.npy,62990661-R-100X.JPG,100,failed,1.8000000636675395e-06,FileNotFoundError: config models.sam.checkpoint_path is not set; download a SAM checkpoint (e.g. sam_vit_b_01ec64.pth from Meta's official release) and set its path.
2026-08-29T16:14:41.464179+00:00,sam,62990661-R-100X_r01280_c01024.npy,62990661-R-100X.JPG,100,failed,2.099999619531445e-06,FileNotFoundError: config models.sam.checkpoint_path is not set; download a SAM checkpoint (e.g. sam_vit_b_01ec64.pth from Meta's official release) and set its path.
2026-08-29T16:14:41.476236+00:00,sam,62990661-R-100X_r01280_c01280.npy,62990661-R-100X.JPG,100,failed,1.600000359758269e-06,FileNotFoundError: config models.sam.checkpoint_path is not set; download a SAM checkpoint (e.g. sam_vit_b_01ec64.pth from Meta's official release) and set its path.
2026-08-29T16:14:41.486599+00:00,sam,62990661-R-100X_r01280_c01536.npy,62990661-R-100X.JPG,100,failed,1.9000008251168765e-06,FileNotFoundError: config models.sam.checkpoint_path is not set; download a SAM checkpoint (e.g. sam_vit_b_01ec64.pth from Meta's official release) and set its path.
2026-08-29T16:14:41.498288+00:00,sam,62990661-R-100X_r01280_c01792.npy,62990661-R-100X.JPG,100,failed,2.599999788799323e-06,FileNotFoundError: config models.sam.checkpoint_path is not set; download a SAM checkpoint (e.g. sam_vit_b_01ec64.pth from Meta's official release) and set its path.
2026-08-29T16:14:41.508675+00:00,sam,62990661-R-100X_r01280_c02048.npy,62990661-R-100X.JPG,100,failed,1.5999994502635673e-06,FileNotFoundError: config models.sam.checkpoint_path is not set; download a SAM checkpoint (e.g. sam_vit_b_01ec64.pth from Meta's official release) and set its path.
2026-08-29T16:14:41.520367+00:00,sam,62990661-R-100X_r01280_c02304.npy,62990661-R-100X.JPG,100,failed,2.4000000848900527e-06,FileNotFoundError: config models.sam.checkpoint_path is not set; download a SAM checkpoint (e.g. sam_vit_b_01ec64.pth from Meta's official release) and set its path.
2026-08-29T16:14:41.530680+00:00,sam,62990661-R-100X_r01280_c02560.npy,62990661-R-100X.JPG,100,failed,1.99999976757681e-06,FileNotFoundError: config models.sam.checkpoint_path is not set; download a SAM checkpoint (e.g. sam_vit_b_01ec64.pth from Meta's official release) and set its path.
2026-08-29T16:14:41.542565+00:00,sam,62990661-R-100X_r01280_c02816.npy,62990661-R-100X.JPG,100,failed,1.9000008251168765e-06,FileNotFoundError: config models.sam.checkpoint_path is not set; download a SAM checkpoint (e.g. sam_vit_b_01ec64.pth from Meta's official release) and set its path.
2026-08-29T16:14:41.552290+00:00,sam,62990661-R-100X_r01280_c02944.npy,62990661-R-100X.JPG,100,failed,2.200000380980782e-06,FileNotFoundError: config models.sam.checkpoint_path is not set; download a SAM checkpoint (e.g. sam_vit_b_01ec64.pth from Meta's official release) and set its path.
2026-08-29T16:14:41.562151+00:00,sam,62990661-R-100X_r01536_c00000.npy,62990661-R-100X.JPG,100,failed,2.4000000848900527e-06,FileNotFoundError: config models.sam.checkpoint_path is not set; download a SAM checkpoint (e.g. sam_vit_b_01ec64.pth from Meta's official release) and set its path.
2026-08-29T16:14:41.573786+00:00,sam,62990661-R-100X_r01536_c00256.npy,62990661-R-100X.JPG,100,failed,2.0000006770715117e-06,FileNotFoundError: config models.sam.checkpoint_path is not set; download a SAM checkpoint (e.g. sam_vit_b_01ec64.pth from Meta's official release) and set its path.
2026-08-29T16:14:41.584249+00:00,sam,62990661-R-100X_r01536_c00512.npy,62990661-R-100X.JPG,100,failed,1.99999976757681e-06,FileNotFoundError: config models.sam.checkpoint_path is not set; download a SAM checkpoint (e.g. sam_vit_b_01ec64.pth from Meta's official release) and set its path.
2026-08-29T16:14:41.596181+00:00,sam,62990661-R-100X_r01536_c00768.npy,62990661-R-100X.JPG,100,failed,2.8000004022032954e-06,FileNotFoundError: config models.sam.checkpoint_path is not set; download a SAM checkpoint (e.g. sam_vit_b_01ec64.pth from Meta's official release) and set its path.
2026-08-29T16:14:41.606299+00:00,sam,62990661-R-100X_r01536_c01024.npy,62990661-R-100X.JPG,100,failed,2.4000000848900527e-06,FileNotFoundError: config models.sam.checkpoint_path is not set; download a SAM checkpoint (e.g. sam_vit_b_01ec64.pth from Meta's official release) and set its path.
2026-08-29T16:14:41.618037+00:00,sam,62990661-R-100X_r01536_c01280.npy,62990661-R-100X.JPG,100,failed,2.200000380980782e-06,FileNotFoundError: config models.sam.checkpoint_path is not set; download a SAM checkpoint (e.g. sam_vit_b_01ec64.pth from Meta's official release) and set its path.
2026-08-29T16:14:41.628394+00:00,sam,62990661-R-100X_r01536_c01536.npy,62990661-R-100X.JPG,100,failed,2.3000002329354174e-06,FileNotFoundError: config models.sam.checkpoint_path is not set; download a SAM checkpoint (e.g. sam_vit_b_01ec64.pth from Meta's official release) and set its path.
2026-08-29T16:14:41.640435+00:00,sam,62990661-R-100X_r01536_c01792.npy,62990661-R-100X.JPG,100,failed,2.899999344663229e-06,FileNotFoundError: config models.sam.checkpoint_path is not set; download a SAM checkpoint (e.g. sam_vit_b_01ec64.pth from Meta's official release) and set its path.
2026-08-29T16:14:41.650608+00:00,sam,62990661-R-100X_r01536_c02048.npy,62990661-R-100X.JPG,100,failed,1.8999999156221747e-06,FileNotFoundError: config models.sam.checkpoint_path is not set; download a SAM checkpoint (e.g. sam_vit_b_01ec64.pth from Meta's official release) and set its path.
2026-08-29T16:14:41.661956+00:00,sam,62990661-R-100X_r01536_c02304.npy,62990661-R-100X.JPG,100,failed,1.8000000636675395e-06,FileNotFoundError: config models.sam.checkpoint_path is not set; download a SAM checkpoint (e.g. sam_vit_b_01ec64.pth from Meta's official release) and set its path.
2026-08-29T16:14:41.672790+00:00,sam,62990661-R-100X_r01536_c02560.npy,62990661-R-100X.JPG,100,failed,2.200000380980782e-06,FileNotFoundError: config models.sam.checkpoint_path is not set; download a SAM checkpoint (e.g. sam_vit_b_01ec64.pth from Meta's official release) and set its path.
2026-08-29T16:14:41.684384+00:00,sam,62990661-R-100X_r01536_c02816.npy,62990661-R-100X.JPG,100,failed,2.3000002329354174e-06,FileNotFoundError: config models.sam.checkpoint_path is not set; download a SAM checkpoint (e.g. sam_vit_b_01ec64.pth from Meta's official release) and set its path.
2026-08-29T16:14:41.694417+00:00,sam,62990661-R-100X_r01536_c02944.npy,62990661-R-100X.JPG,100,failed,1.7000002117129043e-06,FileNotFoundError: config models.sam.checkpoint_path is not set; download a SAM checkpoint (e.g. sam_vit_b_01ec64.pth from Meta's official release) and set its path.
2026-08-29T16:14:41.706986+00:00,sam,62990661-R-100X_r01792_c00000.npy,62990661-R-100X.JPG,100,failed,2.099999619531445e-06,FileNotFoundError: config models.sam.checkpoint_path is not set; download a SAM checkpoint (e.g. sam_vit_b_01ec64.pth from Meta's official release) and set its path.
2026-08-29T16:14:41.719027+00:00,sam,62990661-R-100X_r01792_c00256.npy,62990661-R-100X.JPG,100,failed,2.100000529026147e-06,FileNotFoundError: config models.sam.checkpoint_path is not set; download a SAM checkpoint (e.g. sam_vit_b_01ec64.pth from Meta's official release) and set its path.
2026-08-29T16:14:41.732168+00:00,sam,62990661-R-100X_r01792_c00512.npy,62990661-R-100X.JPG,100,failed,2.3000002329354174e-06,FileNotFoundError: config models.sam.checkpoint_path is not set; download a SAM checkpoint (e.g. sam_vit_b_01ec64.pth from Meta's official release) and set its path.
2026-08-29T16:14:41.743774+00:00,sam,62990661-R-100X_r01792_c00768.npy,62990661-R-100X.JPG,100,failed,1.8000000636675395e-06,FileNotFoundError: config models.sam.checkpoint_path is not set; download a SAM checkpoint (e.g. sam_vit_b_01ec64.pth from Meta's official release) and set its path.
2026-08-29T16:14:41.754635+00:00,sam,62990661-R-100X_r01792_c01024.npy,62990661-R-100X.JPG,100,failed,1.8999999156221747e-06,FileNotFoundError: config models.sam.checkpoint_path is not set; download a SAM checkpoint (e.g. sam_vit_b_01ec64.pth from Meta's official release) and set its path.
2026-08-29T16:14:41.768778+00:00,sam,62990661-R-100X_r01792_c01280.npy,62990661-R-100X.JPG,100,failed,2.3000002329354174e-06,FileNotFoundError: config models.sam.checkpoint_path is not set; download a SAM checkpoint (e.g. sam_vit_b_01ec64.pth from Meta's official release) and set its path.
2026-08-29T16:14:41.779861+00:00,sam,62990661-R-100X_r01792_c01536.npy,62990661-R-100X.JPG,100,failed,2.2999993234407157e-06,FileNotFoundError: config models.sam.checkpoint_path is not set; download a SAM checkpoint (e.g. sam_vit_b_01ec64.pth from Meta's official release) and set its path.
2026-08-29T16:14:41.791227+00:00,sam,62990661-R-100X_r01792_c01792.npy,62990661-R-100X.JPG,100,failed,2.600000698294025e-06,FileNotFoundError: config models.sam.checkpoint_path is not set; download a SAM checkpoint (e.g. sam_vit_b_01ec64.pth from Meta's official release) and set its path.
2026-08-29T16:14:41.894240+00:00,sam,62990661-R-100X_r01792_c02048.npy,62990661-R-100X.JPG,100,failed,1.7000002117129043e-06,FileNotFoundError: config models.sam.checkpoint_path is not set; download a SAM checkpoint (e.g. sam_vit_b_01ec64.pth from Meta's official release) and set its path.
2026-08-29T16:14:41.914455+00:00,sam,62990661-R-100X_r01792_c02304.npy,62990661-R-100X.JPG,100,failed,2.599999788799323e-06,FileNotFoundError: config models.sam.checkpoint_path is not set; download a SAM checkpoint (e.g. sam_vit_b_01ec64.pth from Meta's official release) and set its path.
2026-08-29T16:14:41.927222+00:00,sam,62990661-R-100X_r01792_c02560.npy,62990661-R-100X.JPG,100,failed,1.8999999156221747e-06,FileNotFoundError: config models.sam.checkpoint_path is not set; download a SAM checkpoint (e.g. sam_vit_b_01ec64.pth from Meta's official release) and set its path.
2026-08-29T16:14:41.940850+00:00,sam,62990661-R-100X_r01792_c02816.npy,62990661-R-100X.JPG,100,failed,1.6999993022182025e-06,FileNotFoundError: config models.sam.checkpoint_path is not set; download a SAM checkpoint (e.g. sam_vit_b_01ec64.pth from Meta's official release) and set its path.
2026-08-29T16:14:41.951328+00:00,sam,62990661-R-100X_r01792_c02944.npy,62990661-R-100X.JPG,100,failed,1.7000002117129043e-06,FileNotFoundError: config models.sam.checkpoint_path is not set; download a SAM checkpoint (e.g. sam_vit_b_01ec64.pth from Meta's official release) and set its path.
2026-08-29T16:14:41.965240+00:00,sam,62990661-R-200X_r00000_c00000.npy,62990661-R-200X.JPG,200,failed,2.100000529026147e-06,FileNotFoundError: config models.sam.checkpoint_path is not set; download a SAM checkpoint (e.g. sam_vit_b_01ec64.pth from Meta's official release) and set its path.
2026-08-29T16:14:41.975735+00:00,sam,62990661-R-200X_r00000_c00256.npy,62990661-R-200X.JPG,200,failed,1.6999993022182025e-06,FileNotFoundError: config models.sam.checkpoint_path is not set; download a SAM checkpoint (e.g. sam_vit_b_01ec64.pth from Meta's official release) and set its path.
2026-08-29T16:14:41.986128+00:00,sam,62990661-R-200X_r00000_c00512.npy,62990661-R-200X.JPG,200,failed,1.8000000636675395e-06,FileNotFoundError: config models.sam.checkpoint_path is not set; download a SAM checkpoint (e.g. sam_vit_b_01ec64.pth from Meta's official release) and set its path.
2026-08-29T16:14:41.995868+00:00,sam,62990661-R-200X_r00000_c00768.npy,62990661-R-200X.JPG,200,failed,1.8000000636675395e-06,FileNotFoundError: config models.sam.checkpoint_path is not set; download a SAM checkpoint (e.g. sam_vit_b_01ec64.pth from Meta's official release) and set its path.
2026-08-29T16:14:42.008076+00:00,sam,62990661-R-200X_r00000_c01024.npy,62990661-R-200X.JPG,200,failed,1.8000000636675395e-06,FileNotFoundError: config models.sam.checkpoint_path is not set; download a SAM checkpoint (e.g. sam_vit_b_01ec64.pth from Meta's official release) and set its path.
2026-08-29T16:14:42.018929+00:00,sam,62990661-R-200X_r00000_c01280.npy,62990661-R-200X.JPG,200,failed,2.099999619531445e-06,FileNotFoundError: config models.sam.checkpoint_path is not set; download a SAM checkpoint (e.g. sam_vit_b_01ec64.pth from Meta's official release) and set its path.
2026-08-29T16:14:42.028829+00:00,sam,62990661-R-200X_r00000_c01536.npy,62990661-R-200X.JPG,200,failed,1.600000359758269e-06,FileNotFoundError: config models.sam.checkpoint_path is not set; download a SAM checkpoint (e.g. sam_vit_b_01ec64.pth from Meta's official release) and set its path.
2026-08-29T16:14:42.039793+00:00,sam,62990661-R-200X_r00000_c01792.npy,62990661-R-200X.JPG,200,failed,1.8999999156221747e-06,FileNotFoundError: config models.sam.checkpoint_path is not set; download a SAM checkpoint (e.g. sam_vit_b_01ec64.pth from Meta's official release) and set its path.
2026-08-29T16:14:42.049959+00:00,sam,62990661-R-200X_r00000_c02048.npy,62990661-R-200X.JPG,200,failed,2.200000380980782e-06,FileNotFoundError: config models.sam.checkpoint_path is not set; download a SAM checkpoint (e.g. sam_vit_b_01ec64.pth from Meta's official release) and set its path.
2026-08-29T16:14:42.061392+00:00,sam,62990661-R-200X_r00000_c02304.npy,62990661-R-200X.JPG,200,failed,1.7000002117129043e-06,FileNotFoundError: config models.sam.checkpoint_path is not set; download a SAM checkpoint (e.g. sam_vit_b_01ec64.pth from Meta's official release) and set its path.
2026-08-29T16:14:42.072123+00:00,sam,62990661-R-200X_r00000_c02560.npy,62990661-R-200X.JPG,200,failed,1.8000000636675395e-06,FileNotFoundError: config models.sam.checkpoint_path is not set; download a SAM checkpoint (e.g. sam_vit_b_01ec64.pth from Meta's official release) and set its path.
2026-08-29T16:14:42.084261+00:00,sam,62990661-R-200X_r00000_c02816.npy,62990661-R-200X.JPG,200,failed,1.8000000636675395e-06,FileNotFoundError: config models.sam.checkpoint_path is not set; download a SAM checkpoint (e.g. sam_vit_b_01ec64.pth from Meta's official release) and set its path.
2026-08-29T16:14:42.093914+00:00,sam,62990661-R-200X_r00000_c02944.npy,62990661-R-200X.JPG,200,failed,2.100000529026147e-06,FileNotFoundError: config models.sam.checkpoint_path is not set; download a SAM checkpoint (e.g. sam_vit_b_01ec64.pth from Meta's official release) and set its path.
2026-08-29T16:14:42.105550+00:00,sam,62990661-R-200X_r00256_c00000.npy,62990661-R-200X.JPG,200,failed,1.8999999156221747e-06,FileNotFoundError: config models.sam.checkpoint_path is not set; download a SAM checkpoint (e.g. sam_vit_b_01ec64.pth from Meta's official release) and set its path.
2026-08-29T16:14:42.115798+00:00,sam,62990661-R-200X_r00256_c00256.npy,62990661-R-200X.JPG,200,failed,2.099999619531445e-06,FileNotFoundError: config models.sam.checkpoint_path is not set; download a SAM checkpoint (e.g. sam_vit_b_01ec64.pth from Meta's official release) and set its path.
2026-08-29T16:14:42.127004+00:00,sam,62990661-R-200X_r00256_c00512.npy,62990661-R-200X.JPG,200,failed,1.8000000636675395e-06,FileNotFoundError: config models.sam.checkpoint_path is not set; download a SAM checkpoint (e.g. sam_vit_b_01ec64.pth from Meta's official release) and set its path.
2026-08-29T16:14:42.137972+00:00,sam,62990661-R-200X_r00256_c00768.npy,62990661-R-200X.JPG,200,failed,2.099999619531445e-06,FileNotFoundError: config models.sam.checkpoint_path is not set; download a SAM checkpoint (e.g. sam_vit_b_01ec64.pth from Meta's official release) and set its path.
2026-08-29T16:14:42.150016+00:00,sam,62990661-R-200X_r00256_c01024.npy,62990661-R-200X.JPG,200,failed,2.0000006770715117e-06,FileNotFoundError: config models.sam.checkpoint_path is not set; download a SAM checkpoint (e.g. sam_vit_b_01ec64.pth from Meta's official release) and set its path.
2026-08-29T16:14:42.160507+00:00,sam,62990661-R-200X_r00256_c01280.npy,62990661-R-200X.JPG,200,failed,2.099999619531445e-06,FileNotFoundError: config models.sam.checkpoint_path is not set; download a SAM checkpoint (e.g. sam_vit_b_01ec64.pth from Meta's official release) and set its path.
2026-08-29T16:14:42.173540+00:00,sam,62990661-R-200X_r00256_c01536.npy,62990661-R-200X.JPG,200,failed,2.2999993234407157e-06,FileNotFoundError: config models.sam.checkpoint_path is not set; download a SAM checkpoint (e.g. sam_vit_b_01ec64.pth from Meta's official release) and set its path.
2026-08-29T16:14:42.185336+00:00,sam,62990661-R-200X_r00256_c01792.npy,62990661-R-200X.JPG,200,failed,2.200000380980782e-06,FileNotFoundError: config models.sam.checkpoint_path is not set; download a SAM checkpoint (e.g. sam_vit_b_01ec64.pth from Meta's official release) and set its path.
2026-08-29T16:14:42.195837+00:00,sam,62990661-R-200X_r00256_c02048.npy,62990661-R-200X.JPG,200,failed,2.3000002329354174e-06,FileNotFoundError: config models.sam.checkpoint_path is not set; download a SAM checkpoint (e.g. sam_vit_b_01ec64.pth from Meta's official release) and set its path.
2026-08-29T16:14:42.218583+00:00,sam,62990661-R-200X_r00256_c02304.npy,62990661-R-200X.JPG,200,failed,2.3000002329354174e-06,FileNotFoundError: config models.sam.checkpoint_path is not set; download a SAM checkpoint (e.g. sam_vit_b_01ec64.pth from Meta's official release) and set its path.
2026-08-29T16:14:42.228670+00:00,sam,62990661-R-200X_r00256_c02560.npy,62990661-R-200X.JPG,200,failed,1.8999999156221747e-06,FileNotFoundError: config models.sam.checkpoint_path is not set; download a SAM checkpoint (e.g. sam_vit_b_01ec64.pth from Meta's official release) and set its path.
2026-08-29T16:14:42.250556+00:00,sam,62990661-R-200X_r00256_c02816.npy,62990661-R-200X.JPG,200,failed,2.1999994714860804e-06,FileNotFoundError: config models.sam.checkpoint_path is not set; download a SAM checkpoint (e.g. sam_vit_b_01ec64.pth from Meta's official release) and set its path.
2026-08-29T16:14:42.263301+00:00,sam,62990661-R-200X_r00256_c02944.npy,62990661-R-200X.JPG,200,failed,3.6999999792897142e-06,FileNotFoundError: config models.sam.checkpoint_path is not set; download a SAM checkpoint (e.g. sam_vit_b_01ec64.pth from Meta's official release) and set its path.
2026-08-29T16:14:42.276496+00:00,sam,62990661-R-200X_r00512_c00000.npy,62990661-R-200X.JPG,200,failed,2.099999619531445e-06,FileNotFoundError: config models.sam.checkpoint_path is not set; download a SAM checkpoint (e.g. sam_vit_b_01ec64.pth from Meta's official release) and set its path.
2026-08-29T16:14:42.291602+00:00,sam,62990661-R-200X_r00512_c00256.npy,62990661-R-200X.JPG,200,failed,2.099999619531445e-06,FileNotFoundError: config models.sam.checkpoint_path is not set; download a SAM checkpoint (e.g. sam_vit_b_01ec64.pth from Meta's official release) and set its path.
2026-08-29T16:14:42.304407+00:00,sam,62990661-R-200X_r00512_c00512.npy,62990661-R-200X.JPG,200,failed,2.499999936844688e-06,FileNotFoundError: config models.sam.checkpoint_path is not set; download a SAM checkpoint (e.g. sam_vit_b_01ec64.pth from Meta's official release) and set its path.
2026-08-29T16:14:42.315475+00:00,sam,62990661-R-200X_r00512_c00768.npy,62990661-R-200X.JPG,200,failed,2.9000002541579306e-06,FileNotFoundError: config models.sam.checkpoint_path is not set; download a SAM checkpoint (e.g. sam_vit_b_01ec64.pth from Meta's official release) and set its path.
2026-08-29T16:14:42.327623+00:00,sam,62990661-R-200X_r00512_c01024.npy,62990661-R-200X.JPG,200,failed,2.3000002329354174e-06,FileNotFoundError: config models.sam.checkpoint_path is not set; download a SAM checkpoint (e.g. sam_vit_b_01ec64.pth from Meta's official release) and set its path.
2026-08-29T16:14:42.339197+00:00,sam,62990661-R-200X_r00512_c01280.npy,62990661-R-200X.JPG,200,failed,2.3000002329354174e-06,FileNotFoundError: config models.sam.checkpoint_path is not set; download a SAM checkpoint (e.g. sam_vit_b_01ec64.pth from Meta's official release) and set its path.
2026-08-29T16:14:42.351611+00:00,sam,62990661-R-200X_r00512_c01536.npy,62990661-R-200X.JPG,200,failed,2.3000002329354174e-06,FileNotFoundError: config models.sam.checkpoint_path is not set; download a SAM checkpoint (e.g. sam_vit_b_01ec64.pth from Meta's official release) and set its path.
2026-08-29T16:14:42.362202+00:00,sam,62990661-R-200X_r00512_c01792.npy,62990661-R-200X.JPG,200,failed,2.100000529026147e-06,FileNotFoundError: config models.sam.checkpoint_path is not set; download a SAM checkpoint (e.g. sam_vit_b_01ec64.pth from Meta's official release) and set its path.
2026-08-29T16:14:42.372906+00:00,sam,62990661-R-200X_r00512_c02048.npy,62990661-R-200X.JPG,200,failed,2.099999619531445e-06,FileNotFoundError: config models.sam.checkpoint_path is not set; download a SAM checkpoint (e.g. sam_vit_b_01ec64.pth from Meta's official release) and set its path.
2026-08-29T16:14:42.388922+00:00,sam,62990661-R-200X_r00512_c02304.npy,62990661-R-200X.JPG,200,failed,2.3000002329354174e-06,FileNotFoundError: config models.sam.checkpoint_path is not set; download a SAM checkpoint (e.g. sam_vit_b_01ec64.pth from Meta's official release) and set its path.
2026-08-29T16:14:42.402395+00:00,sam,62990661-R-200X_r00512_c02560.npy,62990661-R-200X.JPG,200,failed,2.4000000848900527e-06,FileNotFoundError: config models.sam.checkpoint_path is not set; download a SAM checkpoint (e.g. sam_vit_b_01ec64.pth from Meta's official release) and set its path.
2026-08-29T16:14:42.412777+00:00,sam,62990661-R-200X_r00512_c02816.npy,62990661-R-200X.JPG,200,failed,2.4000000848900527e-06,FileNotFoundError: config models.sam.checkpoint_path is not set; download a SAM checkpoint (e.g. sam_vit_b_01ec64.pth from Meta's official release) and set its path.
2026-08-29T16:14:42.429260+00:00,sam,62990661-R-200X_r00512_c02944.npy,62990661-R-200X.JPG,200,failed,2.3000002329354174e-06,FileNotFoundError: config models.sam.checkpoint_path is not set; download a SAM checkpoint (e.g. sam_vit_b_01ec64.pth from Meta's official release) and set its path.
2026-08-29T16:14:42.451744+00:00,sam,62990661-R-200X_r00768_c00000.npy,62990661-R-200X.JPG,200,failed,3.5000002753804438e-06,FileNotFoundError: config models.sam.checkpoint_path is not set; download a SAM checkpoint (e.g. sam_vit_b_01ec64.pth from Meta's official release) and set its path.
2026-08-29T16:14:42.462827+00:00,sam,62990661-R-200X_r00768_c00256.npy,62990661-R-200X.JPG,200,failed,2.599999788799323e-06,FileNotFoundError: config models.sam.checkpoint_path is not set; download a SAM checkpoint (e.g. sam_vit_b_01ec64.pth from Meta's official release) and set its path.
2026-08-29T16:14:42.476137+00:00,sam,62990661-R-200X_r00768_c00512.npy,62990661-R-200X.JPG,200,failed,3.400000059627928e-05,FileNotFoundError: config models.sam.checkpoint_path is not set; download a SAM checkpoint (e.g. sam_vit_b_01ec64.pth from Meta's official release) and set its path.
2026-08-29T16:14:42.491676+00:00,sam,62990661-R-200X_r00768_c00768.npy,62990661-R-200X.JPG,200,failed,3.000000106112566e-06,FileNotFoundError: config models.sam.checkpoint_path is not set; download a SAM checkpoint (e.g. sam_vit_b_01ec64.pth from Meta's official release) and set its path.
2026-08-29T16:14:42.508195+00:00,sam,62990661-R-200X_r00768_c01024.npy,62990661-R-200X.JPG,200,failed,2.1999994714860804e-06,FileNotFoundError: config models.sam.checkpoint_path is not set; download a SAM checkpoint (e.g. sam_vit_b_01ec64.pth from Meta's official release) and set its path.
2026-08-29T16:14:42.521588+00:00,sam,62990661-R-200X_r00768_c01280.npy,62990661-R-200X.JPG,200,failed,2.1999994714860804e-06,FileNotFoundError: config models.sam.checkpoint_path is not set; download a SAM checkpoint (e.g. sam_vit_b_01ec64.pth from Meta's official release) and set its path.
2026-08-29T16:14:42.537410+00:00,sam,62990661-R-200X_r00768_c01536.npy,62990661-R-200X.JPG,200,failed,2.4000000848900527e-06,FileNotFoundError: config models.sam.checkpoint_path is not set; download a SAM checkpoint (e.g. sam_vit_b_01ec64.pth from Meta's official release) and set its path.
2026-08-29T16:14:42.553805+00:00,sam,62990661-R-200X_r00768_c01792.npy,62990661-R-200X.JPG,200,failed,4.100000296602957e-06,FileNotFoundError: config models.sam.checkpoint_path is not set; download a SAM checkpoint (e.g. sam_vit_b_01ec64.pth from Meta's official release) and set its path.
2026-08-29T16:14:42.570195+00:00,sam,62990661-R-200X_r00768_c02048.npy,62990661-R-200X.JPG,200,failed,2.2999993234407157e-06,FileNotFoundError: config models.sam.checkpoint_path is not set; download a SAM checkpoint (e.g. sam_vit_b_01ec64.pth from Meta's official release) and set its path.
2026-08-29T16:14:42.580523+00:00,sam,62990661-R-200X_r00768_c02304.npy,62990661-R-200X.JPG,200,failed,2.099999619531445e-06,FileNotFoundError: config models.sam.checkpoint_path is not set; download a SAM checkpoint (e.g. sam_vit_b_01ec64.pth from Meta's official release) and set its path.
2026-08-29T16:14:42.593135+00:00,sam,62990661-R-200X_r00768_c02560.npy,62990661-R-200X.JPG,200,failed,2.4000000848900527e-06,FileNotFoundError: config models.sam.checkpoint_path is not set; download a SAM checkpoint (e.g. sam_vit_b_01ec64.pth from Meta's official release) and set its path.
2026-08-29T16:14:42.603903+00:00,sam,62990661-R-200X_r00768_c02816.npy,62990661-R-200X.JPG,200,failed,2.200000380980782e-06,FileNotFoundError: config models.sam.checkpoint_path is not set; download a SAM checkpoint (e.g. sam_vit_b_01ec64.pth from Meta's official release) and set its path.
2026-08-29T16:14:42.616572+00:00,sam,62990661-R-200X_r00768_c02944.npy,62990661-R-200X.JPG,200,failed,2.100000529026147e-06,FileNotFoundError: config models.sam.checkpoint_path is not set; download a SAM checkpoint (e.g. sam_vit_b_01ec64.pth from Meta's official release) and set its path.
2026-08-29T16:14:42.626787+00:00,sam,62990661-R-200X_r01024_c00000.npy,62990661-R-200X.JPG,200,failed,2.9000002541579306e-06,FileNotFoundError: config models.sam.checkpoint_path is not set; download a SAM checkpoint (e.g. sam_vit_b_01ec64.pth from Meta's official release) and set its path.
2026-08-29T16:14:42.638813+00:00,sam,62990661-R-200X_r01024_c00256.npy,62990661-R-200X.JPG,200,failed,2.0000006770715117e-06,FileNotFoundError: config models.sam.checkpoint_path is not set; download a SAM checkpoint (e.g. sam_vit_b_01ec64.pth from Meta's official release) and set its path.
2026-08-29T16:14:42.651322+00:00,sam,62990661-R-200X_r01024_c00512.npy,62990661-R-200X.JPG,200,failed,2.100000529026147e-06,FileNotFoundError: config models.sam.checkpoint_path is not set; download a SAM checkpoint (e.g. sam_vit_b_01ec64.pth from Meta's official release) and set its path.
2026-08-29T16:14:42.662674+00:00,sam,62990661-R-200X_r01024_c00768.npy,62990661-R-200X.JPG,200,failed,2.499999936844688e-06,FileNotFoundError: config models.sam.checkpoint_path is not set; download a SAM checkpoint (e.g. sam_vit_b_01ec64.pth from Meta's official release) and set its path.
2026-08-29T16:14:42.672674+00:00,sam,62990661-R-200X_r01024_c01024.npy,62990661-R-200X.JPG,200,failed,1.99999976757681e-06,FileNotFoundError: config models.sam.checkpoint_path is not set; download a SAM checkpoint (e.g. sam_vit_b_01ec64.pth from Meta's official release) and set its path.
2026-08-29T16:14:42.683536+00:00,sam,62990661-R-200X_r01024_c01280.npy,62990661-R-200X.JPG,200,failed,2.499999936844688e-06,FileNotFoundError: config models.sam.checkpoint_path is not set; download a SAM checkpoint (e.g. sam_vit_b_01ec64.pth from Meta's official release) and set its path.
2026-08-29T16:14:42.695714+00:00,sam,62990661-R-200X_r01024_c01536.npy,62990661-R-200X.JPG,200,failed,2.499999936844688e-06,FileNotFoundError: config models.sam.checkpoint_path is not set; download a SAM checkpoint (e.g. sam_vit_b_01ec64.pth from Meta's official release) and set its path.
2026-08-29T16:14:42.705784+00:00,sam,62990661-R-200X_r01024_c01792.npy,62990661-R-200X.JPG,200,failed,1.9000008251168765e-06,FileNotFoundError: config models.sam.checkpoint_path is not set; download a SAM checkpoint (e.g. sam_vit_b_01ec64.pth from Meta's official release) and set its path.
2026-08-29T16:14:42.717826+00:00,sam,62990661-R-200X_r01024_c02048.npy,62990661-R-200X.JPG,200,failed,2.599999788799323e-06,FileNotFoundError: config models.sam.checkpoint_path is not set; download a SAM checkpoint (e.g. sam_vit_b_01ec64.pth from Meta's official release) and set its path.
2026-08-29T16:14:42.727883+00:00,sam,62990661-R-200X_r01024_c02304.npy,62990661-R-200X.JPG,200,failed,2.499999936844688e-06,FileNotFoundError: config models.sam.checkpoint_path is not set; download a SAM checkpoint (e.g. sam_vit_b_01ec64.pth from Meta's official release) and set its path.
2026-08-29T16:14:42.739486+00:00,sam,62990661-R-200X_r01024_c02560.npy,62990661-R-200X.JPG,200,failed,1.6999993022182025e-06,FileNotFoundError: config models.sam.checkpoint_path is not set; download a SAM checkpoint (e.g. sam_vit_b_01ec64.pth from Meta's official release) and set its path.
2026-08-29T16:14:42.751377+00:00,sam,62990661-R-200X_r01024_c02816.npy,62990661-R-200X.JPG,200,failed,2.1999994714860804e-06,FileNotFoundError: config models.sam.checkpoint_path is not set; download a SAM checkpoint (e.g. sam_vit_b_01ec64.pth from Meta's official release) and set its path.
2026-08-29T16:14:42.764349+00:00,sam,62990661-R-200X_r01024_c02944.npy,62990661-R-200X.JPG,200,failed,2.3000002329354174e-06,FileNotFoundError: config models.sam.checkpoint_path is not set; download a SAM checkpoint (e.g. sam_vit_b_01ec64.pth from Meta's official release) and set its path.
2026-08-29T16:14:42.775518+00:00,sam,62990661-R-200X_r01280_c00000.npy,62990661-R-200X.JPG,200,failed,2.600000698294025e-06,FileNotFoundError: config models.sam.checkpoint_path is not set; download a SAM checkpoint (e.g. sam_vit_b_01ec64.pth from Meta's official release) and set its path.
2026-08-29T16:14:42.787982+00:00,sam,62990661-R-200X_r01280_c00256.npy,62990661-R-200X.JPG,200,failed,1.8999999156221747e-06,FileNotFoundError: config models.sam.checkpoint_path is not set; download a SAM checkpoint (e.g. sam_vit_b_01ec64.pth from Meta's official release) and set its path.
2026-08-29T16:14:42.798514+00:00,sam,62990661-R-200X_r01280_c00512.npy,62990661-R-200X.JPG,200,failed,2.100000529026147e-06,FileNotFoundError: config models.sam.checkpoint_path is not set; download a SAM checkpoint (e.g. sam_vit_b_01ec64.pth from Meta's official release) and set its path.
2026-08-29T16:14:42.810126+00:00,sam,62990661-R-200X_r01280_c00768.npy,62990661-R-200X.JPG,200,failed,1.99999976757681e-06,FileNotFoundError: config models.sam.checkpoint_path is not set; download a SAM checkpoint (e.g. sam_vit_b_01ec64.pth from Meta's official release) and set its path.
2026-08-29T16:14:42.827873+00:00,sam,62990661-R-200X_r01280_c01024.npy,62990661-R-200X.JPG,200,failed,1.8000000636675395e-06,FileNotFoundError: config models.sam.checkpoint_path is not set; download a SAM checkpoint (e.g. sam_vit_b_01ec64.pth from Meta's official release) and set its path.
2026-08-29T16:14:42.837939+00:00,sam,62990661-R-200X_r01280_c01280.npy,62990661-R-200X.JPG,200,failed,1.99999976757681e-06,FileNotFoundError: config models.sam.checkpoint_path is not set; download a SAM checkpoint (e.g. sam_vit_b_01ec64.pth from Meta's official release) and set its path.
2026-08-29T16:14:42.849790+00:00,sam,62990661-R-200X_r01280_c01536.npy,62990661-R-200X.JPG,200,failed,1.99999976757681e-06,FileNotFoundError: config models.sam.checkpoint_path is not set; download a SAM checkpoint (e.g. sam_vit_b_01ec64.pth from Meta's official release) and set its path.
2026-08-29T16:14:42.859543+00:00,sam,62990661-R-200X_r01280_c01792.npy,62990661-R-200X.JPG,200,failed,1.7000002117129043e-06,FileNotFoundError: config models.sam.checkpoint_path is not set; download a SAM checkpoint (e.g. sam_vit_b_01ec64.pth from Meta's official release) and set its path.
2026-08-29T16:14:42.871135+00:00,sam,62990661-R-200X_r01280_c02048.npy,62990661-R-200X.JPG,200,failed,2.100000529026147e-06,FileNotFoundError: config models.sam.checkpoint_path is not set; download a SAM checkpoint (e.g. sam_vit_b_01ec64.pth from Meta's official release) and set its path.
2026-08-29T16:14:42.881940+00:00,sam,62990661-R-200X_r01280_c02304.npy,62990661-R-200X.JPG,200,failed,2.1999994714860804e-06,FileNotFoundError: config models.sam.checkpoint_path is not set; download a SAM checkpoint (e.g. sam_vit_b_01ec64.pth from Meta's official release) and set its path.
2026-08-29T16:14:42.893355+00:00,sam,62990661-R-200X_r01280_c02560.npy,62990661-R-200X.JPG,200,failed,1.8000000636675395e-06,FileNotFoundError: config models.sam.checkpoint_path is not set; download a SAM checkpoint (e.g. sam_vit_b_01ec64.pth from Meta's official release) and set its path.
2026-08-29T16:14:42.905876+00:00,sam,62990661-R-200X_r01280_c02816.npy,62990661-R-200X.JPG,200,failed,2.4000000848900527e-06,FileNotFoundError: config models.sam.checkpoint_path is not set; download a SAM checkpoint (e.g. sam_vit_b_01ec64.pth from Meta's official release) and set its path.
2026-08-29T16:14:42.922688+00:00,sam,62990661-R-200X_r01280_c02944.npy,62990661-R-200X.JPG,200,failed,2.099999619531445e-06,FileNotFoundError: config models.sam.checkpoint_path is not set; download a SAM checkpoint (e.g. sam_vit_b_01ec64.pth from Meta's official release) and set its path.
2026-08-29T16:14:42.933209+00:00,sam,62990661-R-200X_r01536_c00000.npy,62990661-R-200X.JPG,200,failed,2.499999936844688e-06,FileNotFoundError: config models.sam.checkpoint_path is not set; download a SAM checkpoint (e.g. sam_vit_b_01ec64.pth from Meta's official release) and set its path.
2026-08-29T16:14:42.944185+00:00,sam,62990661-R-200X_r01536_c00256.npy,62990661-R-200X.JPG,200,failed,1.8000000636675395e-06,FileNotFoundError: config models.sam.checkpoint_path is not set; download a SAM checkpoint (e.g. sam_vit_b_01ec64.pth from Meta's official release) and set its path.
2026-08-29T16:14:42.954702+00:00,sam,62990661-R-200X_r01536_c00512.npy,62990661-R-200X.JPG,200,failed,2.4000000848900527e-06,FileNotFoundError: config models.sam.checkpoint_path is not set; download a SAM checkpoint (e.g. sam_vit_b_01ec64.pth from Meta's official release) and set its path.
2026-08-29T16:14:42.966136+00:00,sam,62990661-R-200X_r01536_c00768.npy,62990661-R-200X.JPG,200,failed,2.200000380980782e-06,FileNotFoundError: config models.sam.checkpoint_path is not set; download a SAM checkpoint (e.g. sam_vit_b_01ec64.pth from Meta's official release) and set its path.
2026-08-29T16:14:42.976974+00:00,sam,62990661-R-200X_r01536_c01024.npy,62990661-R-200X.JPG,200,failed,2.6999996407539584e-06,FileNotFoundError: config models.sam.checkpoint_path is not set; download a SAM checkpoint (e.g. sam_vit_b_01ec64.pth from Meta's official release) and set its path.
2026-08-29T16:14:42.988927+00:00,sam,62990661-R-200X_r01536_c01280.npy,62990661-R-200X.JPG,200,failed,1.600000359758269e-06,FileNotFoundError: config models.sam.checkpoint_path is not set; download a SAM checkpoint (e.g. sam_vit_b_01ec64.pth from Meta's official release) and set its path.
2026-08-29T16:14:42.999131+00:00,sam,62990661-R-200X_r01536_c01536.npy,62990661-R-200X.JPG,200,failed,2.3000002329354174e-06,FileNotFoundError: config models.sam.checkpoint_path is not set; download a SAM checkpoint (e.g. sam_vit_b_01ec64.pth from Meta's official release) and set its path.
2026-08-29T16:14:43.009235+00:00,sam,62990661-R-200X_r01536_c01792.npy,62990661-R-200X.JPG,200,failed,1.5999994502635673e-06,FileNotFoundError: config models.sam.checkpoint_path is not set; download a SAM checkpoint (e.g. sam_vit_b_01ec64.pth from Meta's official release) and set its path.
2026-08-29T16:14:43.021512+00:00,sam,62990661-R-200X_r01536_c02048.npy,62990661-R-200X.JPG,200,failed,2.0000006770715117e-06,FileNotFoundError: config models.sam.checkpoint_path is not set; download a SAM checkpoint (e.g. sam_vit_b_01ec64.pth from Meta's official release) and set its path.
2026-08-29T16:14:43.032388+00:00,sam,62990661-R-200X_r01536_c02304.npy,62990661-R-200X.JPG,200,failed,2.4000000848900527e-06,FileNotFoundError: config models.sam.checkpoint_path is not set; download a SAM checkpoint (e.g. sam_vit_b_01ec64.pth from Meta's official release) and set its path.
2026-08-29T16:14:43.043886+00:00,sam,62990661-R-200X_r01536_c02560.npy,62990661-R-200X.JPG,200,failed,1.8000000636675395e-06,FileNotFoundError: config models.sam.checkpoint_path is not set; download a SAM checkpoint (e.g. sam_vit_b_01ec64.pth from Meta's official release) and set its path.
2026-08-29T16:14:43.054037+00:00,sam,62990661-R-200X_r01536_c02816.npy,62990661-R-200X.JPG,200,failed,1.9000008251168765e-06,FileNotFoundError: config models.sam.checkpoint_path is not set; download a SAM checkpoint (e.g. sam_vit_b_01ec64.pth from Meta's official release) and set its path.
2026-08-29T16:14:43.066026+00:00,sam,62990661-R-200X_r01536_c02944.npy,62990661-R-200X.JPG,200,failed,2.4000000848900527e-06,FileNotFoundError: config models.sam.checkpoint_path is not set; download a SAM checkpoint (e.g. sam_vit_b_01ec64.pth from Meta's official release) and set its path.
2026-08-29T16:14:43.076102+00:00,sam,62990661-R-200X_r01792_c00000.npy,62990661-R-200X.JPG,200,failed,2.2999993234407157e-06,FileNotFoundError: config models.sam.checkpoint_path is not set; download a SAM checkpoint (e.g. sam_vit_b_01ec64.pth from Meta's official release) and set its path.
2026-08-29T16:14:43.088247+00:00,sam,62990661-R-200X_r01792_c00256.npy,62990661-R-200X.JPG,200,failed,2.1999994714860804e-06,FileNotFoundError: config models.sam.checkpoint_path is not set; download a SAM checkpoint (e.g. sam_vit_b_01ec64.pth from Meta's official release) and set its path.
2026-08-29T16:14:43.101164+00:00,sam,62990661-R-200X_r01792_c00512.npy,62990661-R-200X.JPG,200,failed,2.0000006770715117e-06,FileNotFoundError: config models.sam.checkpoint_path is not set; download a SAM checkpoint (e.g. sam_vit_b_01ec64.pth from Meta's official release) and set its path.
2026-08-29T16:14:43.112956+00:00,sam,62990661-R-200X_r01792_c00768.npy,62990661-R-200X.JPG,200,failed,2.599999788799323e-06,FileNotFoundError: config models.sam.checkpoint_path is not set; download a SAM checkpoint (e.g. sam_vit_b_01ec64.pth from Meta's official release) and set its path.
2026-08-29T16:14:43.123075+00:00,sam,62990661-R-200X_r01792_c01024.npy,62990661-R-200X.JPG,200,failed,2.0000006770715117e-06,FileNotFoundError: config models.sam.checkpoint_path is not set; download a SAM checkpoint (e.g. sam_vit_b_01ec64.pth from Meta's official release) and set its path.
2026-08-29T16:14:43.136287+00:00,sam,62990661-R-200X_r01792_c01280.npy,62990661-R-200X.JPG,200,failed,2.4000000848900527e-06,FileNotFoundError: config models.sam.checkpoint_path is not set; download a SAM checkpoint (e.g. sam_vit_b_01ec64.pth from Meta's official release) and set its path.
2026-08-29T16:14:43.146308+00:00,sam,62990661-R-200X_r01792_c01536.npy,62990661-R-200X.JPG,200,failed,2.3000002329354174e-06,FileNotFoundError: config models.sam.checkpoint_path is not set; download a SAM checkpoint (e.g. sam_vit_b_01ec64.pth from Meta's official release) and set its path.
2026-08-29T16:14:43.158029+00:00,sam,62990661-R-200X_r01792_c01792.npy,62990661-R-200X.JPG,200,failed,1.8999999156221747e-06,FileNotFoundError: config models.sam.checkpoint_path is not set; download a SAM checkpoint (e.g. sam_vit_b_01ec64.pth from Meta's official release) and set its path.
2026-08-29T16:14:43.341657+00:00,sam,62990661-R-200X_r01792_c02048.npy,62990661-R-200X.JPG,200,failed,1.8999999156221747e-06,FileNotFoundError: config models.sam.checkpoint_path is not set; download a SAM checkpoint (e.g. sam_vit_b_01ec64.pth from Meta's official release) and set its path.
2026-08-29T16:14:43.353427+00:00,sam,62990661-R-200X_r01792_c02304.npy,62990661-R-200X.JPG,200,failed,2.100000529026147e-06,FileNotFoundError: config models.sam.checkpoint_path is not set; download a SAM checkpoint (e.g. sam_vit_b_01ec64.pth from Meta's official release) and set its path.
2026-08-29T16:14:43.365132+00:00,sam,62990661-R-200X_r01792_c02560.npy,62990661-R-200X.JPG,200,failed,1.8999999156221747e-06,FileNotFoundError: config models.sam.checkpoint_path is not set; download a SAM checkpoint (e.g. sam_vit_b_01ec64.pth from Meta's official release) and set its path.
2026-08-29T16:14:43.374668+00:00,sam,62990661-R-200X_r01792_c02816.npy,62990661-R-200X.JPG,200,failed,1.99999976757681e-06,FileNotFoundError: config models.sam.checkpoint_path is not set; download a SAM checkpoint (e.g. sam_vit_b_01ec64.pth from Meta's official release) and set its path.
2026-08-29T16:14:43.388046+00:00,sam,62990661-R-200X_r01792_c02944.npy,62990661-R-200X.JPG,200,failed,1.8999999156221747e-06,FileNotFoundError: config models.sam.checkpoint_path is not set; download a SAM checkpoint (e.g. sam_vit_b_01ec64.pth from Meta's official release) and set its path.
2026-08-30T06:53:42.261060+00:00,cellpose,62990661-C-100X_r00000_c00000.npy,62990661-C-100X.JPG,100,failed,2.0999999605919584e-06,RuntimeError: operator torchvision::nms does not exist
2026-08-30T06:53:42.272837+00:00,cellpose,62990661-C-100X_r00000_c00256.npy,62990661-C-100X.JPG,100,failed,2.7999999474559445e-06,RuntimeError: operator torchvision::nms does not exist
2026-08-30T06:53:42.286160+00:00,cellpose,62990661-C-100X_r00000_c00512.npy,62990661-C-100X.JPG,100,failed,2.0999999605919584e-06,RuntimeError: operator torchvision::nms does not exist
2026-08-30T06:53:42.297415+00:00,cellpose,62990661-C-100X_r00000_c00768.npy,62990661-C-100X.JPG,100,failed,1.9000000293090125e-06,RuntimeError: operator torchvision::nms does not exist
2026-08-30T06:53:42.306882+00:00,cellpose,62990661-C-100X_r00000_c01024.npy,62990661-C-100X.JPG,100,failed,3.5000000480067683e-06,RuntimeError: operator torchvision::nms does not exist
2026-08-30T06:53:42.323917+00:00,cellpose,62990661-C-100X_r00000_c01280.npy,62990661-C-100X.JPG,100,failed,1.9000000293090125e-06,RuntimeError: operator torchvision::nms does not exist
2026-08-30T06:53:42.335036+00:00,cellpose,62990661-C-100X_r00000_c01536.npy,62990661-C-100X.JPG,100,failed,1.9999999949504854e-06,RuntimeError: operator torchvision::nms does not exist
2026-08-30T06:53:42.346643+00:00,cellpose,62990661-C-100X_r00000_c01792.npy,62990661-C-100X.JPG,100,failed,2.300000005561742e-06,RuntimeError: operator torchvision::nms does not exist
2026-08-30T06:53:42.356418+00:00,cellpose,62990661-C-100X_r00000_c02048.npy,62990661-C-100X.JPG,100,failed,2.200000039920269e-06,RuntimeError: operator torchvision::nms does not exist
2026-08-30T06:53:42.367904+00:00,cellpose,62990661-C-100X_r00000_c02304.npy,62990661-C-100X.JPG,100,failed,2.0999999605919584e-06,RuntimeError: operator torchvision::nms does not exist
2026-08-30T06:53:42.380195+00:00,cellpose,62990661-C-100X_r00000_c02560.npy,62990661-C-100X.JPG,100,failed,2.1999999262334313e-06,RuntimeError: operator torchvision::nms does not exist
2026-08-30T06:53:42.389910+00:00,cellpose,62990661-C-100X_r00000_c02816.npy,62990661-C-100X.JPG,100,failed,2.200000039920269e-06,RuntimeError: operator torchvision::nms does not exist
2026-08-30T06:53:42.402301+00:00,cellpose,62990661-C-100X_r00000_c02944.npy,62990661-C-100X.JPG,100,failed,1.9999999949504854e-06,RuntimeError: operator torchvision::nms does not exist
2026-08-30T06:53:42.414204+00:00,cellpose,62990661-C-100X_r00256_c00000.npy,62990661-C-100X.JPG,100,failed,1.7999999499807018e-06,RuntimeError: operator torchvision::nms does not exist
2026-08-30T06:53:42.425241+00:00,cellpose,62990661-C-100X_r00256_c00256.npy,62990661-C-100X.JPG,100,failed,1.9999999949504854e-06,RuntimeError: operator torchvision::nms does not exist
2026-08-30T06:53:42.436438+00:00,cellpose,62990661-C-100X_r00256_c00512.npy,62990661-C-100X.JPG,100,failed,2.5000000505315256e-06,RuntimeError: operator torchvision::nms does not exist
2026-08-30T06:53:42.451504+00:00,cellpose,62990661-C-100X_r00256_c00768.npy,62990661-C-100X.JPG,100,failed,2.200000039920269e-06,RuntimeError: operator torchvision::nms does not exist
2026-08-30T06:53:42.463649+00:00,cellpose,62990661-C-100X_r00256_c01024.npy,62990661-C-100X.JPG,100,failed,1.9999999949504854e-06,RuntimeError: operator torchvision::nms does not exist
2026-08-30T06:53:42.473684+00:00,cellpose,62990661-C-100X_r00256_c01280.npy,62990661-C-100X.JPG,100,failed,1.8999999156221747e-06,RuntimeError: operator torchvision::nms does not exist
2026-08-30T06:53:42.489002+00:00,cellpose,62990661-C-100X_r00256_c01536.npy,62990661-C-100X.JPG,100,failed,1.9999999949504854e-06,RuntimeError: operator torchvision::nms does not exist
2026-08-30T06:53:42.500436+00:00,cellpose,62990661-C-100X_r00256_c01792.npy,62990661-C-100X.JPG,100,failed,2.4000000848900527e-06,RuntimeError: operator torchvision::nms does not exist
2026-08-30T06:53:42.512074+00:00,cellpose,62990661-C-100X_r00256_c02048.npy,62990661-C-100X.JPG,100,failed,2.499999936844688e-06,RuntimeError: operator torchvision::nms does not exist
2026-08-30T06:53:42.528463+00:00,cellpose,62990661-C-100X_r00256_c02304.npy,62990661-C-100X.JPG,100,failed,2.200000039920269e-06,RuntimeError: operator torchvision::nms does not exist
2026-08-30T06:53:42.538644+00:00,cellpose,62990661-C-100X_r00256_c02560.npy,62990661-C-100X.JPG,100,failed,2.200000039920269e-06,RuntimeError: operator torchvision::nms does not exist
2026-08-30T06:53:42.551902+00:00,cellpose,62990661-C-100X_r00256_c02816.npy,62990661-C-100X.JPG,100,failed,2.0999999605919584e-06,RuntimeError: operator torchvision::nms does not exist
2026-08-30T06:53:42.561851+00:00,cellpose,62990661-C-100X_r00256_c02944.npy,62990661-C-100X.JPG,100,failed,1.7999999499807018e-06,RuntimeError: operator torchvision::nms does not exist
2026-08-30T06:53:42.572951+00:00,cellpose,62990661-C-100X_r00512_c00000.npy,62990661-C-100X.JPG,100,failed,2.499999936844688e-06,RuntimeError: operator torchvision::nms does not exist
2026-08-30T06:53:42.583079+00:00,cellpose,62990661-C-100X_r00512_c00256.npy,62990661-C-100X.JPG,100,failed,1.9999999949504854e-06,RuntimeError: operator torchvision::nms does not exist
2026-08-30T06:53:42.594206+00:00,cellpose,62990661-C-100X_r00512_c00512.npy,62990661-C-100X.JPG,100,failed,1.7999999499807018e-06,RuntimeError: operator torchvision::nms does not exist
2026-08-30T06:53:42.606942+00:00,cellpose,62990661-C-100X_r00512_c00768.npy,62990661-C-100X.JPG,100,failed,1.9999999949504854e-06,RuntimeError: operator torchvision::nms does not exist
2026-08-30T06:53:42.620640+00:00,cellpose,62990661-C-100X_r00512_c01024.npy,62990661-C-100X.JPG,100,failed,2.0999999605919584e-06,RuntimeError: operator torchvision::nms does not exist
2026-08-30T06:53:42.632454+00:00,cellpose,62990661-C-100X_r00512_c01280.npy,62990661-C-100X.JPG,100,failed,2.2999998918749043e-06,RuntimeError: operator torchvision::nms does not exist
2026-08-30T06:53:42.643647+00:00,cellpose,62990661-C-100X_r00512_c01536.npy,62990661-C-100X.JPG,100,failed,1.7999999499807018e-06,RuntimeError: operator torchvision::nms does not exist
2026-08-30T06:53:42.653518+00:00,cellpose,62990661-C-100X_r00512_c01792.npy,62990661-C-100X.JPG,100,failed,1.8999999156221747e-06,RuntimeError: operator torchvision::nms does not exist
2026-08-30T06:53:42.664338+00:00,cellpose,62990661-C-100X_r00512_c02048.npy,62990661-C-100X.JPG,100,failed,2.0999999605919584e-06,RuntimeError: operator torchvision::nms does not exist
2026-08-30T06:53:42.673677+00:00,cellpose,62990661-C-100X_r00512_c02304.npy,62990661-C-100X.JPG,100,failed,1.9000000293090125e-06,RuntimeError: operator torchvision::nms does not exist
2026-08-30T06:53:42.685186+00:00,cellpose,62990661-C-100X_r00512_c02560.npy,62990661-C-100X.JPG,100,failed,1.9999999949504854e-06,RuntimeError: operator torchvision::nms does not exist
2026-08-30T06:53:42.695567+00:00,cellpose,62990661-C-100X_r00512_c02816.npy,62990661-C-100X.JPG,100,failed,1.9000000293090125e-06,RuntimeError: operator torchvision::nms does not exist
2026-08-30T06:53:42.705827+00:00,cellpose,62990661-C-100X_r00512_c02944.npy,62990661-C-100X.JPG,100,failed,2.300000005561742e-06,RuntimeError: operator torchvision::nms does not exist
2026-08-30T06:53:42.720010+00:00,cellpose,62990661-C-100X_r00768_c00000.npy,62990661-C-100X.JPG,100,failed,3.6000000136482413e-06,RuntimeError: operator torchvision::nms does not exist
2026-08-30T06:53:42.731687+00:00,cellpose,62990661-C-100X_r00768_c00256.npy,62990661-C-100X.JPG,100,failed,1.8999999156221747e-06,RuntimeError: operator torchvision::nms does not exist
2026-08-30T06:53:42.742806+00:00,cellpose,62990661-C-100X_r00768_c00512.npy,62990661-C-100X.JPG,100,failed,2.5000000505315256e-06,RuntimeError: operator torchvision::nms does not exist
2026-08-30T06:53:42.754540+00:00,cellpose,62990661-C-100X_r00768_c00768.npy,62990661-C-100X.JPG,100,failed,2.0999999605919584e-06,RuntimeError: operator torchvision::nms does not exist
2026-08-30T06:53:42.765107+00:00,cellpose,62990661-C-100X_r00768_c01024.npy,62990661-C-100X.JPG,100,failed,1.9999999949504854e-06,RuntimeError: operator torchvision::nms does not exist
2026-08-30T06:53:42.775616+00:00,cellpose,62990661-C-100X_r00768_c01280.npy,62990661-C-100X.JPG,100,failed,1.9000000293090125e-06,RuntimeError: operator torchvision::nms does not exist
2026-08-30T06:53:42.785846+00:00,cellpose,62990661-C-100X_r00768_c01536.npy,62990661-C-100X.JPG,100,failed,2.0999999605919584e-06,RuntimeError: operator torchvision::nms does not exist
2026-08-30T06:53:42.795941+00:00,cellpose,62990661-C-100X_r00768_c01792.npy,62990661-C-100X.JPG,100,failed,2.300000005561742e-06,RuntimeError: operator torchvision::nms does not exist
2026-08-30T06:53:42.808147+00:00,cellpose,62990661-C-100X_r00768_c02048.npy,62990661-C-100X.JPG,100,failed,2.0999999605919584e-06,RuntimeError: operator torchvision::nms does not exist
2026-08-30T06:53:42.818443+00:00,cellpose,62990661-C-100X_r00768_c02304.npy,62990661-C-100X.JPG,100,failed,1.9999999949504854e-06,RuntimeError: operator torchvision::nms does not exist
2026-08-30T06:53:42.829797+00:00,cellpose,62990661-C-100X_r00768_c02560.npy,62990661-C-100X.JPG,100,failed,2.7999999474559445e-06,RuntimeError: operator torchvision::nms does not exist
2026-08-30T06:53:42.839798+00:00,cellpose,62990661-C-100X_r00768_c02816.npy,62990661-C-100X.JPG,100,failed,2.6999999818144715e-06,RuntimeError: operator torchvision::nms does not exist
2026-08-30T06:53:42.854676+00:00,cellpose,62990661-C-100X_r00768_c02944.npy,62990661-C-100X.JPG,100,failed,2.200000039920269e-06,RuntimeError: operator torchvision::nms does not exist
2026-08-30T06:53:42.866165+00:00,cellpose,62990661-C-100X_r01024_c00000.npy,62990661-C-100X.JPG,100,failed,2.100000074278796e-06,RuntimeError: operator torchvision::nms does not exist
2026-08-30T06:53:42.881612+00:00,cellpose,62990661-C-100X_r01024_c00256.npy,62990661-C-100X.JPG,100,failed,3.89999991057266e-06,RuntimeError: operator torchvision::nms does not exist
2026-08-30T06:53:42.893417+00:00,cellpose,62990661-C-100X_r01024_c00512.npy,62990661-C-100X.JPG,100,failed,2.399999971203215e-06,RuntimeError: operator torchvision::nms does not exist
2026-08-30T06:53:42.910562+00:00,cellpose,62990661-C-100X_r01024_c00768.npy,62990661-C-100X.JPG,100,failed,1.8999999156221747e-06,RuntimeError: operator torchvision::nms does not exist
2026-08-30T06:53:42.921784+00:00,cellpose,62990661-C-100X_r01024_c01024.npy,62990661-C-100X.JPG,100,failed,2.1999999262334313e-06,RuntimeError: operator torchvision::nms does not exist
2026-08-30T06:53:42.932849+00:00,cellpose,62990661-C-100X_r01024_c01280.npy,62990661-C-100X.JPG,100,failed,1.9999999949504854e-06,RuntimeError: operator torchvision::nms does not exist
2026-08-30T06:53:42.943956+00:00,cellpose,62990661-C-100X_r01024_c01536.npy,62990661-C-100X.JPG,100,failed,1.9999999949504854e-06,RuntimeError: operator torchvision::nms does not exist
2026-08-30T06:53:42.958976+00:00,cellpose,62990661-C-100X_r01024_c01792.npy,62990661-C-100X.JPG,100,failed,2.100000074278796e-06,RuntimeError: operator torchvision::nms does not exist
2026-08-30T06:53:42.976877+00:00,cellpose,62990661-C-100X_r01024_c02048.npy,62990661-C-100X.JPG,100,failed,2.499999936844688e-06,RuntimeError: operator torchvision::nms does not exist
2026-08-30T06:53:42.987081+00:00,cellpose,62990661-C-100X_r01024_c02304.npy,62990661-C-100X.JPG,100,failed,1.9000000293090125e-06,RuntimeError: operator torchvision::nms does not exist
2026-08-30T06:53:42.998318+00:00,cellpose,62990661-C-100X_r01024_c02560.npy,62990661-C-100X.JPG,100,failed,1.9999999949504854e-06,RuntimeError: operator torchvision::nms does not exist
2026-08-30T06:53:43.007871+00:00,cellpose,62990661-C-100X_r01024_c02816.npy,62990661-C-100X.JPG,100,failed,1.8999999156221747e-06,RuntimeError: operator torchvision::nms does not exist
2026-08-30T06:53:43.019180+00:00,cellpose,62990661-C-100X_r01024_c02944.npy,62990661-C-100X.JPG,100,failed,2.0999999605919584e-06,RuntimeError: operator torchvision::nms does not exist
2026-08-30T06:53:43.029897+00:00,cellpose,62990661-C-100X_r01280_c00000.npy,62990661-C-100X.JPG,100,failed,2.1999999262334313e-06,RuntimeError: operator torchvision::nms does not exist
2026-08-30T06:53:43.042195+00:00,cellpose,62990661-C-100X_r01280_c00256.npy,62990661-C-100X.JPG,100,failed,1.8999999156221747e-06,RuntimeError: operator torchvision::nms does not exist
2026-08-30T06:53:43.055442+00:00,cellpose,62990661-C-100X_r01280_c00512.npy,62990661-C-100X.JPG,100,failed,2.100000074278796e-06,RuntimeError: operator torchvision::nms does not exist
2026-08-30T06:53:43.072532+00:00,cellpose,62990661-C-100X_r01280_c00768.npy,62990661-C-100X.JPG,100,failed,2.399999971203215e-06,RuntimeError: operator torchvision::nms does not exist
2026-08-30T06:53:43.086287+00:00,cellpose,62990661-C-100X_r01280_c01024.npy,62990661-C-100X.JPG,100,failed,2.1999999262334313e-06,RuntimeError: operator torchvision::nms does not exist
2026-08-30T06:53:43.099121+00:00,cellpose,62990661-C-100X_r01280_c01280.npy,62990661-C-100X.JPG,100,failed,2.0999999605919584e-06,RuntimeError: operator torchvision::nms does not exist
2026-08-30T06:53:43.112087+00:00,cellpose,62990661-C-100X_r01280_c01536.npy,62990661-C-100X.JPG,100,failed,1.9999999949504854e-06,RuntimeError: operator torchvision::nms does not exist
2026-08-30T06:53:43.124525+00:00,cellpose,62990661-C-100X_r01280_c01792.npy,62990661-C-100X.JPG,100,failed,1.9999999949504854e-06,RuntimeError: operator torchvision::nms does not exist
2026-08-30T06:53:43.138999+00:00,cellpose,62990661-C-100X_r01280_c02048.npy,62990661-C-100X.JPG,100,failed,1.9000000293090125e-06,RuntimeError: operator torchvision::nms does not exist
2026-08-30T06:53:43.149967+00:00,cellpose,62990661-C-100X_r01280_c02304.npy,62990661-C-100X.JPG,100,failed,1.7999999499807018e-06,RuntimeError: operator torchvision::nms does not exist
2026-08-30T06:53:43.159955+00:00,cellpose,62990661-C-100X_r01280_c02560.npy,62990661-C-100X.JPG,100,failed,2.7000000955013093e-06,RuntimeError: operator torchvision::nms does not exist
2026-08-30T06:53:43.169702+00:00,cellpose,62990661-C-100X_r01280_c02816.npy,62990661-C-100X.JPG,100,failed,3.2000000373955118e-06,RuntimeError: operator torchvision::nms does not exist
2026-08-30T06:53:43.182634+00:00,cellpose,62990661-C-100X_r01280_c02944.npy,62990661-C-100X.JPG,100,failed,2.399999971203215e-06,RuntimeError: operator torchvision::nms does not exist
2026-08-30T06:53:43.192610+00:00,cellpose,62990661-C-100X_r01536_c00000.npy,62990661-C-100X.JPG,100,failed,1.9999999949504854e-06,RuntimeError: operator torchvision::nms does not exist
2026-08-30T06:53:43.209014+00:00,cellpose,62990661-C-100X_r01536_c00256.npy,62990661-C-100X.JPG,100,failed,1.589999999396241e-05,RuntimeError: operator torchvision::nms does not exist
2026-08-30T06:53:43.219952+00:00,cellpose,62990661-C-100X_r01536_c00512.npy,62990661-C-100X.JPG,100,failed,2.300000005561742e-06,RuntimeError: operator torchvision::nms does not exist
2026-08-30T06:53:43.234512+00:00,cellpose,62990661-C-100X_r01536_c00768.npy,62990661-C-100X.JPG,100,failed,2.8999999130974174e-06,RuntimeError: operator torchvision::nms does not exist
2026-08-30T06:53:43.244363+00:00,cellpose,62990661-C-100X_r01536_c01024.npy,62990661-C-100X.JPG,100,failed,1.9999999949504854e-06,RuntimeError: operator torchvision::nms does not exist
2026-08-30T06:53:43.255149+00:00,cellpose,62990661-C-100X_r01536_c01280.npy,62990661-C-100X.JPG,100,failed,2.6999999818144715e-06,RuntimeError: operator torchvision::nms does not exist
2026-08-30T06:53:43.266407+00:00,cellpose,62990661-C-100X_r01536_c01536.npy,62990661-C-100X.JPG,100,failed,2.300000005561742e-06,RuntimeError: operator torchvision::nms does not exist
2026-08-30T06:53:43.281040+00:00,cellpose,62990661-C-100X_r01536_c01792.npy,62990661-C-100X.JPG,100,failed,2.1999999262334313e-06,RuntimeError: operator torchvision::nms does not exist
2026-08-30T06:53:43.292258+00:00,cellpose,62990661-C-100X_r01536_c02048.npy,62990661-C-100X.JPG,100,failed,2.300000005561742e-06,RuntimeError: operator torchvision::nms does not exist
2026-08-30T06:53:43.302915+00:00,cellpose,62990661-C-100X_r01536_c02304.npy,62990661-C-100X.JPG,100,failed,1.8999999156221747e-06,RuntimeError: operator torchvision::nms does not exist
2026-08-30T06:53:43.315437+00:00,cellpose,62990661-C-100X_r01536_c02560.npy,62990661-C-100X.JPG,100,failed,1.9000000293090125e-06,RuntimeError: operator torchvision::nms does not exist
2026-08-30T06:53:43.327651+00:00,cellpose,62990661-C-100X_r01536_c02816.npy,62990661-C-100X.JPG,100,failed,1.640000004954345e-05,RuntimeError: operator torchvision::nms does not exist
2026-08-30T06:53:43.338507+00:00,cellpose,62990661-C-100X_r01536_c02944.npy,62990661-C-100X.JPG,100,failed,3.4000000823652954e-06,RuntimeError: operator torchvision::nms does not exist
2026-08-30T06:53:43.349236+00:00,cellpose,62990661-C-100X_r01792_c00000.npy,62990661-C-100X.JPG,100,failed,2.100000074278796e-06,RuntimeError: operator torchvision::nms does not exist
2026-08-30T06:53:43.364115+00:00,cellpose,62990661-C-100X_r01792_c00256.npy,62990661-C-100X.JPG,100,failed,2.0999999605919584e-06,RuntimeError: operator torchvision::nms does not exist
2026-08-30T06:53:43.381369+00:00,cellpose,62990661-C-100X_r01792_c00512.npy,62990661-C-100X.JPG,100,failed,2.0999999605919584e-06,RuntimeError: operator torchvision::nms does not exist
2026-08-30T06:53:43.391842+00:00,cellpose,62990661-C-100X_r01792_c00768.npy,62990661-C-100X.JPG,100,failed,3.100000071754039e-06,RuntimeError: operator torchvision::nms does not exist
2026-08-30T06:53:43.407155+00:00,cellpose,62990661-C-100X_r01792_c01024.npy,62990661-C-100X.JPG,100,failed,2.200000039920269e-06,RuntimeError: operator torchvision::nms does not exist
2026-08-30T06:53:43.417549+00:00,cellpose,62990661-C-100X_r01792_c01280.npy,62990661-C-100X.JPG,100,failed,2.0999999605919584e-06,RuntimeError: operator torchvision::nms does not exist
2026-08-30T06:53:43.428669+00:00,cellpose,62990661-C-100X_r01792_c01536.npy,62990661-C-100X.JPG,100,failed,2.300000005561742e-06,RuntimeError: operator torchvision::nms does not exist
2026-08-30T06:53:43.442205+00:00,cellpose,62990661-C-100X_r01792_c01792.npy,62990661-C-100X.JPG,100,failed,2.4000000848900527e-06,RuntimeError: operator torchvision::nms does not exist
2026-08-30T06:53:43.452378+00:00,cellpose,62990661-C-100X_r01792_c02048.npy,62990661-C-100X.JPG,100,failed,1.8999999156221747e-06,RuntimeError: operator torchvision::nms does not exist
2026-08-30T06:53:43.465726+00:00,cellpose,62990661-C-100X_r01792_c02304.npy,62990661-C-100X.JPG,100,failed,2.1999999262334313e-06,RuntimeError: operator torchvision::nms does not exist
2026-08-30T06:53:43.476472+00:00,cellpose,62990661-C-100X_r01792_c02560.npy,62990661-C-100X.JPG,100,failed,2.399999971203215e-06,RuntimeError: operator torchvision::nms does not exist
2026-08-30T06:53:43.487845+00:00,cellpose,62990661-C-100X_r01792_c02816.npy,62990661-C-100X.JPG,100,failed,2.0999999605919584e-06,RuntimeError: operator torchvision::nms does not exist
2026-08-30T06:53:43.498728+00:00,cellpose,62990661-C-100X_r01792_c02944.npy,62990661-C-100X.JPG,100,failed,2.300000005561742e-06,RuntimeError: operator torchvision::nms does not exist
2026-08-30T06:53:43.518992+00:00,cellpose,62990661-C-200X_r00000_c00000.npy,62990661-C-200X.JPG,200,failed,9.999999974752427e-07,RuntimeError: operator torchvision::nms does not exist
2026-08-30T06:53:43.528559+00:00,cellpose,62990661-C-200X_r00000_c00256.npy,62990661-C-200X.JPG,200,failed,1.9999999949504854e-06,RuntimeError: operator torchvision::nms does not exist
2026-08-30T06:53:43.539930+00:00,cellpose,62990661-C-200X_r00000_c00512.npy,62990661-C-200X.JPG,200,failed,1.9999999949504854e-06,RuntimeError: operator torchvision::nms does not exist
2026-08-30T06:53:43.553391+00:00,cellpose,62990661-C-200X_r00000_c00768.npy,62990661-C-200X.JPG,200,failed,1.9000000293090125e-06,RuntimeError: operator torchvision::nms does not exist
2026-08-30T06:53:43.565266+00:00,cellpose,62990661-C-200X_r00000_c01024.npy,62990661-C-200X.JPG,200,failed,2.399999971203215e-06,RuntimeError: operator torchvision::nms does not exist
2026-08-30T06:53:43.582497+00:00,cellpose,62990661-C-200X_r00000_c01280.npy,62990661-C-200X.JPG,200,failed,2.999999992425728e-06,RuntimeError: operator torchvision::nms does not exist
2026-08-30T06:53:43.591925+00:00,cellpose,62990661-C-200X_r00000_c01536.npy,62990661-C-200X.JPG,200,failed,2.0999999605919584e-06,RuntimeError: operator torchvision::nms does not exist
2026-08-30T06:53:43.604166+00:00,cellpose,62990661-C-200X_r00000_c01792.npy,62990661-C-200X.JPG,200,failed,2.5000000505315256e-06,RuntimeError: operator torchvision::nms does not exist
2026-08-30T06:53:43.619879+00:00,cellpose,62990661-C-200X_r00000_c02048.npy,62990661-C-200X.JPG,200,failed,2.599999902486161e-06,RuntimeError: operator torchvision::nms does not exist
2026-08-30T06:53:43.634037+00:00,cellpose,62990661-C-200X_r00000_c02304.npy,62990661-C-200X.JPG,200,failed,1.8999999156221747e-06,RuntimeError: operator torchvision::nms does not exist
2026-08-30T06:53:43.643990+00:00,cellpose,62990661-C-200X_r00000_c02560.npy,62990661-C-200X.JPG,200,failed,1.7999999499807018e-06,RuntimeError: operator torchvision::nms does not exist
2026-08-30T06:53:43.654603+00:00,cellpose,62990661-C-200X_r00000_c02816.npy,62990661-C-200X.JPG,200,failed,1.9000000293090125e-06,RuntimeError: operator torchvision::nms does not exist
2026-08-30T06:53:43.669768+00:00,cellpose,62990661-C-200X_r00000_c02944.npy,62990661-C-200X.JPG,200,failed,1.9000000293090125e-06,RuntimeError: operator torchvision::nms does not exist
2026-08-30T06:53:43.680535+00:00,cellpose,62990661-C-200X_r00256_c00000.npy,62990661-C-200X.JPG,200,failed,1.9000000293090125e-06,RuntimeError: operator torchvision::nms does not exist
2026-08-30T06:53:43.689902+00:00,cellpose,62990661-C-200X_r00256_c00256.npy,62990661-C-200X.JPG,200,failed,1.9999999949504854e-06,RuntimeError: operator torchvision::nms does not exist
2026-08-30T06:53:43.699551+00:00,cellpose,62990661-C-200X_r00256_c00512.npy,62990661-C-200X.JPG,200,failed,1.9999999949504854e-06,RuntimeError: operator torchvision::nms does not exist
2026-08-30T06:53:43.712937+00:00,cellpose,62990661-C-200X_r00256_c00768.npy,62990661-C-200X.JPG,200,failed,1.9999999949504854e-06,RuntimeError: operator torchvision::nms does not exist
2026-08-30T06:53:43.727388+00:00,cellpose,62990661-C-200X_r00256_c01024.npy,62990661-C-200X.JPG,200,failed,2.2900000089975947e-05,RuntimeError: operator torchvision::nms does not exist
2026-08-30T06:53:43.738347+00:00,cellpose,62990661-C-200X_r00256_c01280.npy,62990661-C-200X.JPG,200,failed,1.9000000293090125e-06,RuntimeError: operator torchvision::nms does not exist
2026-08-30T06:53:43.749392+00:00,cellpose,62990661-C-200X_r00256_c01536.npy,62990661-C-200X.JPG,200,failed,1.6999999843392288e-06,RuntimeError: operator torchvision::nms does not exist
2026-08-30T06:53:43.764005+00:00,cellpose,62990661-C-200X_r00256_c01792.npy,62990661-C-200X.JPG,200,failed,2.6000000161729986e-06,RuntimeError: operator torchvision::nms does not exist
2026-08-30T06:53:43.774014+00:00,cellpose,62990661-C-200X_r00256_c02048.npy,62990661-C-200X.JPG,200,failed,1.6999999843392288e-06,RuntimeError: operator torchvision::nms does not exist
2026-08-30T06:53:43.787169+00:00,cellpose,62990661-C-200X_r00256_c02304.npy,62990661-C-200X.JPG,200,failed,1.8000000636675395e-06,RuntimeError: operator torchvision::nms does not exist
2026-08-30T06:53:43.799589+00:00,cellpose,62990661-C-200X_r00256_c02560.npy,62990661-C-200X.JPG,200,failed,2.499999936844688e-06,RuntimeError: operator torchvision::nms does not exist
2026-08-30T06:53:43.811923+00:00,cellpose,62990661-C-200X_r00256_c02816.npy,62990661-C-200X.JPG,200,failed,2.200000039920269e-06,RuntimeError: operator torchvision::nms does not exist
2026-08-30T06:53:43.823481+00:00,cellpose,62990661-C-200X_r00256_c02944.npy,62990661-C-200X.JPG,200,failed,1.6999999843392288e-06,RuntimeError: operator torchvision::nms does not exist
2026-08-30T06:53:43.838938+00:00,cellpose,62990661-C-200X_r00512_c00000.npy,62990661-C-200X.JPG,200,failed,1.6000000186977559e-06,RuntimeError: operator torchvision::nms does not exist
2026-08-30T06:53:43.849751+00:00,cellpose,62990661-C-200X_r00512_c00256.npy,62990661-C-200X.JPG,200,failed,1.8999999156221747e-06,RuntimeError: operator torchvision::nms does not exist
2026-08-30T06:53:43.867655+00:00,cellpose,62990661-C-200X_r00512_c00512.npy,62990661-C-200X.JPG,200,failed,1.9999999949504854e-06,RuntimeError: operator torchvision::nms does not exist
2026-08-30T06:53:43.881042+00:00,cellpose,62990661-C-200X_r00512_c00768.npy,62990661-C-200X.JPG,200,failed,1.9999999949504854e-06,RuntimeError: operator torchvision::nms does not exist
2026-08-30T06:53:43.894012+00:00,cellpose,62990661-C-200X_r00512_c01024.npy,62990661-C-200X.JPG,200,failed,2.0999999605919584e-06,RuntimeError: operator torchvision::nms does not exist
2026-08-30T06:53:43.907757+00:00,cellpose,62990661-C-200X_r00512_c01280.npy,62990661-C-200X.JPG,200,failed,1.9999999949504854e-06,RuntimeError: operator torchvision::nms does not exist
2026-08-30T06:53:43.920286+00:00,cellpose,62990661-C-200X_r00512_c01536.npy,62990661-C-200X.JPG,200,failed,1.7999999499807018e-06,RuntimeError: operator torchvision::nms does not exist
2026-08-30T06:53:43.931081+00:00,cellpose,62990661-C-200X_r00512_c01792.npy,62990661-C-200X.JPG,200,failed,2.999999992425728e-06,RuntimeError: operator torchvision::nms does not exist
2026-08-30T06:53:43.942175+00:00,cellpose,62990661-C-200X_r00512_c02048.npy,62990661-C-200X.JPG,200,failed,2.4000000848900527e-06,RuntimeError: operator torchvision::nms does not exist
2026-08-30T06:53:43.951869+00:00,cellpose,62990661-C-200X_r00512_c02304.npy,62990661-C-200X.JPG,200,failed,1.9999999949504854e-06,RuntimeError: operator torchvision::nms does not exist
2026-08-30T06:53:43.962660+00:00,cellpose,62990661-C-200X_r00512_c02560.npy,62990661-C-200X.JPG,200,failed,2.399999971203215e-06,RuntimeError: operator torchvision::nms does not exist
2026-08-30T06:53:43.972804+00:00,cellpose,62990661-C-200X_r00512_c02816.npy,62990661-C-200X.JPG,200,failed,1.9000000293090125e-06,RuntimeError: operator torchvision::nms does not exist
2026-08-30T06:53:43.982372+00:00,cellpose,62990661-C-200X_r00512_c02944.npy,62990661-C-200X.JPG,200,failed,2.100000074278796e-06,RuntimeError: operator torchvision::nms does not exist
2026-08-30T06:53:43.993886+00:00,cellpose,62990661-C-200X_r00768_c00000.npy,62990661-C-200X.JPG,200,failed,1.9999999949504854e-06,RuntimeError: operator torchvision::nms does not exist
2026-08-30T06:53:44.003126+00:00,cellpose,62990661-C-200X_r00768_c00256.npy,62990661-C-200X.JPG,200,failed,1.6999999843392288e-06,RuntimeError: operator torchvision::nms does not exist
2026-08-30T06:53:44.018647+00:00,cellpose,62990661-C-200X_r00768_c00512.npy,62990661-C-200X.JPG,200,failed,2.0999999605919584e-06,RuntimeError: operator torchvision::nms does not exist
2026-08-30T06:53:44.028917+00:00,cellpose,62990661-C-200X_r00768_c00768.npy,62990661-C-200X.JPG,200,failed,1.9999999949504854e-06,RuntimeError: operator torchvision::nms does not exist
2026-08-30T06:53:44.039807+00:00,cellpose,62990661-C-200X_r00768_c01024.npy,62990661-C-200X.JPG,200,failed,1.6999999843392288e-06,RuntimeError: operator torchvision::nms does not exist
2026-08-30T06:53:44.055015+00:00,cellpose,62990661-C-200X_r00768_c01280.npy,62990661-C-200X.JPG,200,failed,2.300000005561742e-06,RuntimeError: operator torchvision::nms does not exist
2026-08-30T06:53:44.067274+00:00,cellpose,62990661-C-200X_r00768_c01536.npy,62990661-C-200X.JPG,200,failed,1.8999999156221747e-06,RuntimeError: operator torchvision::nms does not exist
2026-08-30T06:53:44.079643+00:00,cellpose,62990661-C-200X_r00768_c01792.npy,62990661-C-200X.JPG,200,failed,2.0999999605919584e-06,RuntimeError: operator torchvision::nms does not exist
2026-08-30T06:53:44.094212+00:00,cellpose,62990661-C-200X_r00768_c02048.npy,62990661-C-200X.JPG,200,failed,1.9000000293090125e-06,RuntimeError: operator torchvision::nms does not exist
2026-08-30T06:53:44.105667+00:00,cellpose,62990661-C-200X_r00768_c02304.npy,62990661-C-200X.JPG,200,failed,2.5000000505315256e-06,RuntimeError: operator torchvision::nms does not exist
2026-08-30T06:53:44.116669+00:00,cellpose,62990661-C-200X_r00768_c02560.npy,62990661-C-200X.JPG,200,failed,2.1999999262334313e-06,RuntimeError: operator torchvision::nms does not exist
2026-08-30T06:53:44.128871+00:00,cellpose,62990661-C-200X_r00768_c02816.npy,62990661-C-200X.JPG,200,failed,2.5000000505315256e-06,RuntimeError: operator torchvision::nms does not exist
2026-08-30T06:53:44.139754+00:00,cellpose,62990661-C-200X_r00768_c02944.npy,62990661-C-200X.JPG,200,failed,1.9999999949504854e-06,RuntimeError: operator torchvision::nms does not exist
2026-08-30T06:53:44.150275+00:00,cellpose,62990661-C-200X_r01024_c00000.npy,62990661-C-200X.JPG,200,failed,1.8999999156221747e-06,RuntimeError: operator torchvision::nms does not exist
2026-08-30T06:53:44.159597+00:00,cellpose,62990661-C-200X_r01024_c00256.npy,62990661-C-200X.JPG,200,failed,2.399999971203215e-06,RuntimeError: operator torchvision::nms does not exist
2026-08-30T06:53:44.175866+00:00,cellpose,62990661-C-200X_r01024_c00512.npy,62990661-C-200X.JPG,200,failed,1.9000000293090125e-06,RuntimeError: operator torchvision::nms does not exist
2026-08-30T06:53:44.190433+00:00,cellpose,62990661-C-200X_r01024_c00768.npy,62990661-C-200X.JPG,200,failed,2.300000005561742e-06,RuntimeError: operator torchvision::nms does not exist
2026-08-30T06:53:44.200726+00:00,cellpose,62990661-C-200X_r01024_c01024.npy,62990661-C-200X.JPG,200,failed,1.9000000293090125e-06,RuntimeError: operator torchvision::nms does not exist
2026-08-30T06:53:44.211283+00:00,cellpose,62990661-C-200X_r01024_c01280.npy,62990661-C-200X.JPG,200,failed,2.300000005561742e-06,RuntimeError: operator torchvision::nms does not exist
2026-08-30T06:53:44.224988+00:00,cellpose,62990661-C-200X_r01024_c01536.npy,62990661-C-200X.JPG,200,failed,2.200000039920269e-06,RuntimeError: operator torchvision::nms does not exist
2026-08-30T06:53:44.237281+00:00,cellpose,62990661-C-200X_r01024_c01792.npy,62990661-C-200X.JPG,200,failed,1.9999999949504854e-06,RuntimeError: operator torchvision::nms does not exist
2026-08-30T06:53:44.249344+00:00,cellpose,62990661-C-200X_r01024_c02048.npy,62990661-C-200X.JPG,200,failed,2.6000000161729986e-06,RuntimeError: operator torchvision::nms does not exist
2026-08-30T06:53:44.259306+00:00,cellpose,62990661-C-200X_r01024_c02304.npy,62990661-C-200X.JPG,200,failed,2.7000000955013093e-06,RuntimeError: operator torchvision::nms does not exist
2026-08-30T06:53:44.277110+00:00,cellpose,62990661-C-200X_r01024_c02560.npy,62990661-C-200X.JPG,200,failed,2.6999999818144715e-06,RuntimeError: operator torchvision::nms does not exist
2026-08-30T06:53:44.288899+00:00,cellpose,62990661-C-200X_r01024_c02816.npy,62990661-C-200X.JPG,200,failed,2.5000000505315256e-06,RuntimeError: operator torchvision::nms does not exist
2026-08-30T06:53:44.304748+00:00,cellpose,62990661-C-200X_r01024_c02944.npy,62990661-C-200X.JPG,200,failed,1.6999999843392288e-06,RuntimeError: operator torchvision::nms does not exist
2026-08-30T06:53:44.320912+00:00,cellpose,62990661-C-200X_r01280_c00000.npy,62990661-C-200X.JPG,200,failed,1.9000000293090125e-06,RuntimeError: operator torchvision::nms does not exist
2026-08-30T06:53:44.335609+00:00,cellpose,62990661-C-200X_r01280_c00256.npy,62990661-C-200X.JPG,200,failed,1.8999999156221747e-06,RuntimeError: operator torchvision::nms does not exist
2026-08-30T06:53:44.345477+00:00,cellpose,62990661-C-200X_r01280_c00512.npy,62990661-C-200X.JPG,200,failed,1.7999999499807018e-06,RuntimeError: operator torchvision::nms does not exist
2026-08-30T06:53:44.355016+00:00,cellpose,62990661-C-200X_r01280_c00768.npy,62990661-C-200X.JPG,200,failed,1.6999999843392288e-06,RuntimeError: operator torchvision::nms does not exist
2026-08-30T06:53:44.368858+00:00,cellpose,62990661-C-200X_r01280_c01024.npy,62990661-C-200X.JPG,200,failed,2.100000074278796e-06,RuntimeError: operator torchvision::nms does not exist
2026-08-30T06:53:44.380633+00:00,cellpose,62990661-C-200X_r01280_c01280.npy,62990661-C-200X.JPG,200,failed,2.0999999605919584e-06,RuntimeError: operator torchvision::nms does not exist
2026-08-30T06:53:44.392334+00:00,cellpose,62990661-C-200X_r01280_c01536.npy,62990661-C-200X.JPG,200,failed,2.300000005561742e-06,RuntimeError: operator torchvision::nms does not exist
2026-08-30T06:53:44.401794+00:00,cellpose,62990661-C-200X_r01280_c01792.npy,62990661-C-200X.JPG,200,failed,1.9999999949504854e-06,RuntimeError: operator torchvision::nms does not exist
2026-08-30T06:53:44.415814+00:00,cellpose,62990661-C-200X_r01280_c02048.npy,62990661-C-200X.JPG,200,failed,2.300000005561742e-06,RuntimeError: operator torchvision::nms does not exist
2026-08-30T06:53:44.430182+00:00,cellpose,62990661-C-200X_r01280_c02304.npy,62990661-C-200X.JPG,200,failed,1.9000000293090125e-06,RuntimeError: operator torchvision::nms does not exist
2026-08-30T06:53:44.445908+00:00,cellpose,62990661-C-200X_r01280_c02560.npy,62990661-C-200X.JPG,200,failed,2.0999999605919584e-06,RuntimeError: operator torchvision::nms does not exist
2026-08-30T06:53:44.460045+00:00,cellpose,62990661-C-200X_r01280_c02816.npy,62990661-C-200X.JPG,200,failed,1.9000000293090125e-06,RuntimeError: operator torchvision::nms does not exist
2026-08-30T06:53:44.475574+00:00,cellpose,62990661-C-200X_r01280_c02944.npy,62990661-C-200X.JPG,200,failed,1.9000000293090125e-06,RuntimeError: operator torchvision::nms does not exist
2026-08-30T06:53:44.485409+00:00,cellpose,62990661-C-200X_r01536_c00000.npy,62990661-C-200X.JPG,200,failed,1.9999999949504854e-06,RuntimeError: operator torchvision::nms does not exist
2026-08-30T06:53:44.496660+00:00,cellpose,62990661-C-200X_r01536_c00256.npy,62990661-C-200X.JPG,200,failed,1.9000000293090125e-06,RuntimeError: operator torchvision::nms does not exist
2026-08-30T06:53:44.507299+00:00,cellpose,62990661-C-200X_r01536_c00512.npy,62990661-C-200X.JPG,200,failed,1.8000000636675395e-06,RuntimeError: operator torchvision::nms does not exist
2026-08-30T06:53:44.516890+00:00,cellpose,62990661-C-200X_r01536_c00768.npy,62990661-C-200X.JPG,200,failed,1.9000000293090125e-06,RuntimeError: operator torchvision::nms does not exist
2026-08-30T06:53:44.528739+00:00,cellpose,62990661-C-200X_r01536_c01024.npy,62990661-C-200X.JPG,200,failed,2.399999971203215e-06,RuntimeError: operator torchvision::nms does not exist
2026-08-30T06:53:44.539070+00:00,cellpose,62990661-C-200X_r01536_c01280.npy,62990661-C-200X.JPG,200,failed,1.6999999843392288e-06,RuntimeError: operator torchvision::nms does not exist
2026-08-30T06:53:44.549541+00:00,cellpose,62990661-C-200X_r01536_c01536.npy,62990661-C-200X.JPG,200,failed,1.9999999949504854e-06,RuntimeError: operator torchvision::nms does not exist
2026-08-30T06:53:44.562454+00:00,cellpose,62990661-C-200X_r01536_c01792.npy,62990661-C-200X.JPG,200,failed,1.7999999499807018e-06,RuntimeError: operator torchvision::nms does not exist
2026-08-30T06:53:44.572263+00:00,cellpose,62990661-C-200X_r01536_c02048.npy,62990661-C-200X.JPG,200,failed,2.0999999605919584e-06,RuntimeError: operator torchvision::nms does not exist
2026-08-30T06:53:44.583859+00:00,cellpose,62990661-C-200X_r01536_c02304.npy,62990661-C-200X.JPG,200,failed,1.6999999843392288e-06,RuntimeError: operator torchvision::nms does not exist
2026-08-30T06:53:44.595952+00:00,cellpose,62990661-C-200X_r01536_c02560.npy,62990661-C-200X.JPG,200,failed,2.100000074278796e-06,RuntimeError: operator torchvision::nms does not exist
2026-08-30T06:53:44.606873+00:00,cellpose,62990661-C-200X_r01536_c02816.npy,62990661-C-200X.JPG,200,failed,2.0999999605919584e-06,RuntimeError: operator torchvision::nms does not exist
2026-08-30T06:53:44.617751+00:00,cellpose,62990661-C-200X_r01536_c02944.npy,62990661-C-200X.JPG,200,failed,1.6999999843392288e-06,RuntimeError: operator torchvision::nms does not exist
2026-08-30T06:53:44.629185+00:00,cellpose,62990661-C-200X_r01792_c00000.npy,62990661-C-200X.JPG,200,failed,1.9000000293090125e-06,RuntimeError: operator torchvision::nms does not exist
2026-08-30T06:53:44.640516+00:00,cellpose,62990661-C-200X_r01792_c00256.npy,62990661-C-200X.JPG,200,failed,1.9000000293090125e-06,RuntimeError: operator torchvision::nms does not exist
2026-08-30T06:53:44.653190+00:00,cellpose,62990661-C-200X_r01792_c00512.npy,62990661-C-200X.JPG,200,failed,1.7999999499807018e-06,RuntimeError: operator torchvision::nms does not exist
2026-08-30T06:53:44.666174+00:00,cellpose,62990661-C-200X_r01792_c00768.npy,62990661-C-200X.JPG,200,failed,2.300000005561742e-06,RuntimeError: operator torchvision::nms does not exist
2026-08-30T06:53:44.676471+00:00,cellpose,62990661-C-200X_r01792_c01024.npy,62990661-C-200X.JPG,200,failed,2.200000039920269e-06,RuntimeError: operator torchvision::nms does not exist
2026-08-30T06:53:44.687064+00:00,cellpose,62990661-C-200X_r01792_c01280.npy,62990661-C-200X.JPG,200,failed,1.8000000636675395e-06,RuntimeError: operator torchvision::nms does not exist
2026-08-30T06:53:44.697524+00:00,cellpose,62990661-C-200X_r01792_c01536.npy,62990661-C-200X.JPG,200,failed,1.9000000293090125e-06,RuntimeError: operator torchvision::nms does not exist
2026-08-30T06:53:44.708669+00:00,cellpose,62990661-C-200X_r01792_c01792.npy,62990661-C-200X.JPG,200,failed,1.7999999499807018e-06,RuntimeError: operator torchvision::nms does not exist
2026-08-30T06:53:44.722871+00:00,cellpose,62990661-C-200X_r01792_c02048.npy,62990661-C-200X.JPG,200,failed,1.9000000293090125e-06,RuntimeError: operator torchvision::nms does not exist
2026-08-30T06:53:44.737020+00:00,cellpose,62990661-C-200X_r01792_c02304.npy,62990661-C-200X.JPG,200,failed,1.589999999396241e-05,RuntimeError: operator torchvision::nms does not exist
2026-08-30T06:53:44.749847+00:00,cellpose,62990661-C-200X_r01792_c02560.npy,62990661-C-200X.JPG,200,failed,1.9999999949504854e-06,RuntimeError: operator torchvision::nms does not exist
2026-08-30T06:53:44.761145+00:00,cellpose,62990661-C-200X_r01792_c02816.npy,62990661-C-200X.JPG,200,failed,1.9999999949504854e-06,RuntimeError: operator torchvision::nms does not exist
2026-08-30T06:53:44.771450+00:00,cellpose,62990661-C-200X_r01792_c02944.npy,62990661-C-200X.JPG,200,failed,2.100000074278796e-06,RuntimeError: operator torchvision::nms does not exist
2026-08-30T06:53:44.780898+00:00,cellpose,62990661-R-100X_r00000_c00000.npy,62990661-R-100X.JPG,100,failed,2.200000039920269e-06,RuntimeError: operator torchvision::nms does not exist
2026-08-30T06:53:44.795948+00:00,cellpose,62990661-R-100X_r00000_c00256.npy,62990661-R-100X.JPG,100,failed,2.7999999474559445e-06,RuntimeError: operator torchvision::nms does not exist
2026-08-30T06:53:44.806548+00:00,cellpose,62990661-R-100X_r00000_c00512.npy,62990661-R-100X.JPG,100,failed,1.8000000636675395e-06,RuntimeError: operator torchvision::nms does not exist
2026-08-30T06:53:44.822707+00:00,cellpose,62990661-R-100X_r00000_c00768.npy,62990661-R-100X.JPG,100,failed,1.9000000293090125e-06,RuntimeError: operator torchvision::nms does not exist
2026-08-30T06:53:44.832799+00:00,cellpose,62990661-R-100X_r00000_c01024.npy,62990661-R-100X.JPG,100,failed,1.9000000293090125e-06,RuntimeError: operator torchvision::nms does not exist
2026-08-30T06:53:44.847592+00:00,cellpose,62990661-R-100X_r00000_c01280.npy,62990661-R-100X.JPG,100,failed,1.9999999949504854e-06,RuntimeError: operator torchvision::nms does not exist
2026-08-30T06:53:44.856428+00:00,cellpose,62990661-R-100X_r00000_c01536.npy,62990661-R-100X.JPG,100,failed,1.6000000186977559e-06,RuntimeError: operator torchvision::nms does not exist
2026-08-30T06:53:44.866291+00:00,cellpose,62990661-R-100X_r00000_c01792.npy,62990661-R-100X.JPG,100,failed,1.9000000293090125e-06,RuntimeError: operator torchvision::nms does not exist
2026-08-30T06:53:44.879023+00:00,cellpose,62990661-R-100X_r00000_c02048.npy,62990661-R-100X.JPG,100,failed,1.9000000293090125e-06,RuntimeError: operator torchvision::nms does not exist
2026-08-30T06:53:44.888619+00:00,cellpose,62990661-R-100X_r00000_c02304.npy,62990661-R-100X.JPG,100,failed,1.9000000293090125e-06,RuntimeError: operator torchvision::nms does not exist
2026-08-30T06:53:44.900578+00:00,cellpose,62990661-R-100X_r00000_c02560.npy,62990661-R-100X.JPG,100,failed,2.300000005561742e-06,RuntimeError: operator torchvision::nms does not exist
2026-08-30T06:53:44.915777+00:00,cellpose,62990661-R-100X_r00000_c02816.npy,62990661-R-100X.JPG,100,failed,2.200000039920269e-06,RuntimeError: operator torchvision::nms does not exist
2026-08-30T06:53:44.926086+00:00,cellpose,62990661-R-100X_r00000_c02944.npy,62990661-R-100X.JPG,100,failed,2.200000039920269e-06,RuntimeError: operator torchvision::nms does not exist
2026-08-30T06:53:44.936393+00:00,cellpose,62990661-R-100X_r00256_c00000.npy,62990661-R-100X.JPG,100,failed,2.100000074278796e-06,RuntimeError: operator torchvision::nms does not exist
2026-08-30T06:53:44.946071+00:00,cellpose,62990661-R-100X_r00256_c00256.npy,62990661-R-100X.JPG,100,failed,1.9999999949504854e-06,RuntimeError: operator torchvision::nms does not exist
2026-08-30T06:53:44.956975+00:00,cellpose,62990661-R-100X_r00256_c00512.npy,62990661-R-100X.JPG,100,failed,1.9999999949504854e-06,RuntimeError: operator torchvision::nms does not exist
2026-08-30T06:53:44.971941+00:00,cellpose,62990661-R-100X_r00256_c00768.npy,62990661-R-100X.JPG,100,failed,1.6999999843392288e-06,RuntimeError: operator torchvision::nms does not exist
2026-08-30T06:53:44.982054+00:00,cellpose,62990661-R-100X_r00256_c01024.npy,62990661-R-100X.JPG,100,failed,2.300000005561742e-06,RuntimeError: operator torchvision::nms does not exist
2026-08-30T06:53:44.993392+00:00,cellpose,62990661-R-100X_r00256_c01280.npy,62990661-R-100X.JPG,100,failed,1.8000000636675395e-06,RuntimeError: operator torchvision::nms does not exist
2026-08-30T06:53:45.002509+00:00,cellpose,62990661-R-100X_r00256_c01536.npy,62990661-R-100X.JPG,100,failed,1.9999999949504854e-06,RuntimeError: operator torchvision::nms does not exist
2026-08-30T06:53:45.016852+00:00,cellpose,62990661-R-100X_r00256_c01792.npy,62990661-R-100X.JPG,100,failed,2.100000074278796e-06,RuntimeError: operator torchvision::nms does not exist
2026-08-30T06:53:45.026332+00:00,cellpose,62990661-R-100X_r00256_c02048.npy,62990661-R-100X.JPG,100,failed,2.200000039920269e-06,RuntimeError: operator torchvision::nms does not exist
2026-08-30T06:53:45.036443+00:00,cellpose,62990661-R-100X_r00256_c02304.npy,62990661-R-100X.JPG,100,failed,2.300000005561742e-06,RuntimeError: operator torchvision::nms does not exist
2026-08-30T06:53:45.049685+00:00,cellpose,62990661-R-100X_r00256_c02560.npy,62990661-R-100X.JPG,100,failed,2.0999999605919584e-06,RuntimeError: operator torchvision::nms does not exist
2026-08-30T06:53:45.059425+00:00,cellpose,62990661-R-100X_r00256_c02816.npy,62990661-R-100X.JPG,100,failed,2.2999998918749043e-06,RuntimeError: operator torchvision::nms does not exist
2026-08-30T06:53:45.072369+00:00,cellpose,62990661-R-100X_r00256_c02944.npy,62990661-R-100X.JPG,100,failed,1.6999999843392288e-06,RuntimeError: operator torchvision::nms does not exist
2026-08-30T06:53:45.086777+00:00,cellpose,62990661-R-100X_r00512_c00000.npy,62990661-R-100X.JPG,100,failed,1.9000000293090125e-06,RuntimeError: operator torchvision::nms does not exist
2026-08-30T06:53:45.096906+00:00,cellpose,62990661-R-100X_r00512_c00256.npy,62990661-R-100X.JPG,100,failed,2.100000074278796e-06,RuntimeError: operator torchvision::nms does not exist
2026-08-30T06:53:45.107113+00:00,cellpose,62990661-R-100X_r00512_c00512.npy,62990661-R-100X.JPG,100,failed,2.200000039920269e-06,RuntimeError: operator torchvision::nms does not exist
2026-08-30T06:53:45.118336+00:00,cellpose,62990661-R-100X_r00512_c00768.npy,62990661-R-100X.JPG,100,failed,2.100000074278796e-06,RuntimeError: operator torchvision::nms does not exist
2026-08-30T06:53:45.128066+00:00,cellpose,62990661-R-100X_r00512_c01024.npy,62990661-R-100X.JPG,100,failed,1.7999999499807018e-06,RuntimeError: operator torchvision::nms does not exist
2026-08-30T06:53:45.138873+00:00,cellpose,62990661-R-100X_r00512_c01280.npy,62990661-R-100X.JPG,100,failed,2.0999999605919584e-06,RuntimeError: operator torchvision::nms does not exist
2026-08-30T06:53:45.153345+00:00,cellpose,62990661-R-100X_r00512_c01536.npy,62990661-R-100X.JPG,100,failed,1.6999999843392288e-06,RuntimeError: operator torchvision::nms does not exist
2026-08-30T06:53:45.163659+00:00,cellpose,62990661-R-100X_r00512_c01792.npy,62990661-R-100X.JPG,100,failed,2.0999999605919584e-06,RuntimeError: operator torchvision::nms does not exist
2026-08-30T06:53:45.172832+00:00,cellpose,62990661-R-100X_r00512_c02048.npy,62990661-R-100X.JPG,100,failed,1.7999999499807018e-06,RuntimeError: operator torchvision::nms does not exist
2026-08-30T06:53:45.184032+00:00,cellpose,62990661-R-100X_r00512_c02304.npy,62990661-R-100X.JPG,100,failed,2.100000074278796e-06,RuntimeError: operator torchvision::nms does not exist
2026-08-30T06:53:45.196941+00:00,cellpose,62990661-R-100X_r00512_c02560.npy,62990661-R-100X.JPG,100,failed,2.1999999262334313e-06,RuntimeError: operator torchvision::nms does not exist
2026-08-30T06:53:45.213578+00:00,cellpose,62990661-R-100X_r00512_c02816.npy,62990661-R-100X.JPG,100,failed,2.300000005561742e-06,RuntimeError: operator torchvision::nms does not exist
2026-08-30T06:53:45.223262+00:00,cellpose,62990661-R-100X_r00512_c02944.npy,62990661-R-100X.JPG,100,failed,1.7999999499807018e-06,RuntimeError: operator torchvision::nms does not exist
2026-08-30T06:53:45.234263+00:00,cellpose,62990661-R-100X_r00768_c00000.npy,62990661-R-100X.JPG,100,failed,1.9000000293090125e-06,RuntimeError: operator torchvision::nms does not exist
2026-08-30T06:53:45.245898+00:00,cellpose,62990661-R-100X_r00768_c00256.npy,62990661-R-100X.JPG,100,failed,2.5000000505315256e-06,RuntimeError: operator torchvision::nms does not exist
2026-08-30T06:53:45.255436+00:00,cellpose,62990661-R-100X_r00768_c00512.npy,62990661-R-100X.JPG,100,failed,2.200000039920269e-06,RuntimeError: operator torchvision::nms does not exist
2026-08-30T06:53:45.266243+00:00,cellpose,62990661-R-100X_r00768_c00768.npy,62990661-R-100X.JPG,100,failed,1.8000000636675395e-06,RuntimeError: operator torchvision::nms does not exist
2026-08-30T06:53:45.276087+00:00,cellpose,62990661-R-100X_r00768_c01024.npy,62990661-R-100X.JPG,100,failed,1.9000000293090125e-06,RuntimeError: operator torchvision::nms does not exist
2026-08-30T06:53:45.286098+00:00,cellpose,62990661-R-100X_r00768_c01280.npy,62990661-R-100X.JPG,100,failed,2.200000039920269e-06,RuntimeError: operator torchvision::nms does not exist
2026-08-30T06:53:45.297895+00:00,cellpose,62990661-R-100X_r00768_c01536.npy,62990661-R-100X.JPG,100,failed,1.8999999156221747e-06,RuntimeError: operator torchvision::nms does not exist
2026-08-30T06:53:45.313248+00:00,cellpose,62990661-R-100X_r00768_c01792.npy,62990661-R-100X.JPG,100,failed,1.7999999499807018e-06,RuntimeError: operator torchvision::nms does not exist
2026-08-30T06:53:45.327909+00:00,cellpose,62990661-R-100X_r00768_c02048.npy,62990661-R-100X.JPG,100,failed,1.9000000293090125e-06,RuntimeError: operator torchvision::nms does not exist
2026-08-30T06:53:45.338088+00:00,cellpose,62990661-R-100X_r00768_c02304.npy,62990661-R-100X.JPG,100,failed,1.9999999949504854e-06,RuntimeError: operator torchvision::nms does not exist
2026-08-30T06:53:45.349244+00:00,cellpose,62990661-R-100X_r00768_c02560.npy,62990661-R-100X.JPG,100,failed,1.7999999499807018e-06,RuntimeError: operator torchvision::nms does not exist
2026-08-30T06:53:45.363781+00:00,cellpose,62990661-R-100X_r00768_c02816.npy,62990661-R-100X.JPG,100,failed,1.9000000293090125e-06,RuntimeError: operator torchvision::nms does not exist
2026-08-30T06:53:45.378353+00:00,cellpose,62990661-R-100X_r00768_c02944.npy,62990661-R-100X.JPG,100,failed,2.4000000848900527e-06,RuntimeError: operator torchvision::nms does not exist
2026-08-30T06:53:45.394290+00:00,cellpose,62990661-R-100X_r01024_c00000.npy,62990661-R-100X.JPG,100,failed,2.000000108637323e-06,RuntimeError: operator torchvision::nms does not exist
2026-08-30T06:53:45.405272+00:00,cellpose,62990661-R-100X_r01024_c00256.npy,62990661-R-100X.JPG,100,failed,2.300000005561742e-06,RuntimeError: operator torchvision::nms does not exist
2026-08-30T06:53:45.416559+00:00,cellpose,62990661-R-100X_r01024_c00512.npy,62990661-R-100X.JPG,100,failed,1.8000000636675395e-06,RuntimeError: operator torchvision::nms does not exist
2026-08-30T06:53:45.429040+00:00,cellpose,62990661-R-100X_r01024_c00768.npy,62990661-R-100X.JPG,100,failed,2.300000005561742e-06,RuntimeError: operator torchvision::nms does not exist
2026-08-30T06:53:45.440237+00:00,cellpose,62990661-R-100X_r01024_c01024.npy,62990661-R-100X.JPG,100,failed,1.9999999949504854e-06,RuntimeError: operator torchvision::nms does not exist
2026-08-30T06:53:45.451099+00:00,cellpose,62990661-R-100X_r01024_c01280.npy,62990661-R-100X.JPG,100,failed,1.7999999499807018e-06,RuntimeError: operator torchvision::nms does not exist
2026-08-30T06:53:45.464498+00:00,cellpose,62990661-R-100X_r01024_c01536.npy,62990661-R-100X.JPG,100,failed,1.9000000293090125e-06,RuntimeError: operator torchvision::nms does not exist
2026-08-30T06:53:45.473285+00:00,cellpose,62990661-R-100X_r01024_c01792.npy,62990661-R-100X.JPG,100,failed,1.8000000636675395e-06,RuntimeError: operator torchvision::nms does not exist
2026-08-30T06:53:45.487891+00:00,cellpose,62990661-R-100X_r01024_c02048.npy,62990661-R-100X.JPG,100,failed,1.8999999156221747e-06,RuntimeError: operator torchvision::nms does not exist
2026-08-30T06:53:45.498681+00:00,cellpose,62990661-R-100X_r01024_c02304.npy,62990661-R-100X.JPG,100,failed,1.9000000293090125e-06,RuntimeError: operator torchvision::nms does not exist
2026-08-30T06:53:45.513148+00:00,cellpose,62990661-R-100X_r01024_c02560.npy,62990661-R-100X.JPG,100,failed,2.399999971203215e-06,RuntimeError: operator torchvision::nms does not exist
2026-08-30T06:53:45.524684+00:00,cellpose,62990661-R-100X_r01024_c02816.npy,62990661-R-100X.JPG,100,failed,2.200000039920269e-06,RuntimeError: operator torchvision::nms does not exist
2026-08-30T06:53:45.535876+00:00,cellpose,62990661-R-100X_r01024_c02944.npy,62990661-R-100X.JPG,100,failed,1.9000000293090125e-06,RuntimeError: operator torchvision::nms does not exist
2026-08-30T06:53:45.548474+00:00,cellpose,62990661-R-100X_r01280_c00000.npy,62990661-R-100X.JPG,100,failed,1.9999999949504854e-06,RuntimeError: operator torchvision::nms does not exist
2026-08-30T06:53:45.562423+00:00,cellpose,62990661-R-100X_r01280_c00256.npy,62990661-R-100X.JPG,100,failed,2.300000005561742e-06,RuntimeError: operator torchvision::nms does not exist
2026-08-30T06:53:45.572782+00:00,cellpose,62990661-R-100X_r01280_c00512.npy,62990661-R-100X.JPG,100,failed,1.9999999949504854e-06,RuntimeError: operator torchvision::nms does not exist
2026-08-30T06:53:45.582521+00:00,cellpose,62990661-R-100X_r01280_c00768.npy,62990661-R-100X.JPG,100,failed,1.9999999949504854e-06,RuntimeError: operator torchvision::nms does not exist
2026-08-30T06:53:45.595257+00:00,cellpose,62990661-R-100X_r01280_c01024.npy,62990661-R-100X.JPG,100,failed,2.6999999818144715e-06,RuntimeError: operator torchvision::nms does not exist
2026-08-30T06:53:45.609126+00:00,cellpose,62990661-R-100X_r01280_c01280.npy,62990661-R-100X.JPG,100,failed,1.9999999949504854e-06,RuntimeError: operator torchvision::nms does not exist
2026-08-30T06:53:45.619322+00:00,cellpose,62990661-R-100X_r01280_c01536.npy,62990661-R-100X.JPG,100,failed,1.7999999499807018e-06,RuntimeError: operator torchvision::nms does not exist
2026-08-30T06:53:45.634271+00:00,cellpose,62990661-R-100X_r01280_c01792.npy,62990661-R-100X.JPG,100,failed,2.599999902486161e-06,RuntimeError: operator torchvision::nms does not exist
2026-08-30T06:53:45.647789+00:00,cellpose,62990661-R-100X_r01280_c02048.npy,62990661-R-100X.JPG,100,failed,1.8999999156221747e-06,RuntimeError: operator torchvision::nms does not exist
2026-08-30T06:53:45.660815+00:00,cellpose,62990661-R-100X_r01280_c02304.npy,62990661-R-100X.JPG,100,failed,1.7999999499807018e-06,RuntimeError: operator torchvision::nms does not exist
2026-08-30T06:53:45.671083+00:00,cellpose,62990661-R-100X_r01280_c02560.npy,62990661-R-100X.JPG,100,failed,2.399999971203215e-06,RuntimeError: operator torchvision::nms does not exist
2026-08-30T06:53:45.685331+00:00,cellpose,62990661-R-100X_r01280_c02816.npy,62990661-R-100X.JPG,100,failed,2.399999971203215e-06,RuntimeError: operator torchvision::nms does not exist
2026-08-30T06:53:45.698908+00:00,cellpose,62990661-R-100X_r01280_c02944.npy,62990661-R-100X.JPG,100,failed,2.0999999605919584e-06,RuntimeError: operator torchvision::nms does not exist
2026-08-30T06:53:45.709673+00:00,cellpose,62990661-R-100X_r01536_c00000.npy,62990661-R-100X.JPG,100,failed,1.9999999949504854e-06,RuntimeError: operator torchvision::nms does not exist
2026-08-30T06:53:45.721128+00:00,cellpose,62990661-R-100X_r01536_c00256.npy,62990661-R-100X.JPG,100,failed,1.9999999949504854e-06,RuntimeError: operator torchvision::nms does not exist
2026-08-30T06:53:45.731941+00:00,cellpose,62990661-R-100X_r01536_c00512.npy,62990661-R-100X.JPG,100,failed,2.399999971203215e-06,RuntimeError: operator torchvision::nms does not exist
2026-08-30T06:53:45.746884+00:00,cellpose,62990661-R-100X_r01536_c00768.npy,62990661-R-100X.JPG,100,failed,1.9999999949504854e-06,RuntimeError: operator torchvision::nms does not exist
2026-08-30T06:53:45.759262+00:00,cellpose,62990661-R-100X_r01536_c01024.npy,62990661-R-100X.JPG,100,failed,2.200000039920269e-06,RuntimeError: operator torchvision::nms does not exist
2026-08-30T06:53:45.768642+00:00,cellpose,62990661-R-100X_r01536_c01280.npy,62990661-R-100X.JPG,100,failed,1.8000000636675395e-06,RuntimeError: operator torchvision::nms does not exist
2026-08-30T06:53:45.780878+00:00,cellpose,62990661-R-100X_r01536_c01536.npy,62990661-R-100X.JPG,100,failed,2.6000000161729986e-06,RuntimeError: operator torchvision::nms does not exist
2026-08-30T06:53:45.791387+00:00,cellpose,62990661-R-100X_r01536_c01792.npy,62990661-R-100X.JPG,100,failed,2.200000039920269e-06,RuntimeError: operator torchvision::nms does not exist
2026-08-30T06:53:45.803179+00:00,cellpose,62990661-R-100X_r01536_c02048.npy,62990661-R-100X.JPG,100,failed,2.1999999262334313e-06,RuntimeError: operator torchvision::nms does not exist
2026-08-30T06:53:45.815053+00:00,cellpose,62990661-R-100X_r01536_c02304.npy,62990661-R-100X.JPG,100,failed,1.7999999499807018e-06,RuntimeError: operator torchvision::nms does not exist
2026-08-30T06:53:45.832364+00:00,cellpose,62990661-R-100X_r01536_c02560.npy,62990661-R-100X.JPG,100,failed,2.0999999605919584e-06,RuntimeError: operator torchvision::nms does not exist
2026-08-30T06:53:45.842891+00:00,cellpose,62990661-R-100X_r01536_c02816.npy,62990661-R-100X.JPG,100,failed,1.8000000636675395e-06,RuntimeError: operator torchvision::nms does not exist
2026-08-30T06:53:45.854669+00:00,cellpose,62990661-R-100X_r01536_c02944.npy,62990661-R-100X.JPG,100,failed,1.8000000636675395e-06,RuntimeError: operator torchvision::nms does not exist
2026-08-30T06:53:45.868195+00:00,cellpose,62990661-R-100X_r01792_c00000.npy,62990661-R-100X.JPG,100,failed,1.9999999949504854e-06,RuntimeError: operator torchvision::nms does not exist
2026-08-30T06:53:45.881110+00:00,cellpose,62990661-R-100X_r01792_c00256.npy,62990661-R-100X.JPG,100,failed,2.300000005561742e-06,RuntimeError: operator torchvision::nms does not exist
2026-08-30T06:53:45.900282+00:00,cellpose,62990661-R-100X_r01792_c00512.npy,62990661-R-100X.JPG,100,failed,1.9000000293090125e-06,RuntimeError: operator torchvision::nms does not exist
2026-08-30T06:53:45.913190+00:00,cellpose,62990661-R-100X_r01792_c00768.npy,62990661-R-100X.JPG,100,failed,1.8000000636675395e-06,RuntimeError: operator torchvision::nms does not exist
2026-08-30T06:53:45.924259+00:00,cellpose,62990661-R-100X_r01792_c01024.npy,62990661-R-100X.JPG,100,failed,1.9000000293090125e-06,RuntimeError: operator torchvision::nms does not exist
2026-08-30T06:53:45.934941+00:00,cellpose,62990661-R-100X_r01792_c01280.npy,62990661-R-100X.JPG,100,failed,1.6999999843392288e-06,RuntimeError: operator torchvision::nms does not exist
2026-08-30T06:53:45.948182+00:00,cellpose,62990661-R-100X_r01792_c01536.npy,62990661-R-100X.JPG,100,failed,1.9999999949504854e-06,RuntimeError: operator torchvision::nms does not exist
2026-08-30T06:53:45.957727+00:00,cellpose,62990661-R-100X_r01792_c01792.npy,62990661-R-100X.JPG,100,failed,2.6999999818144715e-06,RuntimeError: operator torchvision::nms does not exist
2026-08-30T06:53:45.974881+00:00,cellpose,62990661-R-100X_r01792_c02048.npy,62990661-R-100X.JPG,100,failed,2.399999971203215e-06,RuntimeError: operator torchvision::nms does not exist
2026-08-30T06:53:45.984722+00:00,cellpose,62990661-R-100X_r01792_c02304.npy,62990661-R-100X.JPG,100,failed,1.9000000293090125e-06,RuntimeError: operator torchvision::nms does not exist
2026-08-30T06:53:45.997182+00:00,cellpose,62990661-R-100X_r01792_c02560.npy,62990661-R-100X.JPG,100,failed,1.9999999949504854e-06,RuntimeError: operator torchvision::nms does not exist
2026-08-30T06:53:46.011900+00:00,cellpose,62990661-R-100X_r01792_c02816.npy,62990661-R-100X.JPG,100,failed,1.9999999949504854e-06,RuntimeError: operator torchvision::nms does not exist
2026-08-30T06:53:46.024331+00:00,cellpose,62990661-R-100X_r01792_c02944.npy,62990661-R-100X.JPG,100,failed,2.0999999605919584e-06,RuntimeError: operator torchvision::nms does not exist
2026-08-30T06:53:46.042507+00:00,cellpose,62990661-R-200X_r00000_c00000.npy,62990661-R-200X.JPG,200,failed,2.7999999474559445e-06,RuntimeError: operator torchvision::nms does not exist
2026-08-30T06:53:46.053768+00:00,cellpose,62990661-R-200X_r00000_c00256.npy,62990661-R-200X.JPG,200,failed,2.0999999605919584e-06,RuntimeError: operator torchvision::nms does not exist
2026-08-30T06:53:46.065916+00:00,cellpose,62990661-R-200X_r00000_c00512.npy,62990661-R-200X.JPG,200,failed,1.7999999499807018e-06,RuntimeError: operator torchvision::nms does not exist
2026-08-30T06:53:46.075318+00:00,cellpose,62990661-R-200X_r00000_c00768.npy,62990661-R-200X.JPG,200,failed,2.399999971203215e-06,RuntimeError: operator torchvision::nms does not exist
2026-08-30T06:53:46.086584+00:00,cellpose,62990661-R-200X_r00000_c01024.npy,62990661-R-200X.JPG,200,failed,2.5000000505315256e-06,RuntimeError: operator torchvision::nms does not exist
2026-08-30T06:53:46.096575+00:00,cellpose,62990661-R-200X_r00000_c01280.npy,62990661-R-200X.JPG,200,failed,1.9000000293090125e-06,RuntimeError: operator torchvision::nms does not exist
2026-08-30T06:53:46.108626+00:00,cellpose,62990661-R-200X_r00000_c01536.npy,62990661-R-200X.JPG,200,failed,2.200000039920269e-06,RuntimeError: operator torchvision::nms does not exist
2026-08-30T06:53:46.121146+00:00,cellpose,62990661-R-200X_r00000_c01792.npy,62990661-R-200X.JPG,200,failed,1.9999999949504854e-06,RuntimeError: operator torchvision::nms does not exist
2026-08-30T06:53:46.132576+00:00,cellpose,62990661-R-200X_r00000_c02048.npy,62990661-R-200X.JPG,200,failed,1.8000000636675395e-06,RuntimeError: operator torchvision::nms does not exist
2026-08-30T06:53:46.143735+00:00,cellpose,62990661-R-200X_r00000_c02304.npy,62990661-R-200X.JPG,200,failed,2.6999999818144715e-06,RuntimeError: operator torchvision::nms does not exist
2026-08-30T06:53:46.156659+00:00,cellpose,62990661-R-200X_r00000_c02560.npy,62990661-R-200X.JPG,200,failed,2.6000000161729986e-06,RuntimeError: operator torchvision::nms does not exist
2026-08-30T06:53:46.167131+00:00,cellpose,62990661-R-200X_r00000_c02816.npy,62990661-R-200X.JPG,200,failed,1.9000000293090125e-06,RuntimeError: operator torchvision::nms does not exist
2026-08-30T06:53:46.179792+00:00,cellpose,62990661-R-200X_r00000_c02944.npy,62990661-R-200X.JPG,200,failed,2.0999999605919584e-06,RuntimeError: operator torchvision::nms does not exist
2026-08-30T06:53:46.191761+00:00,cellpose,62990661-R-200X_r00256_c00000.npy,62990661-R-200X.JPG,200,failed,1.7999999499807018e-06,RuntimeError: operator torchvision::nms does not exist
2026-08-30T06:53:46.200665+00:00,cellpose,62990661-R-200X_r00256_c00256.npy,62990661-R-200X.JPG,200,failed,1.6000000186977559e-06,RuntimeError: operator torchvision::nms does not exist
2026-08-30T06:53:46.215576+00:00,cellpose,62990661-R-200X_r00256_c00512.npy,62990661-R-200X.JPG,200,failed,2.399999971203215e-06,RuntimeError: operator torchvision::nms does not exist
2026-08-30T06:53:46.228773+00:00,cellpose,62990661-R-200X_r00256_c00768.npy,62990661-R-200X.JPG,200,failed,2.100000074278796e-06,RuntimeError: operator torchvision::nms does not exist
2026-08-30T06:53:46.239420+00:00,cellpose,62990661-R-200X_r00256_c01024.npy,62990661-R-200X.JPG,200,failed,1.6999999843392288e-06,RuntimeError: operator torchvision::nms does not exist
2026-08-30T06:53:46.256014+00:00,cellpose,62990661-R-200X_r00256_c01280.npy,62990661-R-200X.JPG,200,failed,1.8000000636675395e-06,RuntimeError: operator torchvision::nms does not exist
2026-08-30T06:53:46.266159+00:00,cellpose,62990661-R-200X_r00256_c01536.npy,62990661-R-200X.JPG,200,failed,2.100000074278796e-06,RuntimeError: operator torchvision::nms does not exist
2026-08-30T06:53:46.281593+00:00,cellpose,62990661-R-200X_r00256_c01792.npy,62990661-R-200X.JPG,200,failed,2.999999992425728e-06,RuntimeError: operator torchvision::nms does not exist
2026-08-30T06:53:46.294284+00:00,cellpose,62990661-R-200X_r00256_c02048.npy,62990661-R-200X.JPG,200,failed,1.6999999843392288e-06,RuntimeError: operator torchvision::nms does not exist
2026-08-30T06:53:46.304883+00:00,cellpose,62990661-R-200X_r00256_c02304.npy,62990661-R-200X.JPG,200,failed,2.200000039920269e-06,RuntimeError: operator torchvision::nms does not exist
2026-08-30T06:53:46.318052+00:00,cellpose,62990661-R-200X_r00256_c02560.npy,62990661-R-200X.JPG,200,failed,2.8000000611427822e-06,RuntimeError: operator torchvision::nms does not exist
2026-08-30T06:53:46.331513+00:00,cellpose,62990661-R-200X_r00256_c02816.npy,62990661-R-200X.JPG,200,failed,2.5000000505315256e-06,RuntimeError: operator torchvision::nms does not exist
2026-08-30T06:53:46.346437+00:00,cellpose,62990661-R-200X_r00256_c02944.npy,62990661-R-200X.JPG,200,failed,2.0999999605919584e-06,RuntimeError: operator torchvision::nms does not exist
2026-08-30T06:53:46.361213+00:00,cellpose,62990661-R-200X_r00512_c00000.npy,62990661-R-200X.JPG,200,failed,2.5000000505315256e-06,RuntimeError: operator torchvision::nms does not exist
2026-08-30T06:53:46.378182+00:00,cellpose,62990661-R-200X_r00512_c00256.npy,62990661-R-200X.JPG,200,failed,2.300000005561742e-06,RuntimeError: operator torchvision::nms does not exist
2026-08-30T06:53:46.387845+00:00,cellpose,62990661-R-200X_r00512_c00512.npy,62990661-R-200X.JPG,200,failed,1.9999999949504854e-06,RuntimeError: operator torchvision::nms does not exist
2026-08-30T06:53:46.403587+00:00,cellpose,62990661-R-200X_r00512_c00768.npy,62990661-R-200X.JPG,200,failed,2.100000074278796e-06,RuntimeError: operator torchvision::nms does not exist
2026-08-30T06:53:46.414457+00:00,cellpose,62990661-R-200X_r00512_c01024.npy,62990661-R-200X.JPG,200,failed,1.9999999949504854e-06,RuntimeError: operator torchvision::nms does not exist
2026-08-30T06:53:46.428194+00:00,cellpose,62990661-R-200X_r00512_c01280.npy,62990661-R-200X.JPG,200,failed,1.9999999949504854e-06,RuntimeError: operator torchvision::nms does not exist
2026-08-30T06:53:46.446344+00:00,cellpose,62990661-R-200X_r00512_c01536.npy,62990661-R-200X.JPG,200,failed,2.399999971203215e-06,RuntimeError: operator torchvision::nms does not exist
2026-08-30T06:53:46.457218+00:00,cellpose,62990661-R-200X_r00512_c01792.npy,62990661-R-200X.JPG,200,failed,1.7999999499807018e-06,RuntimeError: operator torchvision::nms does not exist
2026-08-30T06:53:46.469442+00:00,cellpose,62990661-R-200X_r00512_c02048.npy,62990661-R-200X.JPG,200,failed,1.8000000636675395e-06,RuntimeError: operator torchvision::nms does not exist
2026-08-30T06:53:46.483898+00:00,cellpose,62990661-R-200X_r00512_c02304.npy,62990661-R-200X.JPG,200,failed,1.9999999949504854e-06,RuntimeError: operator torchvision::nms does not exist
2026-08-30T06:53:46.493875+00:00,cellpose,62990661-R-200X_r00512_c02560.npy,62990661-R-200X.JPG,200,failed,1.9000000293090125e-06,RuntimeError: operator torchvision::nms does not exist
2026-08-30T06:53:46.505843+00:00,cellpose,62990661-R-200X_r00512_c02816.npy,62990661-R-200X.JPG,200,failed,1.6999999843392288e-06,RuntimeError: operator torchvision::nms does not exist
2026-08-30T06:53:46.521357+00:00,cellpose,62990661-R-200X_r00512_c02944.npy,62990661-R-200X.JPG,200,failed,1.8000000636675395e-06,RuntimeError: operator torchvision::nms does not exist
2026-08-30T06:53:46.532429+00:00,cellpose,62990661-R-200X_r00768_c00000.npy,62990661-R-200X.JPG,200,failed,1.8999999156221747e-06,RuntimeError: operator torchvision::nms does not exist
2026-08-30T06:53:46.542582+00:00,cellpose,62990661-R-200X_r00768_c00256.npy,62990661-R-200X.JPG,200,failed,2.0999999605919584e-06,RuntimeError: operator torchvision::nms does not exist
2026-08-30T06:53:46.552309+00:00,cellpose,62990661-R-200X_r00768_c00512.npy,62990661-R-200X.JPG,200,failed,1.6999999843392288e-06,RuntimeError: operator torchvision::nms does not exist
2026-08-30T06:53:46.563600+00:00,cellpose,62990661-R-200X_r00768_c00768.npy,62990661-R-200X.JPG,200,failed,2.200000039920269e-06,RuntimeError: operator torchvision::nms does not exist
2026-08-30T06:53:46.576015+00:00,cellpose,62990661-R-200X_r00768_c01024.npy,62990661-R-200X.JPG,200,failed,2.2299999955066596e-05,RuntimeError: operator torchvision::nms does not exist
2026-08-30T06:53:46.586405+00:00,cellpose,62990661-R-200X_r00768_c01280.npy,62990661-R-200X.JPG,200,failed,1.9999999949504854e-06,RuntimeError: operator torchvision::nms does not exist
2026-08-30T06:53:46.597897+00:00,cellpose,62990661-R-200X_r00768_c01536.npy,62990661-R-200X.JPG,200,failed,1.7999999499807018e-06,RuntimeError: operator torchvision::nms does not exist
2026-08-30T06:53:46.609658+00:00,cellpose,62990661-R-200X_r00768_c01792.npy,62990661-R-200X.JPG,200,failed,2.399999971203215e-06,RuntimeError: operator torchvision::nms does not exist
2026-08-30T06:53:46.624368+00:00,cellpose,62990661-R-200X_r00768_c02048.npy,62990661-R-200X.JPG,200,failed,2.0999999605919584e-06,RuntimeError: operator torchvision::nms does not exist
2026-08-30T06:53:46.634020+00:00,cellpose,62990661-R-200X_r00768_c02304.npy,62990661-R-200X.JPG,200,failed,1.7000000980260666e-06,RuntimeError: operator torchvision::nms does not exist
2026-08-30T06:53:46.646019+00:00,cellpose,62990661-R-200X_r00768_c02560.npy,62990661-R-200X.JPG,200,failed,1.8000000636675395e-06,RuntimeError: operator torchvision::nms does not exist
2026-08-30T06:53:46.656735+00:00,cellpose,62990661-R-200X_r00768_c02816.npy,62990661-R-200X.JPG,200,failed,1.9999999949504854e-06,RuntimeError: operator torchvision::nms does not exist
2026-08-30T06:53:46.666263+00:00,cellpose,62990661-R-200X_r00768_c02944.npy,62990661-R-200X.JPG,200,failed,2.0999999605919584e-06,RuntimeError: operator torchvision::nms does not exist
2026-08-30T06:53:46.676801+00:00,cellpose,62990661-R-200X_r01024_c00000.npy,62990661-R-200X.JPG,200,failed,1.9000000293090125e-06,RuntimeError: operator torchvision::nms does not exist
2026-08-30T06:53:46.689617+00:00,cellpose,62990661-R-200X_r01024_c00256.npy,62990661-R-200X.JPG,200,failed,1.7999999499807018e-06,RuntimeError: operator torchvision::nms does not exist
2026-08-30T06:53:46.703572+00:00,cellpose,62990661-R-200X_r01024_c00512.npy,62990661-R-200X.JPG,200,failed,1.6999999843392288e-06,RuntimeError: operator torchvision::nms does not exist
2026-08-30T06:53:46.714960+00:00,cellpose,62990661-R-200X_r01024_c00768.npy,62990661-R-200X.JPG,200,failed,1.9999999949504854e-06,RuntimeError: operator torchvision::nms does not exist
2026-08-30T06:53:46.728416+00:00,cellpose,62990661-R-200X_r01024_c01024.npy,62990661-R-200X.JPG,200,failed,2.0999999605919584e-06,RuntimeError: operator torchvision::nms does not exist
2026-08-30T06:53:46.740087+00:00,cellpose,62990661-R-200X_r01024_c01280.npy,62990661-R-200X.JPG,200,failed,1.9000000293090125e-06,RuntimeError: operator torchvision::nms does not exist
2026-08-30T06:53:46.749576+00:00,cellpose,62990661-R-200X_r01024_c01536.npy,62990661-R-200X.JPG,200,failed,1.7999999499807018e-06,RuntimeError: operator torchvision::nms does not exist
2026-08-30T06:53:46.760698+00:00,cellpose,62990661-R-200X_r01024_c01792.npy,62990661-R-200X.JPG,200,failed,2.300000005561742e-06,RuntimeError: operator torchvision::nms does not exist
2026-08-30T06:53:46.770377+00:00,cellpose,62990661-R-200X_r01024_c02048.npy,62990661-R-200X.JPG,200,failed,1.8999999156221747e-06,RuntimeError: operator torchvision::nms does not exist
2026-08-30T06:53:46.786356+00:00,cellpose,62990661-R-200X_r01024_c02304.npy,62990661-R-200X.JPG,200,failed,2.300000005561742e-06,RuntimeError: operator torchvision::nms does not exist
2026-08-30T06:53:46.798491+00:00,cellpose,62990661-R-200X_r01024_c02560.npy,62990661-R-200X.JPG,200,failed,1.8999999156221747e-06,RuntimeError: operator torchvision::nms does not exist
2026-08-30T06:53:46.809275+00:00,cellpose,62990661-R-200X_r01024_c02816.npy,62990661-R-200X.JPG,200,failed,1.9000000293090125e-06,RuntimeError: operator torchvision::nms does not exist
2026-08-30T06:53:46.821835+00:00,cellpose,62990661-R-200X_r01024_c02944.npy,62990661-R-200X.JPG,200,failed,2.0999999605919584e-06,RuntimeError: operator torchvision::nms does not exist
2026-08-30T06:53:46.834332+00:00,cellpose,62990661-R-200X_r01280_c00000.npy,62990661-R-200X.JPG,200,failed,1.7999999499807018e-06,RuntimeError: operator torchvision::nms does not exist
2026-08-30T06:53:46.844711+00:00,cellpose,62990661-R-200X_r01280_c00256.npy,62990661-R-200X.JPG,200,failed,1.7000000980260666e-06,RuntimeError: operator torchvision::nms does not exist
2026-08-30T06:53:46.854486+00:00,cellpose,62990661-R-200X_r01280_c00512.npy,62990661-R-200X.JPG,200,failed,1.9999999949504854e-06,RuntimeError: operator torchvision::nms does not exist
2026-08-30T06:53:46.864492+00:00,cellpose,62990661-R-200X_r01280_c00768.npy,62990661-R-200X.JPG,200,failed,1.7999999499807018e-06,RuntimeError: operator torchvision::nms does not exist
2026-08-30T06:53:46.876034+00:00,cellpose,62990661-R-200X_r01280_c01024.npy,62990661-R-200X.JPG,200,failed,2.6000000161729986e-06,RuntimeError: operator torchvision::nms does not exist
2026-08-30T06:53:46.887550+00:00,cellpose,62990661-R-200X_r01280_c01280.npy,62990661-R-200X.JPG,200,failed,1.7999999499807018e-06,RuntimeError: operator torchvision::nms does not exist
2026-08-30T06:53:46.902312+00:00,cellpose,62990661-R-200X_r01280_c01536.npy,62990661-R-200X.JPG,200,failed,1.7999999499807018e-06,RuntimeError: operator torchvision::nms does not exist
2026-08-30T06:53:46.912845+00:00,cellpose,62990661-R-200X_r01280_c01792.npy,62990661-R-200X.JPG,200,failed,1.9999999949504854e-06,RuntimeError: operator torchvision::nms does not exist
2026-08-30T06:53:46.921999+00:00,cellpose,62990661-R-200X_r01280_c02048.npy,62990661-R-200X.JPG,200,failed,1.8999999156221747e-06,RuntimeError: operator torchvision::nms does not exist
2026-08-30T06:53:46.932394+00:00,cellpose,62990661-R-200X_r01280_c02304.npy,62990661-R-200X.JPG,200,failed,1.7999999499807018e-06,RuntimeError: operator torchvision::nms does not exist
2026-08-30T06:53:46.942716+00:00,cellpose,62990661-R-200X_r01280_c02560.npy,62990661-R-200X.JPG,200,failed,2.100000074278796e-06,RuntimeError: operator torchvision::nms does not exist
2026-08-30T06:53:46.953666+00:00,cellpose,62990661-R-200X_r01280_c02816.npy,62990661-R-200X.JPG,200,failed,1.9000000293090125e-06,RuntimeError: operator torchvision::nms does not exist
2026-08-30T06:53:46.964897+00:00,cellpose,62990661-R-200X_r01280_c02944.npy,62990661-R-200X.JPG,200,failed,1.8000000636675395e-06,RuntimeError: operator torchvision::nms does not exist
2026-08-30T06:53:46.977343+00:00,cellpose,62990661-R-200X_r01536_c00000.npy,62990661-R-200X.JPG,200,failed,2.0999999605919584e-06,RuntimeError: operator torchvision::nms does not exist
2026-08-30T06:53:46.988388+00:00,cellpose,62990661-R-200X_r01536_c00256.npy,62990661-R-200X.JPG,200,failed,2.0999999605919584e-06,RuntimeError: operator torchvision::nms does not exist
2026-08-30T06:53:47.003922+00:00,cellpose,62990661-R-200X_r01536_c00512.npy,62990661-R-200X.JPG,200,failed,1.9999999949504854e-06,RuntimeError: operator torchvision::nms does not exist
2026-08-30T06:53:47.018163+00:00,cellpose,62990661-R-200X_r01536_c00768.npy,62990661-R-200X.JPG,200,failed,1.9999999949504854e-06,RuntimeError: operator torchvision::nms does not exist
2026-08-30T06:53:47.032862+00:00,cellpose,62990661-R-200X_r01536_c01024.npy,62990661-R-200X.JPG,200,failed,2.200000039920269e-06,RuntimeError: operator torchvision::nms does not exist
2026-08-30T06:53:47.042865+00:00,cellpose,62990661-R-200X_r01536_c01280.npy,62990661-R-200X.JPG,200,failed,2.999999992425728e-06,RuntimeError: operator torchvision::nms does not exist
2026-08-30T06:53:47.054327+00:00,cellpose,62990661-R-200X_r01536_c01536.npy,62990661-R-200X.JPG,200,failed,1.6999999843392288e-06,RuntimeError: operator torchvision::nms does not exist
2026-08-30T06:53:47.069009+00:00,cellpose,62990661-R-200X_r01536_c01792.npy,62990661-R-200X.JPG,200,failed,1.9000000293090125e-06,RuntimeError: operator torchvision::nms does not exist
2026-08-30T06:53:47.079391+00:00,cellpose,62990661-R-200X_r01536_c02048.npy,62990661-R-200X.JPG,200,failed,1.8999999156221747e-06,RuntimeError: operator torchvision::nms does not exist
2026-08-30T06:53:47.090086+00:00,cellpose,62990661-R-200X_r01536_c02304.npy,62990661-R-200X.JPG,200,failed,1.8000000636675395e-06,RuntimeError: operator torchvision::nms does not exist
2026-08-30T06:53:47.099631+00:00,cellpose,62990661-R-200X_r01536_c02560.npy,62990661-R-200X.JPG,200,failed,2.6000000161729986e-06,RuntimeError: operator torchvision::nms does not exist
2026-08-30T06:53:47.111756+00:00,cellpose,62990661-R-200X_r01536_c02816.npy,62990661-R-200X.JPG,200,failed,1.9000000293090125e-06,RuntimeError: operator torchvision::nms does not exist
2026-08-30T06:53:47.125393+00:00,cellpose,62990661-R-200X_r01536_c02944.npy,62990661-R-200X.JPG,200,failed,2.100000074278796e-06,RuntimeError: operator torchvision::nms does not exist
2026-08-30T06:53:47.135956+00:00,cellpose,62990661-R-200X_r01792_c00000.npy,62990661-R-200X.JPG,200,failed,1.8999999156221747e-06,RuntimeError: operator torchvision::nms does not exist
2026-08-30T06:53:47.146150+00:00,cellpose,62990661-R-200X_r01792_c00256.npy,62990661-R-200X.JPG,200,failed,1.8000000636675395e-06,RuntimeError: operator torchvision::nms does not exist
2026-08-30T06:53:47.157532+00:00,cellpose,62990661-R-200X_r01792_c00512.npy,62990661-R-200X.JPG,200,failed,2.1999999262334313e-06,RuntimeError: operator torchvision::nms does not exist
2026-08-30T06:53:47.166884+00:00,cellpose,62990661-R-200X_r01792_c00768.npy,62990661-R-200X.JPG,200,failed,1.6999999843392288e-06,RuntimeError: operator torchvision::nms does not exist
2026-08-30T06:53:47.176877+00:00,cellpose,62990661-R-200X_r01792_c01024.npy,62990661-R-200X.JPG,200,failed,2.0999999605919584e-06,RuntimeError: operator torchvision::nms does not exist
2026-08-30T06:53:47.188385+00:00,cellpose,62990661-R-200X_r01792_c01280.npy,62990661-R-200X.JPG,200,failed,1.7999999499807018e-06,RuntimeError: operator torchvision::nms does not exist
2026-08-30T06:53:47.200517+00:00,cellpose,62990661-R-200X_r01792_c01536.npy,62990661-R-200X.JPG,200,failed,1.9999999949504854e-06,RuntimeError: operator torchvision::nms does not exist
2026-08-30T06:53:47.211112+00:00,cellpose,62990661-R-200X_r01792_c01792.npy,62990661-R-200X.JPG,200,failed,1.8000000636675395e-06,RuntimeError: operator torchvision::nms does not exist
2026-08-30T06:53:47.220387+00:00,cellpose,62990661-R-200X_r01792_c02048.npy,62990661-R-200X.JPG,200,failed,2.0999999605919584e-06,RuntimeError: operator torchvision::nms does not exist
2026-08-30T06:53:47.231348+00:00,cellpose,62990661-R-200X_r01792_c02304.npy,62990661-R-200X.JPG,200,failed,2.200000039920269e-06,RuntimeError: operator torchvision::nms does not exist
2026-08-30T06:53:47.240440+00:00,cellpose,62990661-R-200X_r01792_c02560.npy,62990661-R-200X.JPG,200,failed,2.100000074278796e-06,RuntimeError: operator torchvision::nms does not exist
2026-08-30T06:53:47.249901+00:00,cellpose,62990661-R-200X_r01792_c02816.npy,62990661-R-200X.JPG,200,failed,1.6999999843392288e-06,RuntimeError: operator torchvision::nms does not exist
2026-08-30T06:53:47.260229+00:00,cellpose,62990661-R-200X_r01792_c02944.npy,62990661-R-200X.JPG,200,failed,2.399999971203215e-06,RuntimeError: operator torchvision::nms does not exist
2026-08-30T06:53:47.899956+00:00,sam,62990661-C-100X_r00000_c00000.npy,62990661-C-100X.JPG,100,failed,9.000000318337698e-07,RuntimeError: operator torchvision::nms does not exist
2026-08-30T06:53:47.910138+00:00,sam,62990661-C-100X_r00000_c00256.npy,62990661-C-100X.JPG,100,failed,2.1999999262334313e-06,RuntimeError: operator torchvision::nms does not exist
2026-08-30T06:53:47.922582+00:00,sam,62990661-C-100X_r00000_c00512.npy,62990661-C-100X.JPG,100,failed,1.6999999843392288e-06,RuntimeError: operator torchvision::nms does not exist
2026-08-30T06:53:47.934000+00:00,sam,62990661-C-100X_r00000_c00768.npy,62990661-C-100X.JPG,100,failed,1.6000000186977559e-06,RuntimeError: operator torchvision::nms does not exist
2026-08-30T06:53:47.945012+00:00,sam,62990661-C-100X_r00000_c01024.npy,62990661-C-100X.JPG,100,failed,1.6999999843392288e-06,RuntimeError: operator torchvision::nms does not exist
2026-08-30T06:53:47.955016+00:00,sam,62990661-C-100X_r00000_c01280.npy,62990661-C-100X.JPG,100,failed,1.6999999843392288e-06,RuntimeError: operator torchvision::nms does not exist
2026-08-30T06:53:47.965118+00:00,sam,62990661-C-100X_r00000_c01536.npy,62990661-C-100X.JPG,100,failed,1.6000000186977559e-06,RuntimeError: operator torchvision::nms does not exist
2026-08-30T06:53:47.976732+00:00,sam,62990661-C-100X_r00000_c01792.npy,62990661-C-100X.JPG,100,failed,1.9999999949504854e-06,RuntimeError: operator torchvision::nms does not exist
2026-08-30T06:53:47.987115+00:00,sam,62990661-C-100X_r00000_c02048.npy,62990661-C-100X.JPG,100,failed,1.9999999949504854e-06,RuntimeError: operator torchvision::nms does not exist
2026-08-30T06:53:47.998818+00:00,sam,62990661-C-100X_r00000_c02304.npy,62990661-C-100X.JPG,100,failed,1.9000000293090125e-06,RuntimeError: operator torchvision::nms does not exist
2026-08-30T06:53:48.011276+00:00,sam,62990661-C-100X_r00000_c02560.npy,62990661-C-100X.JPG,100,failed,1.8999999156221747e-06,RuntimeError: operator torchvision::nms does not exist
2026-08-30T06:53:48.021604+00:00,sam,62990661-C-100X_r00000_c02816.npy,62990661-C-100X.JPG,100,failed,1.6999999843392288e-06,RuntimeError: operator torchvision::nms does not exist
2026-08-30T06:53:48.036738+00:00,sam,62990661-C-100X_r00000_c02944.npy,62990661-C-100X.JPG,100,failed,1.500000053056283e-06,RuntimeError: operator torchvision::nms does not exist
2026-08-30T06:53:48.050145+00:00,sam,62990661-C-100X_r00256_c00000.npy,62990661-C-100X.JPG,100,failed,1.9999999949504854e-06,RuntimeError: operator torchvision::nms does not exist
2026-08-30T06:53:48.060418+00:00,sam,62990661-C-100X_r00256_c00256.npy,62990661-C-100X.JPG,100,failed,1.6999999843392288e-06,RuntimeError: operator torchvision::nms does not exist
2026-08-30T06:53:48.071304+00:00,sam,62990661-C-100X_r00256_c00512.npy,62990661-C-100X.JPG,100,failed,1.6000000186977559e-06,RuntimeError: operator torchvision::nms does not exist
2026-08-30T06:53:48.082563+00:00,sam,62990661-C-100X_r00256_c00768.npy,62990661-C-100X.JPG,100,failed,1.7999999499807018e-06,RuntimeError: operator torchvision::nms does not exist
2026-08-30T06:53:48.098028+00:00,sam,62990661-C-100X_r00256_c01024.npy,62990661-C-100X.JPG,100,failed,1.6999999843392288e-06,RuntimeError: operator torchvision::nms does not exist
2026-08-30T06:53:48.110209+00:00,sam,62990661-C-100X_r00256_c01280.npy,62990661-C-100X.JPG,100,failed,1.6999999843392288e-06,RuntimeError: operator torchvision::nms does not exist
2026-08-30T06:53:48.124737+00:00,sam,62990661-C-100X_r00256_c01536.npy,62990661-C-100X.JPG,100,failed,1.6999999843392288e-06,RuntimeError: operator torchvision::nms does not exist
2026-08-30T06:53:48.138460+00:00,sam,62990661-C-100X_r00256_c01792.npy,62990661-C-100X.JPG,100,failed,1.6000000186977559e-06,RuntimeError: operator torchvision::nms does not exist
2026-08-30T06:53:48.150105+00:00,sam,62990661-C-100X_r00256_c02048.npy,62990661-C-100X.JPG,100,failed,1.6000000186977559e-06,RuntimeError: operator torchvision::nms does not exist
2026-08-30T06:53:48.161405+00:00,sam,62990661-C-100X_r00256_c02304.npy,62990661-C-100X.JPG,100,failed,1.6999999843392288e-06,RuntimeError: operator torchvision::nms does not exist
2026-08-30T06:53:48.171185+00:00,sam,62990661-C-100X_r00256_c02560.npy,62990661-C-100X.JPG,100,failed,1.6999999843392288e-06,RuntimeError: operator torchvision::nms does not exist
2026-08-30T06:53:48.183430+00:00,sam,62990661-C-100X_r00256_c02816.npy,62990661-C-100X.JPG,100,failed,1.6000000186977559e-06,RuntimeError: operator torchvision::nms does not exist
2026-08-30T06:53:48.194330+00:00,sam,62990661-C-100X_r00256_c02944.npy,62990661-C-100X.JPG,100,failed,1.8999999156221747e-06,RuntimeError: operator torchvision::nms does not exist
2026-08-30T06:53:48.204616+00:00,sam,62990661-C-100X_r00512_c00000.npy,62990661-C-100X.JPG,100,failed,1.9999999949504854e-06,RuntimeError: operator torchvision::nms does not exist
2026-08-30T06:53:48.217688+00:00,sam,62990661-C-100X_r00512_c00256.npy,62990661-C-100X.JPG,100,failed,1.9999999949504854e-06,RuntimeError: operator torchvision::nms does not exist
2026-08-30T06:53:48.231782+00:00,sam,62990661-C-100X_r00512_c00512.npy,62990661-C-100X.JPG,100,failed,2.499999936844688e-06,RuntimeError: operator torchvision::nms does not exist
2026-08-30T06:53:48.241300+00:00,sam,62990661-C-100X_r00512_c00768.npy,62990661-C-100X.JPG,100,failed,2.4000000848900527e-06,RuntimeError: operator torchvision::nms does not exist
2026-08-30T06:53:48.253470+00:00,sam,62990661-C-100X_r00512_c01024.npy,62990661-C-100X.JPG,100,failed,1.8000000636675395e-06,RuntimeError: operator torchvision::nms does not exist
2026-08-30T06:53:48.266109+00:00,sam,62990661-C-100X_r00512_c01280.npy,62990661-C-100X.JPG,100,failed,1.8000000636675395e-06,RuntimeError: operator torchvision::nms does not exist
2026-08-30T06:53:48.355792+00:00,sam,62990661-C-100X_r00512_c01536.npy,62990661-C-100X.JPG,100,failed,2.0999999605919584e-06,RuntimeError: operator torchvision::nms does not exist
2026-08-30T06:53:48.368767+00:00,sam,62990661-C-100X_r00512_c01792.npy,62990661-C-100X.JPG,100,failed,1.8999999156221747e-06,RuntimeError: operator torchvision::nms does not exist
2026-08-30T06:53:48.380398+00:00,sam,62990661-C-100X_r00512_c02048.npy,62990661-C-100X.JPG,100,failed,1.9000000293090125e-06,RuntimeError: operator torchvision::nms does not exist
2026-08-30T06:53:48.392129+00:00,sam,62990661-C-100X_r00512_c02304.npy,62990661-C-100X.JPG,100,failed,2.1999999262334313e-06,RuntimeError: operator torchvision::nms does not exist
2026-08-30T06:53:48.405459+00:00,sam,62990661-C-100X_r00512_c02560.npy,62990661-C-100X.JPG,100,failed,1.6999999843392288e-06,RuntimeError: operator torchvision::nms does not exist
2026-08-30T06:53:48.417204+00:00,sam,62990661-C-100X_r00512_c02816.npy,62990661-C-100X.JPG,100,failed,2.6000000161729986e-06,RuntimeError: operator torchvision::nms does not exist
2026-08-30T06:53:48.430025+00:00,sam,62990661-C-100X_r00512_c02944.npy,62990661-C-100X.JPG,100,failed,1.8000000636675395e-06,RuntimeError: operator torchvision::nms does not exist
2026-08-30T06:53:48.440269+00:00,sam,62990661-C-100X_r00768_c00000.npy,62990661-C-100X.JPG,100,failed,2.200000039920269e-06,RuntimeError: operator torchvision::nms does not exist
2026-08-30T06:53:48.451639+00:00,sam,62990661-C-100X_r00768_c00256.npy,62990661-C-100X.JPG,100,failed,1.6999999843392288e-06,RuntimeError: operator torchvision::nms does not exist
2026-08-30T06:53:48.464004+00:00,sam,62990661-C-100X_r00768_c00512.npy,62990661-C-100X.JPG,100,failed,1.9999999949504854e-06,RuntimeError: operator torchvision::nms does not exist
2026-08-30T06:53:48.475847+00:00,sam,62990661-C-100X_r00768_c00768.npy,62990661-C-100X.JPG,100,failed,1.6999999843392288e-06,RuntimeError: operator torchvision::nms does not exist
2026-08-30T06:53:48.486888+00:00,sam,62990661-C-100X_r00768_c01024.npy,62990661-C-100X.JPG,100,failed,1.6999999843392288e-06,RuntimeError: operator torchvision::nms does not exist
2026-08-30T06:53:48.498019+00:00,sam,62990661-C-100X_r00768_c01280.npy,62990661-C-100X.JPG,100,failed,1.6000000186977559e-06,RuntimeError: operator torchvision::nms does not exist
2026-08-30T06:53:48.509271+00:00,sam,62990661-C-100X_r00768_c01536.npy,62990661-C-100X.JPG,100,failed,2.399999971203215e-06,RuntimeError: operator torchvision::nms does not exist
2026-08-30T06:53:48.519554+00:00,sam,62990661-C-100X_r00768_c01792.npy,62990661-C-100X.JPG,100,failed,1.9999999949504854e-06,RuntimeError: operator torchvision::nms does not exist
2026-08-30T06:53:48.531343+00:00,sam,62990661-C-100X_r00768_c02048.npy,62990661-C-100X.JPG,100,failed,1.6000000186977559e-06,RuntimeError: operator torchvision::nms does not exist
2026-08-30T06:53:48.541484+00:00,sam,62990661-C-100X_r00768_c02304.npy,62990661-C-100X.JPG,100,failed,1.6999999843392288e-06,RuntimeError: operator torchvision::nms does not exist
2026-08-30T06:53:48.552743+00:00,sam,62990661-C-100X_r00768_c02560.npy,62990661-C-100X.JPG,100,failed,1.9999999949504854e-06,RuntimeError: operator torchvision::nms does not exist
2026-08-30T06:53:48.562634+00:00,sam,62990661-C-100X_r00768_c02816.npy,62990661-C-100X.JPG,100,failed,1.9999999949504854e-06,RuntimeError: operator torchvision::nms does not exist
2026-08-30T06:53:48.576877+00:00,sam,62990661-C-100X_r00768_c02944.npy,62990661-C-100X.JPG,100,failed,2.0999999605919584e-06,RuntimeError: operator torchvision::nms does not exist
2026-08-30T06:53:48.587843+00:00,sam,62990661-C-100X_r01024_c00000.npy,62990661-C-100X.JPG,100,failed,1.9000000293090125e-06,RuntimeError: operator torchvision::nms does not exist
2026-08-30T06:53:48.599447+00:00,sam,62990661-C-100X_r01024_c00256.npy,62990661-C-100X.JPG,100,failed,1.4999999393694452e-06,RuntimeError: operator torchvision::nms does not exist
2026-08-30T06:53:48.609107+00:00,sam,62990661-C-100X_r01024_c00512.npy,62990661-C-100X.JPG,100,failed,1.8000000636675395e-06,RuntimeError: operator torchvision::nms does not exist
2026-08-30T06:53:48.618925+00:00,sam,62990661-C-100X_r01024_c00768.npy,62990661-C-100X.JPG,100,failed,2.399999971203215e-06,RuntimeError: operator torchvision::nms does not exist
2026-08-30T06:53:48.630684+00:00,sam,62990661-C-100X_r01024_c01024.npy,62990661-C-100X.JPG,100,failed,1.8999999156221747e-06,RuntimeError: operator torchvision::nms does not exist
2026-08-30T06:53:48.642029+00:00,sam,62990661-C-100X_r01024_c01280.npy,62990661-C-100X.JPG,100,failed,1.6999999843392288e-06,RuntimeError: operator torchvision::nms does not exist
2026-08-30T06:53:48.652522+00:00,sam,62990661-C-100X_r01024_c01536.npy,62990661-C-100X.JPG,100,failed,1.6000000186977559e-06,RuntimeError: operator torchvision::nms does not exist
2026-08-30T06:53:48.662843+00:00,sam,62990661-C-100X_r01024_c01792.npy,62990661-C-100X.JPG,100,failed,1.6999999843392288e-06,RuntimeError: operator torchvision::nms does not exist
2026-08-30T06:53:48.675439+00:00,sam,62990661-C-100X_r01024_c02048.npy,62990661-C-100X.JPG,100,failed,1.7000000980260666e-06,RuntimeError: operator torchvision::nms does not exist
2026-08-30T06:53:48.689266+00:00,sam,62990661-C-100X_r01024_c02304.npy,62990661-C-100X.JPG,100,failed,1.6999999843392288e-06,RuntimeError: operator torchvision::nms does not exist
2026-08-30T06:53:48.698757+00:00,sam,62990661-C-100X_r01024_c02560.npy,62990661-C-100X.JPG,100,failed,1.9999999949504854e-06,RuntimeError: operator torchvision::nms does not exist
2026-08-30T06:53:48.710278+00:00,sam,62990661-C-100X_r01024_c02816.npy,62990661-C-100X.JPG,100,failed,2.4000000848900527e-06,RuntimeError: operator torchvision::nms does not exist
2026-08-30T06:53:48.720325+00:00,sam,62990661-C-100X_r01024_c02944.npy,62990661-C-100X.JPG,100,failed,1.7999999499807018e-06,RuntimeError: operator torchvision::nms does not exist
2026-08-30T06:53:48.730371+00:00,sam,62990661-C-100X_r01280_c00000.npy,62990661-C-100X.JPG,100,failed,1.6999999843392288e-06,RuntimeError: operator torchvision::nms does not exist
2026-08-30T06:53:48.744168+00:00,sam,62990661-C-100X_r01280_c00256.npy,62990661-C-100X.JPG,100,failed,2.6999999818144715e-06,RuntimeError: operator torchvision::nms does not exist
2026-08-30T06:53:48.759484+00:00,sam,62990661-C-100X_r01280_c00512.npy,62990661-C-100X.JPG,100,failed,2.200000039920269e-06,RuntimeError: operator torchvision::nms does not exist
2026-08-30T06:53:48.770371+00:00,sam,62990661-C-100X_r01280_c00768.npy,62990661-C-100X.JPG,100,failed,1.8000000636675395e-06,RuntimeError: operator torchvision::nms does not exist
2026-08-30T06:53:48.782008+00:00,sam,62990661-C-100X_r01280_c01024.npy,62990661-C-100X.JPG,100,failed,2.100000074278796e-06,RuntimeError: operator torchvision::nms does not exist
2026-08-30T06:53:48.793782+00:00,sam,62990661-C-100X_r01280_c01280.npy,62990661-C-100X.JPG,100,failed,1.7999999499807018e-06,RuntimeError: operator torchvision::nms does not exist
2026-08-30T06:53:48.803660+00:00,sam,62990661-C-100X_r01280_c01536.npy,62990661-C-100X.JPG,100,failed,1.6000000186977559e-06,RuntimeError: operator torchvision::nms does not exist
2026-08-30T06:53:48.815685+00:00,sam,62990661-C-100X_r01280_c01792.npy,62990661-C-100X.JPG,100,failed,1.8000000636675395e-06,RuntimeError: operator torchvision::nms does not exist
2026-08-30T06:53:48.825266+00:00,sam,62990661-C-100X_r01280_c02048.npy,62990661-C-100X.JPG,100,failed,1.6000000186977559e-06,RuntimeError: operator torchvision::nms does not exist
2026-08-30T06:53:48.836322+00:00,sam,62990661-C-100X_r01280_c02304.npy,62990661-C-100X.JPG,100,failed,1.8000000636675395e-06,RuntimeError: operator torchvision::nms does not exist
2026-08-30T06:53:48.847114+00:00,sam,62990661-C-100X_r01280_c02560.npy,62990661-C-100X.JPG,100,failed,1.8000000636675395e-06,RuntimeError: operator torchvision::nms does not exist
2026-08-30T06:53:48.856542+00:00,sam,62990661-C-100X_r01280_c02816.npy,62990661-C-100X.JPG,100,failed,1.9999999949504854e-06,RuntimeError: operator torchvision::nms does not exist
2026-08-30T06:53:48.868363+00:00,sam,62990661-C-100X_r01280_c02944.npy,62990661-C-100X.JPG,100,failed,1.6999999843392288e-06,RuntimeError: operator torchvision::nms does not exist
2026-08-30T06:53:48.880878+00:00,sam,62990661-C-100X_r01536_c00000.npy,62990661-C-100X.JPG,100,failed,1.8000000636675395e-06,RuntimeError: operator torchvision::nms does not exist
2026-08-30T06:53:48.892799+00:00,sam,62990661-C-100X_r01536_c00256.npy,62990661-C-100X.JPG,100,failed,1.6000000186977559e-06,RuntimeError: operator torchvision::nms does not exist
2026-08-30T06:53:48.903014+00:00,sam,62990661-C-100X_r01536_c00512.npy,62990661-C-100X.JPG,100,failed,1.6999999843392288e-06,RuntimeError: operator torchvision::nms does not exist
2026-08-30T06:53:48.915399+00:00,sam,62990661-C-100X_r01536_c00768.npy,62990661-C-100X.JPG,100,failed,2.300000005561742e-06,RuntimeError: operator torchvision::nms does not exist
2026-08-30T06:53:48.926729+00:00,sam,62990661-C-100X_r01536_c01024.npy,62990661-C-100X.JPG,100,failed,1.9000000293090125e-06,RuntimeError: operator torchvision::nms does not exist
2026-08-30T06:53:48.937917+00:00,sam,62990661-C-100X_r01536_c01280.npy,62990661-C-100X.JPG,100,failed,1.7999999499807018e-06,RuntimeError: operator torchvision::nms does not exist
2026-08-30T06:53:48.948947+00:00,sam,62990661-C-100X_r01536_c01536.npy,62990661-C-100X.JPG,100,failed,1.7999999499807018e-06,RuntimeError: operator torchvision::nms does not exist
2026-08-30T06:53:48.960591+00:00,sam,62990661-C-100X_r01536_c01792.npy,62990661-C-100X.JPG,100,failed,1.6000000186977559e-06,RuntimeError: operator torchvision::nms does not exist
2026-08-30T06:53:48.974289+00:00,sam,62990661-C-100X_r01536_c02048.npy,62990661-C-100X.JPG,100,failed,1.9999999949504854e-06,RuntimeError: operator torchvision::nms does not exist
2026-08-30T06:53:48.987802+00:00,sam,62990661-C-100X_r01536_c02304.npy,62990661-C-100X.JPG,100,failed,1.7999999499807018e-06,RuntimeError: operator torchvision::nms does not exist
2026-08-30T06:53:49.000342+00:00,sam,62990661-C-100X_r01536_c02560.npy,62990661-C-100X.JPG,100,failed,1.9999999949504854e-06,RuntimeError: operator torchvision::nms does not exist
2026-08-30T06:53:49.009952+00:00,sam,62990661-C-100X_r01536_c02816.npy,62990661-C-100X.JPG,100,failed,1.8000000636675395e-06,RuntimeError: operator torchvision::nms does not exist
2026-08-30T06:53:49.024150+00:00,sam,62990661-C-100X_r01536_c02944.npy,62990661-C-100X.JPG,100,failed,1.9999999949504854e-06,RuntimeError: operator torchvision::nms does not exist
2026-08-30T06:53:49.037456+00:00,sam,62990661-C-100X_r01792_c00000.npy,62990661-C-100X.JPG,100,failed,1.6999999843392288e-06,RuntimeError: operator torchvision::nms does not exist
2026-08-30T06:53:49.051521+00:00,sam,62990661-C-100X_r01792_c00256.npy,62990661-C-100X.JPG,100,failed,2.499999936844688e-06,RuntimeError: operator torchvision::nms does not exist
2026-08-30T06:53:49.062120+00:00,sam,62990661-C-100X_r01792_c00512.npy,62990661-C-100X.JPG,100,failed,1.9999999949504854e-06,RuntimeError: operator torchvision::nms does not exist
2026-08-30T06:53:49.077149+00:00,sam,62990661-C-100X_r01792_c00768.npy,62990661-C-100X.JPG,100,failed,2.499999936844688e-06,RuntimeError: operator torchvision::nms does not exist
2026-08-30T06:53:49.087559+00:00,sam,62990661-C-100X_r01792_c01024.npy,62990661-C-100X.JPG,100,failed,1.9000000293090125e-06,RuntimeError: operator torchvision::nms does not exist
2026-08-30T06:53:49.097698+00:00,sam,62990661-C-100X_r01792_c01280.npy,62990661-C-100X.JPG,100,failed,1.9000000293090125e-06,RuntimeError: operator torchvision::nms does not exist
2026-08-30T06:53:49.108801+00:00,sam,62990661-C-100X_r01792_c01536.npy,62990661-C-100X.JPG,100,failed,2.300000005561742e-06,RuntimeError: operator torchvision::nms does not exist
2026-08-30T06:53:49.119515+00:00,sam,62990661-C-100X_r01792_c01792.npy,62990661-C-100X.JPG,100,failed,1.9000000293090125e-06,RuntimeError: operator torchvision::nms does not exist
2026-08-30T06:53:49.133390+00:00,sam,62990661-C-100X_r01792_c02048.npy,62990661-C-100X.JPG,100,failed,2.200000039920269e-06,RuntimeError: operator torchvision::nms does not exist
2026-08-30T06:53:49.144477+00:00,sam,62990661-C-100X_r01792_c02304.npy,62990661-C-100X.JPG,100,failed,1.8000000636675395e-06,RuntimeError: operator torchvision::nms does not exist
2026-08-30T06:53:49.154726+00:00,sam,62990661-C-100X_r01792_c02560.npy,62990661-C-100X.JPG,100,failed,1.9000000293090125e-06,RuntimeError: operator torchvision::nms does not exist
2026-08-30T06:53:49.164145+00:00,sam,62990661-C-100X_r01792_c02816.npy,62990661-C-100X.JPG,100,failed,1.6999999843392288e-06,RuntimeError: operator torchvision::nms does not exist
2026-08-30T06:53:49.177278+00:00,sam,62990661-C-100X_r01792_c02944.npy,62990661-C-100X.JPG,100,failed,1.9999999949504854e-06,RuntimeError: operator torchvision::nms does not exist
2026-08-30T06:53:49.208100+00:00,sam,62990661-C-200X_r00000_c00000.npy,62990661-C-200X.JPG,200,failed,9.999999974752427e-07,RuntimeError: operator torchvision::nms does not exist
2026-08-30T06:53:49.216530+00:00,sam,62990661-C-200X_r00000_c00256.npy,62990661-C-200X.JPG,200,failed,1.2000000424450263e-06,RuntimeError: operator torchvision::nms does not exist
2026-08-30T06:53:49.228276+00:00,sam,62990661-C-200X_r00000_c00512.npy,62990661-C-200X.JPG,200,failed,1.9000000293090125e-06,RuntimeError: operator torchvision::nms does not exist
2026-08-30T06:53:49.237619+00:00,sam,62990661-C-200X_r00000_c00768.npy,62990661-C-200X.JPG,200,failed,1.500000053056283e-06,RuntimeError: operator torchvision::nms does not exist
2026-08-30T06:53:49.251272+00:00,sam,62990661-C-200X_r00000_c01024.npy,62990661-C-200X.JPG,200,failed,1.8000000636675395e-06,RuntimeError: operator torchvision::nms does not exist
2026-08-30T06:53:49.261613+00:00,sam,62990661-C-200X_r00000_c01280.npy,62990661-C-200X.JPG,200,failed,1.6999999843392288e-06,RuntimeError: operator torchvision::nms does not exist
2026-08-30T06:53:49.273500+00:00,sam,62990661-C-200X_r00000_c01536.npy,62990661-C-200X.JPG,200,failed,1.7999999499807018e-06,RuntimeError: operator torchvision::nms does not exist
2026-08-30T06:53:49.284933+00:00,sam,62990661-C-200X_r00000_c01792.npy,62990661-C-200X.JPG,200,failed,1.7000000980260666e-06,RuntimeError: operator torchvision::nms does not exist
2026-08-30T06:53:49.294955+00:00,sam,62990661-C-200X_r00000_c02048.npy,62990661-C-200X.JPG,200,failed,1.9999999949504854e-06,RuntimeError: operator torchvision::nms does not exist
2026-08-30T06:53:49.306128+00:00,sam,62990661-C-200X_r00000_c02304.npy,62990661-C-200X.JPG,200,failed,1.9000000293090125e-06,RuntimeError: operator torchvision::nms does not exist
2026-08-30T06:53:49.315898+00:00,sam,62990661-C-200X_r00000_c02560.npy,62990661-C-200X.JPG,200,failed,1.9000000293090125e-06,RuntimeError: operator torchvision::nms does not exist
2026-08-30T06:53:49.327061+00:00,sam,62990661-C-200X_r00000_c02816.npy,62990661-C-200X.JPG,200,failed,1.9000000293090125e-06,RuntimeError: operator torchvision::nms does not exist
2026-08-30T06:53:49.338455+00:00,sam,62990661-C-200X_r00000_c02944.npy,62990661-C-200X.JPG,200,failed,1.6999999843392288e-06,RuntimeError: operator torchvision::nms does not exist
2026-08-30T06:53:49.350420+00:00,sam,62990661-C-200X_r00256_c00000.npy,62990661-C-200X.JPG,200,failed,2.1999999262334313e-06,RuntimeError: operator torchvision::nms does not exist
2026-08-30T06:53:49.361282+00:00,sam,62990661-C-200X_r00256_c00256.npy,62990661-C-200X.JPG,200,failed,2.300000005561742e-06,RuntimeError: operator torchvision::nms does not exist
2026-08-30T06:53:49.372026+00:00,sam,62990661-C-200X_r00256_c00512.npy,62990661-C-200X.JPG,200,failed,1.9999999949504854e-06,RuntimeError: operator torchvision::nms does not exist
2026-08-30T06:53:49.389979+00:00,sam,62990661-C-200X_r00256_c00768.npy,62990661-C-200X.JPG,200,failed,2.300000005561742e-06,RuntimeError: operator torchvision::nms does not exist
2026-08-30T06:53:49.400198+00:00,sam,62990661-C-200X_r00256_c01024.npy,62990661-C-200X.JPG,200,failed,1.7999999499807018e-06,RuntimeError: operator torchvision::nms does not exist
2026-08-30T06:53:49.411116+00:00,sam,62990661-C-200X_r00256_c01280.npy,62990661-C-200X.JPG,200,failed,1.6000000186977559e-06,RuntimeError: operator torchvision::nms does not exist
2026-08-30T06:53:49.420390+00:00,sam,62990661-C-200X_r00256_c01536.npy,62990661-C-200X.JPG,200,failed,1.6999999843392288e-06,RuntimeError: operator torchvision::nms does not exist
2026-08-30T06:53:49.435793+00:00,sam,62990661-C-200X_r00256_c01792.npy,62990661-C-200X.JPG,200,failed,2.300000005561742e-06,RuntimeError: operator torchvision::nms does not exist
2026-08-30T06:53:49.445992+00:00,sam,62990661-C-200X_r00256_c02048.npy,62990661-C-200X.JPG,200,failed,1.6000000186977559e-06,RuntimeError: operator torchvision::nms does not exist
2026-08-30T06:53:49.457208+00:00,sam,62990661-C-200X_r00256_c02304.npy,62990661-C-200X.JPG,200,failed,1.9999999949504854e-06,RuntimeError: operator torchvision::nms does not exist
2026-08-30T06:53:49.468379+00:00,sam,62990661-C-200X_r00256_c02560.npy,62990661-C-200X.JPG,200,failed,1.5999999050109182e-06,RuntimeError: operator torchvision::nms does not exist
2026-08-30T06:53:49.478538+00:00,sam,62990661-C-200X_r00256_c02816.npy,62990661-C-200X.JPG,200,failed,1.9000000293090125e-06,RuntimeError: operator torchvision::nms does not exist
2026-08-30T06:53:49.487684+00:00,sam,62990661-C-200X_r00256_c02944.npy,62990661-C-200X.JPG,200,failed,1.6000000186977559e-06,RuntimeError: operator torchvision::nms does not exist
2026-08-30T06:53:49.498631+00:00,sam,62990661-C-200X_r00512_c00000.npy,62990661-C-200X.JPG,200,failed,1.9999999949504854e-06,RuntimeError: operator torchvision::nms does not exist
2026-08-30T06:53:49.508336+00:00,sam,62990661-C-200X_r00512_c00256.npy,62990661-C-200X.JPG,200,failed,1.6000000186977559e-06,RuntimeError: operator torchvision::nms does not exist
2026-08-30T06:53:49.524475+00:00,sam,62990661-C-200X_r00512_c00512.npy,62990661-C-200X.JPG,200,failed,1.7000000980260666e-06,RuntimeError: operator torchvision::nms does not exist
2026-08-30T06:53:49.536395+00:00,sam,62990661-C-200X_r00512_c00768.npy,62990661-C-200X.JPG,200,failed,2.399999971203215e-06,RuntimeError: operator torchvision::nms does not exist
2026-08-30T06:53:49.552194+00:00,sam,62990661-C-200X_r00512_c01024.npy,62990661-C-200X.JPG,200,failed,2.200000039920269e-06,RuntimeError: operator torchvision::nms does not exist
2026-08-30T06:53:49.562642+00:00,sam,62990661-C-200X_r00512_c01280.npy,62990661-C-200X.JPG,200,failed,1.6000000186977559e-06,RuntimeError: operator torchvision::nms does not exist
2026-08-30T06:53:49.571881+00:00,sam,62990661-C-200X_r00512_c01536.npy,62990661-C-200X.JPG,200,failed,1.6999999843392288e-06,RuntimeError: operator torchvision::nms does not exist
2026-08-30T06:53:49.584242+00:00,sam,62990661-C-200X_r00512_c01792.npy,62990661-C-200X.JPG,200,failed,1.6999999843392288e-06,RuntimeError: operator torchvision::nms does not exist
2026-08-30T06:53:49.599192+00:00,sam,62990661-C-200X_r00512_c02048.npy,62990661-C-200X.JPG,200,failed,1.6999999843392288e-06,RuntimeError: operator torchvision::nms does not exist
2026-08-30T06:53:49.609890+00:00,sam,62990661-C-200X_r00512_c02304.npy,62990661-C-200X.JPG,200,failed,2.000000108637323e-06,RuntimeError: operator torchvision::nms does not exist
2026-08-30T06:53:49.620800+00:00,sam,62990661-C-200X_r00512_c02560.npy,62990661-C-200X.JPG,200,failed,1.7000000980260666e-06,RuntimeError: operator torchvision::nms does not exist
2026-08-30T06:53:49.632539+00:00,sam,62990661-C-200X_r00512_c02816.npy,62990661-C-200X.JPG,200,failed,1.6999999843392288e-06,RuntimeError: operator torchvision::nms does not exist
2026-08-30T06:53:49.643612+00:00,sam,62990661-C-200X_r00512_c02944.npy,62990661-C-200X.JPG,200,failed,1.6999999843392288e-06,RuntimeError: operator torchvision::nms does not exist
2026-08-30T06:53:49.653843+00:00,sam,62990661-C-200X_r00768_c00000.npy,62990661-C-200X.JPG,200,failed,1.7999999499807018e-06,RuntimeError: operator torchvision::nms does not exist
2026-08-30T06:53:49.663523+00:00,sam,62990661-C-200X_r00768_c00256.npy,62990661-C-200X.JPG,200,failed,1.6000000186977559e-06,RuntimeError: operator torchvision::nms does not exist
2026-08-30T06:53:49.675268+00:00,sam,62990661-C-200X_r00768_c00512.npy,62990661-C-200X.JPG,200,failed,1.7999999499807018e-06,RuntimeError: operator torchvision::nms does not exist
2026-08-30T06:53:49.685124+00:00,sam,62990661-C-200X_r00768_c00768.npy,62990661-C-200X.JPG,200,failed,1.7999999499807018e-06,RuntimeError: operator torchvision::nms does not exist
2026-08-30T06:53:49.698568+00:00,sam,62990661-C-200X_r00768_c01024.npy,62990661-C-200X.JPG,200,failed,1.6999999843392288e-06,RuntimeError: operator torchvision::nms does not exist
2026-08-30T06:53:49.710470+00:00,sam,62990661-C-200X_r00768_c01280.npy,62990661-C-200X.JPG,200,failed,1.7999999499807018e-06,RuntimeError: operator torchvision::nms does not exist
2026-08-30T06:53:49.721370+00:00,sam,62990661-C-200X_r00768_c01536.npy,62990661-C-200X.JPG,200,failed,1.7999999499807018e-06,RuntimeError: operator torchvision::nms does not exist
2026-08-30T06:53:49.732298+00:00,sam,62990661-C-200X_r00768_c01792.npy,62990661-C-200X.JPG,200,failed,1.9999999949504854e-06,RuntimeError: operator torchvision::nms does not exist
2026-08-30T06:53:49.741832+00:00,sam,62990661-C-200X_r00768_c02048.npy,62990661-C-200X.JPG,200,failed,1.500000053056283e-06,RuntimeError: operator torchvision::nms does not exist
2026-08-30T06:53:49.753192+00:00,sam,62990661-C-200X_r00768_c02304.npy,62990661-C-200X.JPG,200,failed,1.6999999843392288e-06,RuntimeError: operator torchvision::nms does not exist
2026-08-30T06:53:49.763093+00:00,sam,62990661-C-200X_r00768_c02560.npy,62990661-C-200X.JPG,200,failed,1.6999999843392288e-06,RuntimeError: operator torchvision::nms does not exist
2026-08-30T06:53:49.774181+00:00,sam,62990661-C-200X_r00768_c02816.npy,62990661-C-200X.JPG,200,failed,2.300000005561742e-06,RuntimeError: operator torchvision::nms does not exist
2026-08-30T06:53:49.784070+00:00,sam,62990661-C-200X_r00768_c02944.npy,62990661-C-200X.JPG,200,failed,2.300000005561742e-06,RuntimeError: operator torchvision::nms does not exist
2026-08-30T06:53:49.796422+00:00,sam,62990661-C-200X_r01024_c00000.npy,62990661-C-200X.JPG,200,failed,1.8000000636675395e-06,RuntimeError: operator torchvision::nms does not exist
2026-08-30T06:53:49.808091+00:00,sam,62990661-C-200X_r01024_c00256.npy,62990661-C-200X.JPG,200,failed,1.9000000293090125e-06,RuntimeError: operator torchvision::nms does not exist
2026-08-30T06:53:49.817940+00:00,sam,62990661-C-200X_r01024_c00512.npy,62990661-C-200X.JPG,200,failed,2.300000005561742e-06,RuntimeError: operator torchvision::nms does not exist
2026-08-30T06:53:49.829840+00:00,sam,62990661-C-200X_r01024_c00768.npy,62990661-C-200X.JPG,200,failed,1.9999999949504854e-06,RuntimeError: operator torchvision::nms does not exist
2026-08-30T06:53:49.840885+00:00,sam,62990661-C-200X_r01024_c01024.npy,62990661-C-200X.JPG,200,failed,2.399999971203215e-06,RuntimeError: operator torchvision::nms does not exist
2026-08-30T06:53:49.856173+00:00,sam,62990661-C-200X_r01024_c01280.npy,62990661-C-200X.JPG,200,failed,1.9000000293090125e-06,RuntimeError: operator torchvision::nms does not exist
2026-08-30T06:53:49.867407+00:00,sam,62990661-C-200X_r01024_c01536.npy,62990661-C-200X.JPG,200,failed,1.7999999499807018e-06,RuntimeError: operator torchvision::nms does not exist
2026-08-30T06:53:49.877175+00:00,sam,62990661-C-200X_r01024_c01792.npy,62990661-C-200X.JPG,200,failed,1.9000000293090125e-06,RuntimeError: operator torchvision::nms does not exist
2026-08-30T06:53:49.892690+00:00,sam,62990661-C-200X_r01024_c02048.npy,62990661-C-200X.JPG,200,failed,1.7999999499807018e-06,RuntimeError: operator torchvision::nms does not exist
2026-08-30T06:53:49.903887+00:00,sam,62990661-C-200X_r01024_c02304.npy,62990661-C-200X.JPG,200,failed,1.6999999843392288e-06,RuntimeError: operator torchvision::nms does not exist
2026-08-30T06:53:49.917907+00:00,sam,62990661-C-200X_r01024_c02560.npy,62990661-C-200X.JPG,200,failed,1.9999999949504854e-06,RuntimeError: operator torchvision::nms does not exist
2026-08-30T06:53:49.930629+00:00,sam,62990661-C-200X_r01024_c02816.npy,62990661-C-200X.JPG,200,failed,1.6000000186977559e-06,RuntimeError: operator torchvision::nms does not exist
2026-08-30T06:53:49.942595+00:00,sam,62990661-C-200X_r01024_c02944.npy,62990661-C-200X.JPG,200,failed,1.9999999949504854e-06,RuntimeError: operator torchvision::nms does not exist
2026-08-30T06:53:49.952284+00:00,sam,62990661-C-200X_r01280_c00000.npy,62990661-C-200X.JPG,200,failed,1.6000000186977559e-06,RuntimeError: operator torchvision::nms does not exist
2026-08-30T06:53:49.969368+00:00,sam,62990661-C-200X_r01280_c00256.npy,62990661-C-200X.JPG,200,failed,2.0999999605919584e-06,RuntimeError: operator torchvision::nms does not exist
2026-08-30T06:53:49.981385+00:00,sam,62990661-C-200X_r01280_c00512.npy,62990661-C-200X.JPG,200,failed,2.0999999605919584e-06,RuntimeError: operator torchvision::nms does not exist
2026-08-30T06:53:49.991444+00:00,sam,62990661-C-200X_r01280_c00768.npy,62990661-C-200X.JPG,200,failed,1.7999999499807018e-06,RuntimeError: operator torchvision::nms does not exist
2026-08-30T06:53:50.001761+00:00,sam,62990661-C-200X_r01280_c01024.npy,62990661-C-200X.JPG,200,failed,1.6999999843392288e-06,RuntimeError: operator torchvision::nms does not exist
2026-08-30T06:53:50.011883+00:00,sam,62990661-C-200X_r01280_c01280.npy,62990661-C-200X.JPG,200,failed,1.7000000980260666e-06,RuntimeError: operator torchvision::nms does not exist
2026-08-30T06:53:50.023623+00:00,sam,62990661-C-200X_r01280_c01536.npy,62990661-C-200X.JPG,200,failed,2.6999999818144715e-06,RuntimeError: operator torchvision::nms does not exist
2026-08-30T06:53:50.039087+00:00,sam,62990661-C-200X_r01280_c01792.npy,62990661-C-200X.JPG,200,failed,1.9000000293090125e-06,RuntimeError: operator torchvision::nms does not exist
2026-08-30T06:53:50.051585+00:00,sam,62990661-C-200X_r01280_c02048.npy,62990661-C-200X.JPG,200,failed,1.6999999843392288e-06,RuntimeError: operator torchvision::nms does not exist
2026-08-30T06:53:50.062701+00:00,sam,62990661-C-200X_r01280_c02304.npy,62990661-C-200X.JPG,200,failed,2.100000074278796e-06,RuntimeError: operator torchvision::nms does not exist
2026-08-30T06:53:50.073280+00:00,sam,62990661-C-200X_r01280_c02560.npy,62990661-C-200X.JPG,200,failed,1.6999999843392288e-06,RuntimeError: operator torchvision::nms does not exist
2026-08-30T06:53:50.082689+00:00,sam,62990661-C-200X_r01280_c02816.npy,62990661-C-200X.JPG,200,failed,1.5999999050109182e-06,RuntimeError: operator torchvision::nms does not exist
2026-08-30T06:53:50.094451+00:00,sam,62990661-C-200X_r01280_c02944.npy,62990661-C-200X.JPG,200,failed,2.1999999262334313e-06,RuntimeError: operator torchvision::nms does not exist
2026-08-30T06:53:50.109229+00:00,sam,62990661-C-200X_r01536_c00000.npy,62990661-C-200X.JPG,200,failed,1.8000000636675395e-06,RuntimeError: operator torchvision::nms does not exist
2026-08-30T06:53:50.119621+00:00,sam,62990661-C-200X_r01536_c00256.npy,62990661-C-200X.JPG,200,failed,1.6000000186977559e-06,RuntimeError: operator torchvision::nms does not exist
2026-08-30T06:53:50.131813+00:00,sam,62990661-C-200X_r01536_c00512.npy,62990661-C-200X.JPG,200,failed,1.8999999156221747e-06,RuntimeError: operator torchvision::nms does not exist
2026-08-30T06:53:50.145926+00:00,sam,62990661-C-200X_r01536_c00768.npy,62990661-C-200X.JPG,200,failed,1.9999999949504854e-06,RuntimeError: operator torchvision::nms does not exist
2026-08-30T06:53:50.158194+00:00,sam,62990661-C-200X_r01536_c01024.npy,62990661-C-200X.JPG,200,failed,1.9000000293090125e-06,RuntimeError: operator torchvision::nms does not exist
2026-08-30T06:53:50.167413+00:00,sam,62990661-C-200X_r01536_c01280.npy,62990661-C-200X.JPG,200,failed,1.6000000186977559e-06,RuntimeError: operator torchvision::nms does not exist
2026-08-30T06:53:50.178586+00:00,sam,62990661-C-200X_r01536_c01536.npy,62990661-C-200X.JPG,200,failed,1.9000000293090125e-06,RuntimeError: operator torchvision::nms does not exist
2026-08-30T06:53:50.188675+00:00,sam,62990661-C-200X_r01536_c01792.npy,62990661-C-200X.JPG,200,failed,1.9999999949504854e-06,RuntimeError: operator torchvision::nms does not exist
2026-08-30T06:53:50.198287+00:00,sam,62990661-C-200X_r01536_c02048.npy,62990661-C-200X.JPG,200,failed,1.6000000186977559e-06,RuntimeError: operator torchvision::nms does not exist
2026-08-30T06:53:50.209187+00:00,sam,62990661-C-200X_r01536_c02304.npy,62990661-C-200X.JPG,200,failed,2.0999999605919584e-06,RuntimeError: operator torchvision::nms does not exist
2026-08-30T06:53:50.225917+00:00,sam,62990661-C-200X_r01536_c02560.npy,62990661-C-200X.JPG,200,failed,1.9999999949504854e-06,RuntimeError: operator torchvision::nms does not exist
2026-08-30T06:53:50.236828+00:00,sam,62990661-C-200X_r01536_c02816.npy,62990661-C-200X.JPG,200,failed,1.8000000636675395e-06,RuntimeError: operator torchvision::nms does not exist
2026-08-30T06:53:50.247568+00:00,sam,62990661-C-200X_r01536_c02944.npy,62990661-C-200X.JPG,200,failed,1.8000000636675395e-06,RuntimeError: operator torchvision::nms does not exist
2026-08-30T06:53:50.258336+00:00,sam,62990661-C-200X_r01792_c00000.npy,62990661-C-200X.JPG,200,failed,1.9000000293090125e-06,RuntimeError: operator torchvision::nms does not exist
2026-08-30T06:53:50.270363+00:00,sam,62990661-C-200X_r01792_c00256.npy,62990661-C-200X.JPG,200,failed,1.6999999843392288e-06,RuntimeError: operator torchvision::nms does not exist
2026-08-30T06:53:50.280537+00:00,sam,62990661-C-200X_r01792_c00512.npy,62990661-C-200X.JPG,200,failed,1.5999999050109182e-06,RuntimeError: operator torchvision::nms does not exist
2026-08-30T06:53:50.289655+00:00,sam,62990661-C-200X_r01792_c00768.npy,62990661-C-200X.JPG,200,failed,2.300000005561742e-06,RuntimeError: operator torchvision::nms does not exist
2026-08-30T06:53:50.301030+00:00,sam,62990661-C-200X_r01792_c01024.npy,62990661-C-200X.JPG,200,failed,2.200000039920269e-06,RuntimeError: operator torchvision::nms does not exist
2026-08-30T06:53:50.311964+00:00,sam,62990661-C-200X_r01792_c01280.npy,62990661-C-200X.JPG,200,failed,1.6999999843392288e-06,RuntimeError: operator torchvision::nms does not exist
2026-08-30T06:53:50.322668+00:00,sam,62990661-C-200X_r01792_c01536.npy,62990661-C-200X.JPG,200,failed,1.9999999949504854e-06,RuntimeError: operator torchvision::nms does not exist
2026-08-30T06:53:50.334466+00:00,sam,62990661-C-200X_r01792_c01792.npy,62990661-C-200X.JPG,200,failed,1.8000000636675395e-06,RuntimeError: operator torchvision::nms does not exist
2026-08-30T06:53:50.347402+00:00,sam,62990661-C-200X_r01792_c02048.npy,62990661-C-200X.JPG,200,failed,1.8000000636675395e-06,RuntimeError: operator torchvision::nms does not exist
2026-08-30T06:53:50.358278+00:00,sam,62990661-C-200X_r01792_c02304.npy,62990661-C-200X.JPG,200,failed,1.8000000636675395e-06,RuntimeError: operator torchvision::nms does not exist
2026-08-30T06:53:50.368990+00:00,sam,62990661-C-200X_r01792_c02560.npy,62990661-C-200X.JPG,200,failed,1.4999999393694452e-06,RuntimeError: operator torchvision::nms does not exist
2026-08-30T06:53:50.379335+00:00,sam,62990661-C-200X_r01792_c02816.npy,62990661-C-200X.JPG,200,failed,1.8000000636675395e-06,RuntimeError: operator torchvision::nms does not exist
2026-08-30T06:53:50.391767+00:00,sam,62990661-C-200X_r01792_c02944.npy,62990661-C-200X.JPG,200,failed,2.200000039920269e-06,RuntimeError: operator torchvision::nms does not exist
2026-08-30T06:53:50.403975+00:00,sam,62990661-R-100X_r00000_c00000.npy,62990661-R-100X.JPG,100,failed,1.6999999843392288e-06,RuntimeError: operator torchvision::nms does not exist
2026-08-30T06:53:50.414907+00:00,sam,62990661-R-100X_r00000_c00256.npy,62990661-R-100X.JPG,100,failed,1.6000000186977559e-06,RuntimeError: operator torchvision::nms does not exist
2026-08-30T06:53:50.426472+00:00,sam,62990661-R-100X_r00000_c00512.npy,62990661-R-100X.JPG,100,failed,2.999999992425728e-06,RuntimeError: operator torchvision::nms does not exist
2026-08-30T06:53:50.439983+00:00,sam,62990661-R-100X_r00000_c00768.npy,62990661-R-100X.JPG,100,failed,2.100000074278796e-06,RuntimeError: operator torchvision::nms does not exist
2026-08-30T06:53:50.449043+00:00,sam,62990661-R-100X_r00000_c01024.npy,62990661-R-100X.JPG,100,failed,1.500000053056283e-06,RuntimeError: operator torchvision::nms does not exist
2026-08-30T06:53:50.460300+00:00,sam,62990661-R-100X_r00000_c01280.npy,62990661-R-100X.JPG,100,failed,1.6999999843392288e-06,RuntimeError: operator torchvision::nms does not exist
2026-08-30T06:53:50.474141+00:00,sam,62990661-R-100X_r00000_c01536.npy,62990661-R-100X.JPG,100,failed,2.999999992425728e-06,RuntimeError: operator torchvision::nms does not exist
2026-08-30T06:53:50.486593+00:00,sam,62990661-R-100X_r00000_c01792.npy,62990661-R-100X.JPG,100,failed,1.7000000980260666e-06,RuntimeError: operator torchvision::nms does not exist
2026-08-30T06:53:50.499134+00:00,sam,62990661-R-100X_r00000_c02048.npy,62990661-R-100X.JPG,100,failed,1.8999999156221747e-06,RuntimeError: operator torchvision::nms does not exist
2026-08-30T06:53:50.511198+00:00,sam,62990661-R-100X_r00000_c02304.npy,62990661-R-100X.JPG,100,failed,2.200000039920269e-06,RuntimeError: operator torchvision::nms does not exist
2026-08-30T06:53:50.526637+00:00,sam,62990661-R-100X_r00000_c02560.npy,62990661-R-100X.JPG,100,failed,1.9000000293090125e-06,RuntimeError: operator torchvision::nms does not exist
2026-08-30T06:53:50.537092+00:00,sam,62990661-R-100X_r00000_c02816.npy,62990661-R-100X.JPG,100,failed,2.0999999605919584e-06,RuntimeError: operator torchvision::nms does not exist
2026-08-30T06:53:50.550071+00:00,sam,62990661-R-100X_r00000_c02944.npy,62990661-R-100X.JPG,100,failed,2.6000000161729986e-06,RuntimeError: operator torchvision::nms does not exist
2026-08-30T06:53:50.559974+00:00,sam,62990661-R-100X_r00256_c00000.npy,62990661-R-100X.JPG,100,failed,1.7999999499807018e-06,RuntimeError: operator torchvision::nms does not exist
2026-08-30T06:53:50.576386+00:00,sam,62990661-R-100X_r00256_c00256.npy,62990661-R-100X.JPG,100,failed,1.8999999156221747e-06,RuntimeError: operator torchvision::nms does not exist
2026-08-30T06:53:50.587982+00:00,sam,62990661-R-100X_r00256_c00512.npy,62990661-R-100X.JPG,100,failed,1.6000000186977559e-06,RuntimeError: operator torchvision::nms does not exist
2026-08-30T06:53:50.599359+00:00,sam,62990661-R-100X_r00256_c00768.npy,62990661-R-100X.JPG,100,failed,1.7999999499807018e-06,RuntimeError: operator torchvision::nms does not exist
2026-08-30T06:53:50.611561+00:00,sam,62990661-R-100X_r00256_c01024.npy,62990661-R-100X.JPG,100,failed,1.6000000186977559e-06,RuntimeError: operator torchvision::nms does not exist
2026-08-30T06:53:50.625393+00:00,sam,62990661-R-100X_r00256_c01280.npy,62990661-R-100X.JPG,100,failed,1.8999999156221747e-06,RuntimeError: operator torchvision::nms does not exist
2026-08-30T06:53:50.635759+00:00,sam,62990661-R-100X_r00256_c01536.npy,62990661-R-100X.JPG,100,failed,2.7999999474559445e-06,RuntimeError: operator torchvision::nms does not exist
2026-08-30T06:53:50.649968+00:00,sam,62990661-R-100X_r00256_c01792.npy,62990661-R-100X.JPG,100,failed,3.099999958067201e-06,RuntimeError: operator torchvision::nms does not exist
2026-08-30T06:53:50.660619+00:00,sam,62990661-R-100X_r00256_c02048.npy,62990661-R-100X.JPG,100,failed,1.8999999156221747e-06,RuntimeError: operator torchvision::nms does not exist
2026-08-30T06:53:50.672437+00:00,sam,62990661-R-100X_r00256_c02304.npy,62990661-R-100X.JPG,100,failed,1.7999999499807018e-06,RuntimeError: operator torchvision::nms does not exist
2026-08-30T06:53:50.683550+00:00,sam,62990661-R-100X_r00256_c02560.npy,62990661-R-100X.JPG,100,failed,1.9999999949504854e-06,RuntimeError: operator torchvision::nms does not exist
2026-08-30T06:53:50.695128+00:00,sam,62990661-R-100X_r00256_c02816.npy,62990661-R-100X.JPG,100,failed,1.7999999499807018e-06,RuntimeError: operator torchvision::nms does not exist
2026-08-30T06:53:50.706469+00:00,sam,62990661-R-100X_r00256_c02944.npy,62990661-R-100X.JPG,100,failed,1.8000000636675395e-06,RuntimeError: operator torchvision::nms does not exist
2026-08-30T06:53:50.718190+00:00,sam,62990661-R-100X_r00512_c00000.npy,62990661-R-100X.JPG,100,failed,1.6999999843392288e-06,RuntimeError: operator torchvision::nms does not exist
2026-08-30T06:53:50.728596+00:00,sam,62990661-R-100X_r00512_c00256.npy,62990661-R-100X.JPG,100,failed,1.7999999499807018e-06,RuntimeError: operator torchvision::nms does not exist
2026-08-30T06:53:50.739564+00:00,sam,62990661-R-100X_r00512_c00512.npy,62990661-R-100X.JPG,100,failed,1.6000000186977559e-06,RuntimeError: operator torchvision::nms does not exist
2026-08-30T06:53:50.750384+00:00,sam,62990661-R-100X_r00512_c00768.npy,62990661-R-100X.JPG,100,failed,1.8999999156221747e-06,RuntimeError: operator torchvision::nms does not exist
2026-08-30T06:53:50.761685+00:00,sam,62990661-R-100X_r00512_c01024.npy,62990661-R-100X.JPG,100,failed,2.1999999262334313e-06,RuntimeError: operator torchvision::nms does not exist
2026-08-30T06:53:50.773398+00:00,sam,62990661-R-100X_r00512_c01280.npy,62990661-R-100X.JPG,100,failed,2.399999971203215e-06,RuntimeError: operator torchvision::nms does not exist
2026-08-30T06:53:50.783402+00:00,sam,62990661-R-100X_r00512_c01536.npy,62990661-R-100X.JPG,100,failed,1.8999999156221747e-06,RuntimeError: operator torchvision::nms does not exist
2026-08-30T06:53:50.794432+00:00,sam,62990661-R-100X_r00512_c01792.npy,62990661-R-100X.JPG,100,failed,1.9999999949504854e-06,RuntimeError: operator torchvision::nms does not exist
2026-08-30T06:53:50.804334+00:00,sam,62990661-R-100X_r00512_c02048.npy,62990661-R-100X.JPG,100,failed,1.6999999843392288e-06,RuntimeError: operator torchvision::nms does not exist
2026-08-30T06:53:50.816920+00:00,sam,62990661-R-100X_r00512_c02304.npy,62990661-R-100X.JPG,100,failed,2.100000074278796e-06,RuntimeError: operator torchvision::nms does not exist
2026-08-30T06:53:50.829056+00:00,sam,62990661-R-100X_r00512_c02560.npy,62990661-R-100X.JPG,100,failed,1.6999999843392288e-06,RuntimeError: operator torchvision::nms does not exist
2026-08-30T06:53:50.842247+00:00,sam,62990661-R-100X_r00512_c02816.npy,62990661-R-100X.JPG,100,failed,1.4999999393694452e-06,RuntimeError: operator torchvision::nms does not exist
2026-08-30T06:53:50.852252+00:00,sam,62990661-R-100X_r00512_c02944.npy,62990661-R-100X.JPG,100,failed,1.4999999393694452e-06,RuntimeError: operator torchvision::nms does not exist
2026-08-30T06:53:50.861914+00:00,sam,62990661-R-100X_r00768_c00000.npy,62990661-R-100X.JPG,100,failed,2.100000074278796e-06,RuntimeError: operator torchvision::nms does not exist
2026-08-30T06:53:50.873613+00:00,sam,62990661-R-100X_r00768_c00256.npy,62990661-R-100X.JPG,100,failed,1.8000000636675395e-06,RuntimeError: operator torchvision::nms does not exist
2026-08-30T06:53:50.883150+00:00,sam,62990661-R-100X_r00768_c00512.npy,62990661-R-100X.JPG,100,failed,1.6000000186977559e-06,RuntimeError: operator torchvision::nms does not exist
2026-08-30T06:53:50.894608+00:00,sam,62990661-R-100X_r00768_c00768.npy,62990661-R-100X.JPG,100,failed,1.9999999949504854e-06,RuntimeError: operator torchvision::nms does not exist
2026-08-30T06:53:50.909368+00:00,sam,62990661-R-100X_r00768_c01024.npy,62990661-R-100X.JPG,100,failed,1.9999999949504854e-06,RuntimeError: operator torchvision::nms does not exist
2026-08-30T06:53:50.924073+00:00,sam,62990661-R-100X_r00768_c01280.npy,62990661-R-100X.JPG,100,failed,2.7999999474559445e-06,RuntimeError: operator torchvision::nms does not exist
2026-08-30T06:53:50.936178+00:00,sam,62990661-R-100X_r00768_c01536.npy,62990661-R-100X.JPG,100,failed,2.0999999605919584e-06,RuntimeError: operator torchvision::nms does not exist
2026-08-30T06:53:50.947092+00:00,sam,62990661-R-100X_r00768_c01792.npy,62990661-R-100X.JPG,100,failed,1.9000000293090125e-06,RuntimeError: operator torchvision::nms does not exist
2026-08-30T06:53:50.958399+00:00,sam,62990661-R-100X_r00768_c02048.npy,62990661-R-100X.JPG,100,failed,1.9000000293090125e-06,RuntimeError: operator torchvision::nms does not exist
2026-08-30T06:53:50.968658+00:00,sam,62990661-R-100X_r00768_c02304.npy,62990661-R-100X.JPG,100,failed,1.6999999843392288e-06,RuntimeError: operator torchvision::nms does not exist
2026-08-30T06:53:50.978191+00:00,sam,62990661-R-100X_r00768_c02560.npy,62990661-R-100X.JPG,100,failed,1.9000000293090125e-06,RuntimeError: operator torchvision::nms does not exist
2026-08-30T06:53:50.994619+00:00,sam,62990661-R-100X_r00768_c02816.npy,62990661-R-100X.JPG,100,failed,1.6999999843392288e-06,RuntimeError: operator torchvision::nms does not exist
2026-08-30T06:53:51.004899+00:00,sam,62990661-R-100X_r00768_c02944.npy,62990661-R-100X.JPG,100,failed,2.1999999262334313e-06,RuntimeError: operator torchvision::nms does not exist
2026-08-30T06:53:51.018078+00:00,sam,62990661-R-100X_r01024_c00000.npy,62990661-R-100X.JPG,100,failed,1.6000000186977559e-06,RuntimeError: operator torchvision::nms does not exist
2026-08-30T06:53:51.028560+00:00,sam,62990661-R-100X_r01024_c00256.npy,62990661-R-100X.JPG,100,failed,1.6999999843392288e-06,RuntimeError: operator torchvision::nms does not exist
2026-08-30T06:53:51.039563+00:00,sam,62990661-R-100X_r01024_c00512.npy,62990661-R-100X.JPG,100,failed,1.6000000186977559e-06,RuntimeError: operator torchvision::nms does not exist
2026-08-30T06:53:51.051063+00:00,sam,62990661-R-100X_r01024_c00768.npy,62990661-R-100X.JPG,100,failed,1.6000000186977559e-06,RuntimeError: operator torchvision::nms does not exist
2026-08-30T06:53:51.064253+00:00,sam,62990661-R-100X_r01024_c01024.npy,62990661-R-100X.JPG,100,failed,1.9000000293090125e-06,RuntimeError: operator torchvision::nms does not exist
2026-08-30T06:53:51.075995+00:00,sam,62990661-R-100X_r01024_c01280.npy,62990661-R-100X.JPG,100,failed,1.8000000636675395e-06,RuntimeError: operator torchvision::nms does not exist
2026-08-30T06:53:51.086831+00:00,sam,62990661-R-100X_r01024_c01536.npy,62990661-R-100X.JPG,100,failed,1.8000000636675395e-06,RuntimeError: operator torchvision::nms does not exist
2026-08-30T06:53:51.096385+00:00,sam,62990661-R-100X_r01024_c01792.npy,62990661-R-100X.JPG,100,failed,1.8000000636675395e-06,RuntimeError: operator torchvision::nms does not exist
2026-08-30T06:53:51.107349+00:00,sam,62990661-R-100X_r01024_c02048.npy,62990661-R-100X.JPG,100,failed,2.5000000505315256e-06,RuntimeError: operator torchvision::nms does not exist
2026-08-30T06:53:51.117401+00:00,sam,62990661-R-100X_r01024_c02304.npy,62990661-R-100X.JPG,100,failed,1.8000000636675395e-06,RuntimeError: operator torchvision::nms does not exist
2026-08-30T06:53:51.130287+00:00,sam,62990661-R-100X_r01024_c02560.npy,62990661-R-100X.JPG,100,failed,2.1999999262334313e-06,RuntimeError: operator torchvision::nms does not exist
2026-08-30T06:53:51.142622+00:00,sam,62990661-R-100X_r01024_c02816.npy,62990661-R-100X.JPG,100,failed,1.9000000293090125e-06,RuntimeError: operator torchvision::nms does not exist
2026-08-30T06:53:51.151530+00:00,sam,62990661-R-100X_r01024_c02944.npy,62990661-R-100X.JPG,100,failed,1.4999999393694452e-06,RuntimeError: operator torchvision::nms does not exist
2026-08-30T06:53:51.162934+00:00,sam,62990661-R-100X_r01280_c00000.npy,62990661-R-100X.JPG,100,failed,2.1999999262334313e-06,RuntimeError: operator torchvision::nms does not exist
2026-08-30T06:53:51.172620+00:00,sam,62990661-R-100X_r01280_c00256.npy,62990661-R-100X.JPG,100,failed,1.8000000636675395e-06,RuntimeError: operator torchvision::nms does not exist
2026-08-30T06:53:51.185297+00:00,sam,62990661-R-100X_r01280_c00512.npy,62990661-R-100X.JPG,100,failed,1.9000000293090125e-06,RuntimeError: operator torchvision::nms does not exist
2026-08-30T06:53:51.195827+00:00,sam,62990661-R-100X_r01280_c00768.npy,62990661-R-100X.JPG,100,failed,1.9000000293090125e-06,RuntimeError: operator torchvision::nms does not exist
2026-08-30T06:53:51.207119+00:00,sam,62990661-R-100X_r01280_c01024.npy,62990661-R-100X.JPG,100,failed,1.4999999393694452e-06,RuntimeError: operator torchvision::nms does not exist
2026-08-30T06:53:51.216292+00:00,sam,62990661-R-100X_r01280_c01280.npy,62990661-R-100X.JPG,100,failed,1.6999999843392288e-06,RuntimeError: operator torchvision::nms does not exist
2026-08-30T06:53:51.226845+00:00,sam,62990661-R-100X_r01280_c01536.npy,62990661-R-100X.JPG,100,failed,1.7999999499807018e-06,RuntimeError: operator torchvision::nms does not exist
2026-08-30T06:53:51.237813+00:00,sam,62990661-R-100X_r01280_c01792.npy,62990661-R-100X.JPG,100,failed,1.6000000186977559e-06,RuntimeError: operator torchvision::nms does not exist
2026-08-30T06:53:51.248106+00:00,sam,62990661-R-100X_r01280_c02048.npy,62990661-R-100X.JPG,100,failed,1.9000000293090125e-06,RuntimeError: operator torchvision::nms does not exist
2026-08-30T06:53:51.259848+00:00,sam,62990661-R-100X_r01280_c02304.npy,62990661-R-100X.JPG,100,failed,1.9000000293090125e-06,RuntimeError: operator torchvision::nms does not exist
2026-08-30T06:53:51.274201+00:00,sam,62990661-R-100X_r01280_c02560.npy,62990661-R-100X.JPG,100,failed,1.8000000636675395e-06,RuntimeError: operator torchvision::nms does not exist
2026-08-30T06:53:51.288941+00:00,sam,62990661-R-100X_r01280_c02816.npy,62990661-R-100X.JPG,100,failed,1.9999999949504854e-06,RuntimeError: operator torchvision::nms does not exist
2026-08-30T06:53:51.299074+00:00,sam,62990661-R-100X_r01280_c02944.npy,62990661-R-100X.JPG,100,failed,1.500000053056283e-06,RuntimeError: operator torchvision::nms does not exist
2026-08-30T06:53:51.311315+00:00,sam,62990661-R-100X_r01536_c00000.npy,62990661-R-100X.JPG,100,failed,1.8000000636675395e-06,RuntimeError: operator torchvision::nms does not exist
2026-08-30T06:53:51.322188+00:00,sam,62990661-R-100X_r01536_c00256.npy,62990661-R-100X.JPG,100,failed,1.9000000293090125e-06,RuntimeError: operator torchvision::nms does not exist
2026-08-30T06:53:51.332577+00:00,sam,62990661-R-100X_r01536_c00512.npy,62990661-R-100X.JPG,100,failed,1.6000000186977559e-06,RuntimeError: operator torchvision::nms does not exist
2026-08-30T06:53:51.343350+00:00,sam,62990661-R-100X_r01536_c00768.npy,62990661-R-100X.JPG,100,failed,2.300000005561742e-06,RuntimeError: operator torchvision::nms does not exist
2026-08-30T06:53:51.360386+00:00,sam,62990661-R-100X_r01536_c01024.npy,62990661-R-100X.JPG,100,failed,2.100000074278796e-06,RuntimeError: operator torchvision::nms does not exist
2026-08-30T06:53:51.371072+00:00,sam,62990661-R-100X_r01536_c01280.npy,62990661-R-100X.JPG,100,failed,1.4999999393694452e-06,RuntimeError: operator torchvision::nms does not exist
2026-08-30T06:53:51.382773+00:00,sam,62990661-R-100X_r01536_c01536.npy,62990661-R-100X.JPG,100,failed,2.0999999605919584e-06,RuntimeError: operator torchvision::nms does not exist
2026-08-30T06:53:51.395202+00:00,sam,62990661-R-100X_r01536_c01792.npy,62990661-R-100X.JPG,100,failed,1.8000000636675395e-06,RuntimeError: operator torchvision::nms does not exist
2026-08-30T06:53:51.404445+00:00,sam,62990661-R-100X_r01536_c02048.npy,62990661-R-100X.JPG,100,failed,1.9999999949504854e-06,RuntimeError: operator torchvision::nms does not exist
2026-08-30T06:53:51.423347+00:00,sam,62990661-R-100X_r01536_c02304.npy,62990661-R-100X.JPG,100,failed,1.6999999843392288e-06,RuntimeError: operator torchvision::nms does not exist
2026-08-30T06:53:51.433648+00:00,sam,62990661-R-100X_r01536_c02560.npy,62990661-R-100X.JPG,100,failed,1.6000000186977559e-06,RuntimeError: operator torchvision::nms does not exist
2026-08-30T06:53:51.446432+00:00,sam,62990661-R-100X_r01536_c02816.npy,62990661-R-100X.JPG,100,failed,1.7999999499807018e-06,RuntimeError: operator torchvision::nms does not exist
2026-08-30T06:53:51.457170+00:00,sam,62990661-R-100X_r01536_c02944.npy,62990661-R-100X.JPG,100,failed,1.6000000186977559e-06,RuntimeError: operator torchvision::nms does not exist
2026-08-30T06:53:51.467111+00:00,sam,62990661-R-100X_r01792_c00000.npy,62990661-R-100X.JPG,100,failed,1.6999999843392288e-06,RuntimeError: operator torchvision::nms does not exist
2026-08-30T06:53:51.478076+00:00,sam,62990661-R-100X_r01792_c00256.npy,62990661-R-100X.JPG,100,failed,1.6000000186977559e-06,RuntimeError: operator torchvision::nms does not exist
2026-08-30T06:53:51.488773+00:00,sam,62990661-R-100X_r01792_c00512.npy,62990661-R-100X.JPG,100,failed,2.0999999605919584e-06,RuntimeError: operator torchvision::nms does not exist
2026-08-30T06:53:51.498676+00:00,sam,62990661-R-100X_r01792_c00768.npy,62990661-R-100X.JPG,100,failed,1.7999999499807018e-06,RuntimeError: operator torchvision::nms does not exist
2026-08-30T06:53:51.515682+00:00,sam,62990661-R-100X_r01792_c01024.npy,62990661-R-100X.JPG,100,failed,3.100000071754039e-06,RuntimeError: operator torchvision::nms does not exist
2026-08-30T06:53:51.531255+00:00,sam,62990661-R-100X_r01792_c01280.npy,62990661-R-100X.JPG,100,failed,1.8999999156221747e-06,RuntimeError: operator torchvision::nms does not exist
2026-08-30T06:53:51.542066+00:00,sam,62990661-R-100X_r01792_c01536.npy,62990661-R-100X.JPG,100,failed,1.6999999843392288e-06,RuntimeError: operator torchvision::nms does not exist
2026-08-30T06:53:51.556962+00:00,sam,62990661-R-100X_r01792_c01792.npy,62990661-R-100X.JPG,100,failed,2.7999999474559445e-06,RuntimeError: operator torchvision::nms does not exist
2026-08-30T06:53:51.569713+00:00,sam,62990661-R-100X_r01792_c02048.npy,62990661-R-100X.JPG,100,failed,1.9000000293090125e-06,RuntimeError: operator torchvision::nms does not exist
2026-08-30T06:53:51.579632+00:00,sam,62990661-R-100X_r01792_c02304.npy,62990661-R-100X.JPG,100,failed,1.7999999499807018e-06,RuntimeError: operator torchvision::nms does not exist
2026-08-30T06:53:51.591440+00:00,sam,62990661-R-100X_r01792_c02560.npy,62990661-R-100X.JPG,100,failed,2.200000039920269e-06,RuntimeError: operator torchvision::nms does not exist
2026-08-30T06:53:51.600968+00:00,sam,62990661-R-100X_r01792_c02816.npy,62990661-R-100X.JPG,100,failed,1.6999999843392288e-06,RuntimeError: operator torchvision::nms does not exist
2026-08-30T06:53:51.615681+00:00,sam,62990661-R-100X_r01792_c02944.npy,62990661-R-100X.JPG,100,failed,1.6000000186977559e-06,RuntimeError: operator torchvision::nms does not exist
2026-08-30T06:53:51.632232+00:00,sam,62990661-R-200X_r00000_c00000.npy,62990661-R-200X.JPG,200,failed,1.9000000293090125e-06,RuntimeError: operator torchvision::nms does not exist
2026-08-30T06:53:51.641624+00:00,sam,62990661-R-200X_r00000_c00256.npy,62990661-R-200X.JPG,200,failed,1.7999999499807018e-06,RuntimeError: operator torchvision::nms does not exist
2026-08-30T06:53:51.652481+00:00,sam,62990661-R-200X_r00000_c00512.npy,62990661-R-200X.JPG,200,failed,1.7999999499807018e-06,RuntimeError: operator torchvision::nms does not exist
2026-08-30T06:53:51.661739+00:00,sam,62990661-R-200X_r00000_c00768.npy,62990661-R-200X.JPG,200,failed,1.7000000980260666e-06,RuntimeError: operator torchvision::nms does not exist
2026-08-30T06:53:51.673089+00:00,sam,62990661-R-200X_r00000_c01024.npy,62990661-R-200X.JPG,200,failed,2.499999936844688e-06,RuntimeError: operator torchvision::nms does not exist
2026-08-30T06:53:51.685507+00:00,sam,62990661-R-200X_r00000_c01280.npy,62990661-R-200X.JPG,200,failed,1.8000000636675395e-06,RuntimeError: operator torchvision::nms does not exist
2026-08-30T06:53:51.696572+00:00,sam,62990661-R-200X_r00000_c01536.npy,62990661-R-200X.JPG,200,failed,1.6999999843392288e-06,RuntimeError: operator torchvision::nms does not exist
2026-08-30T06:53:51.706644+00:00,sam,62990661-R-200X_r00000_c01792.npy,62990661-R-200X.JPG,200,failed,1.9000000293090125e-06,RuntimeError: operator torchvision::nms does not exist
2026-08-30T06:53:51.717082+00:00,sam,62990661-R-200X_r00000_c02048.npy,62990661-R-200X.JPG,200,failed,1.8000000636675395e-06,RuntimeError: operator torchvision::nms does not exist
2026-08-30T06:53:51.726255+00:00,sam,62990661-R-200X_r00000_c02304.npy,62990661-R-200X.JPG,200,failed,1.7999999499807018e-06,RuntimeError: operator torchvision::nms does not exist
2026-08-30T06:53:51.737724+00:00,sam,62990661-R-200X_r00000_c02560.npy,62990661-R-200X.JPG,200,failed,1.9999999949504854e-06,RuntimeError: operator torchvision::nms does not exist
2026-08-30T06:53:51.747247+00:00,sam,62990661-R-200X_r00000_c02816.npy,62990661-R-200X.JPG,200,failed,1.9000000293090125e-06,RuntimeError: operator torchvision::nms does not exist
2026-08-30T06:53:51.758092+00:00,sam,62990661-R-200X_r00000_c02944.npy,62990661-R-200X.JPG,200,failed,1.9000000293090125e-06,RuntimeError: operator torchvision::nms does not exist
2026-08-30T06:53:51.767081+00:00,sam,62990661-R-200X_r00256_c00000.npy,62990661-R-200X.JPG,200,failed,1.6999999843392288e-06,RuntimeError: operator torchvision::nms does not exist
2026-08-30T06:53:51.781881+00:00,sam,62990661-R-200X_r00256_c00256.npy,62990661-R-200X.JPG,200,failed,1.7999999499807018e-06,RuntimeError: operator torchvision::nms does not exist
2026-08-30T06:53:51.792261+00:00,sam,62990661-R-200X_r00256_c00512.npy,62990661-R-200X.JPG,200,failed,1.7999999499807018e-06,RuntimeError: operator torchvision::nms does not exist
2026-08-30T06:53:51.802701+00:00,sam,62990661-R-200X_r00256_c00768.npy,62990661-R-200X.JPG,200,failed,1.8000000636675395e-06,RuntimeError: operator torchvision::nms does not exist
2026-08-30T06:53:51.817615+00:00,sam,62990661-R-200X_r00256_c01024.npy,62990661-R-200X.JPG,200,failed,1.7999999499807018e-06,RuntimeError: operator torchvision::nms does not exist
2026-08-30T06:53:51.833795+00:00,sam,62990661-R-200X_r00256_c01280.npy,62990661-R-200X.JPG,200,failed,1.9000000293090125e-06,RuntimeError: operator torchvision::nms does not exist
2026-08-30T06:53:51.846765+00:00,sam,62990661-R-200X_r00256_c01536.npy,62990661-R-200X.JPG,200,failed,2.200000039920269e-06,RuntimeError: operator torchvision::nms does not exist
2026-08-30T06:53:51.861521+00:00,sam,62990661-R-200X_r00256_c01792.npy,62990661-R-200X.JPG,200,failed,2.300000005561742e-06,RuntimeError: operator torchvision::nms does not exist
2026-08-30T06:53:51.877203+00:00,sam,62990661-R-200X_r00256_c02048.npy,62990661-R-200X.JPG,200,failed,2.300000005561742e-06,RuntimeError: operator torchvision::nms does not exist
2026-08-30T06:53:51.890308+00:00,sam,62990661-R-200X_r00256_c02304.npy,62990661-R-200X.JPG,200,failed,1.9999999949504854e-06,RuntimeError: operator torchvision::nms does not exist
2026-08-30T06:53:51.905145+00:00,sam,62990661-R-200X_r00256_c02560.npy,62990661-R-200X.JPG,200,failed,1.9999999949504854e-06,RuntimeError: operator torchvision::nms does not exist
2026-08-30T06:53:51.917408+00:00,sam,62990661-R-200X_r00256_c02816.npy,62990661-R-200X.JPG,200,failed,2.399999971203215e-06,RuntimeError: operator torchvision::nms does not exist
2026-08-30T06:53:51.935238+00:00,sam,62990661-R-200X_r00256_c02944.npy,62990661-R-200X.JPG,200,failed,2.6000000161729986e-06,RuntimeError: operator torchvision::nms does not exist
2026-08-30T06:53:51.948265+00:00,sam,62990661-R-200X_r00512_c00000.npy,62990661-R-200X.JPG,200,failed,1.9000000293090125e-06,RuntimeError: operator torchvision::nms does not exist
2026-08-30T06:53:51.961695+00:00,sam,62990661-R-200X_r00512_c00256.npy,62990661-R-200X.JPG,200,failed,1.9999999949504854e-06,RuntimeError: operator torchvision::nms does not exist
2026-08-30T06:53:51.974265+00:00,sam,62990661-R-200X_r00512_c00512.npy,62990661-R-200X.JPG,200,failed,2.4000000848900527e-06,RuntimeError: operator torchvision::nms does not exist
2026-08-30T06:53:51.987101+00:00,sam,62990661-R-200X_r00512_c00768.npy,62990661-R-200X.JPG,200,failed,2.6000000161729986e-06,RuntimeError: operator torchvision::nms does not exist
2026-08-30T06:53:51.998523+00:00,sam,62990661-R-200X_r00512_c01024.npy,62990661-R-200X.JPG,200,failed,1.6999999843392288e-06,RuntimeError: operator torchvision::nms does not exist
2026-08-30T06:53:52.008730+00:00,sam,62990661-R-200X_r00512_c01280.npy,62990661-R-200X.JPG,200,failed,2.0999999605919584e-06,RuntimeError: operator torchvision::nms does not exist
2026-08-30T06:53:52.021225+00:00,sam,62990661-R-200X_r00512_c01536.npy,62990661-R-200X.JPG,200,failed,1.9999999949504854e-06,RuntimeError: operator torchvision::nms does not exist
2026-08-30T06:53:52.030519+00:00,sam,62990661-R-200X_r00512_c01792.npy,62990661-R-200X.JPG,200,failed,1.7000000980260666e-06,RuntimeError: operator torchvision::nms does not exist
2026-08-30T06:53:52.042004+00:00,sam,62990661-R-200X_r00512_c02048.npy,62990661-R-200X.JPG,200,failed,1.9000000293090125e-06,RuntimeError: operator torchvision::nms does not exist
2026-08-30T06:53:52.051877+00:00,sam,62990661-R-200X_r00512_c02304.npy,62990661-R-200X.JPG,200,failed,2.300000005561742e-06,RuntimeError: operator torchvision::nms does not exist
2026-08-30T06:53:52.062874+00:00,sam,62990661-R-200X_r00512_c02560.npy,62990661-R-200X.JPG,200,failed,1.7999999499807018e-06,RuntimeError: operator torchvision::nms does not exist
2026-08-30T06:53:52.073931+00:00,sam,62990661-R-200X_r00512_c02816.npy,62990661-R-200X.JPG,200,failed,2.0999999605919584e-06,RuntimeError: operator torchvision::nms does not exist
2026-08-30T06:53:52.086493+00:00,sam,62990661-R-200X_r00512_c02944.npy,62990661-R-200X.JPG,200,failed,1.9000000293090125e-06,RuntimeError: operator torchvision::nms does not exist
2026-08-30T06:53:52.097161+00:00,sam,62990661-R-200X_r00768_c00000.npy,62990661-R-200X.JPG,200,failed,2.100000074278796e-06,RuntimeError: operator torchvision::nms does not exist
2026-08-30T06:53:52.109121+00:00,sam,62990661-R-200X_r00768_c00256.npy,62990661-R-200X.JPG,200,failed,2.0999999605919584e-06,RuntimeError: operator torchvision::nms does not exist
2026-08-30T06:53:52.119455+00:00,sam,62990661-R-200X_r00768_c00512.npy,62990661-R-200X.JPG,200,failed,1.9000000293090125e-06,RuntimeError: operator torchvision::nms does not exist
2026-08-30T06:53:52.130945+00:00,sam,62990661-R-200X_r00768_c00768.npy,62990661-R-200X.JPG,200,failed,1.9000000293090125e-06,RuntimeError: operator torchvision::nms does not exist
2026-08-30T06:53:52.141018+00:00,sam,62990661-R-200X_r00768_c01024.npy,62990661-R-200X.JPG,200,failed,1.8000000636675395e-06,RuntimeError: operator torchvision::nms does not exist
2026-08-30T06:53:52.152175+00:00,sam,62990661-R-200X_r00768_c01280.npy,62990661-R-200X.JPG,200,failed,1.9999999949504854e-06,RuntimeError: operator torchvision::nms does not exist
2026-08-30T06:53:52.162181+00:00,sam,62990661-R-200X_r00768_c01536.npy,62990661-R-200X.JPG,200,failed,1.8000000636675395e-06,RuntimeError: operator torchvision::nms does not exist
2026-08-30T06:53:52.173686+00:00,sam,62990661-R-200X_r00768_c01792.npy,62990661-R-200X.JPG,200,failed,1.8999999156221747e-06,RuntimeError: operator torchvision::nms does not exist
2026-08-30T06:53:52.182673+00:00,sam,62990661-R-200X_r00768_c02048.npy,62990661-R-200X.JPG,200,failed,1.6000000186977559e-06,RuntimeError: operator torchvision::nms does not exist
2026-08-30T06:53:52.194442+00:00,sam,62990661-R-200X_r00768_c02304.npy,62990661-R-200X.JPG,200,failed,1.6999999843392288e-06,RuntimeError: operator torchvision::nms does not exist
2026-08-30T06:53:52.204022+00:00,sam,62990661-R-200X_r00768_c02560.npy,62990661-R-200X.JPG,200,failed,1.500000053056283e-06,RuntimeError: operator torchvision::nms does not exist
2026-08-30T06:53:52.215118+00:00,sam,62990661-R-200X_r00768_c02816.npy,62990661-R-200X.JPG,200,failed,1.5999999050109182e-06,RuntimeError: operator torchvision::nms does not exist
2026-08-30T06:53:52.224682+00:00,sam,62990661-R-200X_r00768_c02944.npy,62990661-R-200X.JPG,200,failed,1.9999999949504854e-06,RuntimeError: operator torchvision::nms does not exist
2026-08-30T06:53:52.238636+00:00,sam,62990661-R-200X_r01024_c00000.npy,62990661-R-200X.JPG,200,failed,2.300000005561742e-06,RuntimeError: operator torchvision::nms does not exist
2026-08-30T06:53:52.250245+00:00,sam,62990661-R-200X_r01024_c00256.npy,62990661-R-200X.JPG,200,failed,1.9999999949504854e-06,RuntimeError: operator torchvision::nms does not exist
2026-08-30T06:53:52.260158+00:00,sam,62990661-R-200X_r01024_c00512.npy,62990661-R-200X.JPG,200,failed,1.6000000186977559e-06,RuntimeError: operator torchvision::nms does not exist
2026-08-30T06:53:52.271022+00:00,sam,62990661-R-200X_r01024_c00768.npy,62990661-R-200X.JPG,200,failed,1.6999999843392288e-06,RuntimeError: operator torchvision::nms does not exist
2026-08-30T06:53:52.282644+00:00,sam,62990661-R-200X_r01024_c01024.npy,62990661-R-200X.JPG,200,failed,2.0999999605919584e-06,RuntimeError: operator torchvision::nms does not exist
2026-08-30T06:53:52.293705+00:00,sam,62990661-R-200X_r01024_c01280.npy,62990661-R-200X.JPG,200,failed,1.6999999843392288e-06,RuntimeError: operator torchvision::nms does not exist
2026-08-30T06:53:52.303945+00:00,sam,62990661-R-200X_r01024_c01536.npy,62990661-R-200X.JPG,200,failed,2.1999999262334313e-06,RuntimeError: operator torchvision::nms does not exist
2026-08-30T06:53:52.315685+00:00,sam,62990661-R-200X_r01024_c01792.npy,62990661-R-200X.JPG,200,failed,2.300000005561742e-06,RuntimeError: operator torchvision::nms does not exist
2026-08-30T06:53:52.326130+00:00,sam,62990661-R-200X_r01024_c02048.npy,62990661-R-200X.JPG,200,failed,1.6999999843392288e-06,RuntimeError: operator torchvision::nms does not exist
2026-08-30T06:53:52.337261+00:00,sam,62990661-R-200X_r01024_c02304.npy,62990661-R-200X.JPG,200,failed,2.200000039920269e-06,RuntimeError: operator torchvision::nms does not exist
2026-08-30T06:53:52.348177+00:00,sam,62990661-R-200X_r01024_c02560.npy,62990661-R-200X.JPG,200,failed,2.0999999605919584e-06,RuntimeError: operator torchvision::nms does not exist
2026-08-30T06:53:52.357389+00:00,sam,62990661-R-200X_r01024_c02816.npy,62990661-R-200X.JPG,200,failed,1.8000000636675395e-06,RuntimeError: operator torchvision::nms does not exist
2026-08-30T06:53:52.368179+00:00,sam,62990661-R-200X_r01024_c02944.npy,62990661-R-200X.JPG,200,failed,1.7999999499807018e-06,RuntimeError: operator torchvision::nms does not exist
2026-08-30T06:53:52.377778+00:00,sam,62990661-R-200X_r01280_c00000.npy,62990661-R-200X.JPG,200,failed,2.0999999605919584e-06,RuntimeError: operator torchvision::nms does not exist
2026-08-30T06:53:52.389033+00:00,sam,62990661-R-200X_r01280_c00256.npy,62990661-R-200X.JPG,200,failed,2.100000074278796e-06,RuntimeError: operator torchvision::nms does not exist
2026-08-30T06:53:52.399645+00:00,sam,62990661-R-200X_r01280_c00512.npy,62990661-R-200X.JPG,200,failed,1.6999999843392288e-06,RuntimeError: operator torchvision::nms does not exist
2026-08-30T06:53:52.411192+00:00,sam,62990661-R-200X_r01280_c00768.npy,62990661-R-200X.JPG,200,failed,1.6000000186977559e-06,RuntimeError: operator torchvision::nms does not exist
2026-08-30T06:53:52.425215+00:00,sam,62990661-R-200X_r01280_c01024.npy,62990661-R-200X.JPG,200,failed,2.100000074278796e-06,RuntimeError: operator torchvision::nms does not exist
2026-08-30T06:53:52.435310+00:00,sam,62990661-R-200X_r01280_c01280.npy,62990661-R-200X.JPG,200,failed,1.6999999843392288e-06,RuntimeError: operator torchvision::nms does not exist
2026-08-30T06:53:52.445778+00:00,sam,62990661-R-200X_r01280_c01536.npy,62990661-R-200X.JPG,200,failed,1.6999999843392288e-06,RuntimeError: operator torchvision::nms does not exist
2026-08-30T06:53:52.456792+00:00,sam,62990661-R-200X_r01280_c01792.npy,62990661-R-200X.JPG,200,failed,1.8000000636675395e-06,RuntimeError: operator torchvision::nms does not exist
2026-08-30T06:53:52.467235+00:00,sam,62990661-R-200X_r01280_c02048.npy,62990661-R-200X.JPG,200,failed,1.6999999843392288e-06,RuntimeError: operator torchvision::nms does not exist
2026-08-30T06:53:52.478140+00:00,sam,62990661-R-200X_r01280_c02304.npy,62990661-R-200X.JPG,200,failed,1.6000000186977559e-06,RuntimeError: operator torchvision::nms does not exist
2026-08-30T06:53:52.487346+00:00,sam,62990661-R-200X_r01280_c02560.npy,62990661-R-200X.JPG,200,failed,1.7000000980260666e-06,RuntimeError: operator torchvision::nms does not exist
2026-08-30T06:53:52.497824+00:00,sam,62990661-R-200X_r01280_c02816.npy,62990661-R-200X.JPG,200,failed,1.6000000186977559e-06,RuntimeError: operator torchvision::nms does not exist
2026-08-30T06:53:52.510307+00:00,sam,62990661-R-200X_r01280_c02944.npy,62990661-R-200X.JPG,200,failed,1.7999999499807018e-06,RuntimeError: operator torchvision::nms does not exist
2026-08-30T06:53:52.519337+00:00,sam,62990661-R-200X_r01536_c00000.npy,62990661-R-200X.JPG,200,failed,1.7000000980260666e-06,RuntimeError: operator torchvision::nms does not exist
2026-08-30T06:53:52.530592+00:00,sam,62990661-R-200X_r01536_c00256.npy,62990661-R-200X.JPG,200,failed,1.9999999949504854e-06,RuntimeError: operator torchvision::nms does not exist
2026-08-30T06:53:52.540172+00:00,sam,62990661-R-200X_r01536_c00512.npy,62990661-R-200X.JPG,200,failed,1.7999999499807018e-06,RuntimeError: operator torchvision::nms does not exist
2026-08-30T06:53:52.556688+00:00,sam,62990661-R-200X_r01536_c00768.npy,62990661-R-200X.JPG,200,failed,1.7999999499807018e-06,RuntimeError: operator torchvision::nms does not exist
2026-08-30T06:53:52.568795+00:00,sam,62990661-R-200X_r01536_c01024.npy,62990661-R-200X.JPG,200,failed,1.9999999949504854e-06,RuntimeError: operator torchvision::nms does not exist
2026-08-30T06:53:52.581047+00:00,sam,62990661-R-200X_r01536_c01280.npy,62990661-R-200X.JPG,200,failed,1.9000000293090125e-06,RuntimeError: operator torchvision::nms does not exist
2026-08-30T06:53:52.593074+00:00,sam,62990661-R-200X_r01536_c01536.npy,62990661-R-200X.JPG,200,failed,2.0999999605919584e-06,RuntimeError: operator torchvision::nms does not exist
2026-08-30T06:53:52.604710+00:00,sam,62990661-R-200X_r01536_c01792.npy,62990661-R-200X.JPG,200,failed,1.9999999949504854e-06,RuntimeError: operator torchvision::nms does not exist
2026-08-30T06:53:52.618478+00:00,sam,62990661-R-200X_r01536_c02048.npy,62990661-R-200X.JPG,200,failed,1.8999999156221747e-06,RuntimeError: operator torchvision::nms does not exist
2026-08-30T06:53:52.631308+00:00,sam,62990661-R-200X_r01536_c02304.npy,62990661-R-200X.JPG,200,failed,1.8000000636675395e-06,RuntimeError: operator torchvision::nms does not exist
2026-08-30T06:53:52.642975+00:00,sam,62990661-R-200X_r01536_c02560.npy,62990661-R-200X.JPG,200,failed,2.100000074278796e-06,RuntimeError: operator torchvision::nms does not exist
2026-08-30T06:53:52.654195+00:00,sam,62990661-R-200X_r01536_c02816.npy,62990661-R-200X.JPG,200,failed,1.6999999843392288e-06,RuntimeError: operator torchvision::nms does not exist
2026-08-30T06:53:52.663983+00:00,sam,62990661-R-200X_r01536_c02944.npy,62990661-R-200X.JPG,200,failed,1.7000000980260666e-06,RuntimeError: operator torchvision::nms does not exist
2026-08-30T06:53:52.675114+00:00,sam,62990661-R-200X_r01792_c00000.npy,62990661-R-200X.JPG,200,failed,1.6999999843392288e-06,RuntimeError: operator torchvision::nms does not exist
2026-08-30T06:53:52.684158+00:00,sam,62990661-R-200X_r01792_c00256.npy,62990661-R-200X.JPG,200,failed,1.4999999393694452e-06,RuntimeError: operator torchvision::nms does not exist
2026-08-30T06:53:52.695874+00:00,sam,62990661-R-200X_r01792_c00512.npy,62990661-R-200X.JPG,200,failed,1.6000000186977559e-06,RuntimeError: operator torchvision::nms does not exist
2026-08-30T06:53:52.706691+00:00,sam,62990661-R-200X_r01792_c00768.npy,62990661-R-200X.JPG,200,failed,2.0999999605919584e-06,RuntimeError: operator torchvision::nms does not exist
2026-08-30T06:53:52.716556+00:00,sam,62990661-R-200X_r01792_c01024.npy,62990661-R-200X.JPG,200,failed,1.6000000186977559e-06,RuntimeError: operator torchvision::nms does not exist
2026-08-30T06:53:52.731663+00:00,sam,62990661-R-200X_r01792_c01280.npy,62990661-R-200X.JPG,200,failed,2.100000074278796e-06,RuntimeError: operator torchvision::nms does not exist
2026-08-30T06:53:52.741050+00:00,sam,62990661-R-200X_r01792_c01536.npy,62990661-R-200X.JPG,200,failed,2.300000005561742e-06,RuntimeError: operator torchvision::nms does not exist
2026-08-30T06:53:52.756153+00:00,sam,62990661-R-200X_r01792_c01792.npy,62990661-R-200X.JPG,200,failed,1.7999999499807018e-06,RuntimeError: operator torchvision::nms does not exist
2026-08-30T06:53:52.765569+00:00,sam,62990661-R-200X_r01792_c02048.npy,62990661-R-200X.JPG,200,failed,1.7999999499807018e-06,RuntimeError: operator torchvision::nms does not exist
2026-08-30T06:53:52.776574+00:00,sam,62990661-R-200X_r01792_c02304.npy,62990661-R-200X.JPG,200,failed,2.100000074278796e-06,RuntimeError: operator torchvision::nms does not exist
2026-08-30T06:53:52.788958+00:00,sam,62990661-R-200X_r01792_c02560.npy,62990661-R-200X.JPG,200,failed,1.6999999843392288e-06,RuntimeError: operator torchvision::nms does not exist
2026-08-30T06:53:52.799389+00:00,sam,62990661-R-200X_r01792_c02816.npy,62990661-R-200X.JPG,200,failed,1.8000000636675395e-06,RuntimeError: operator torchvision::nms does not exist
2026-08-30T06:53:52.811536+00:00,sam,62990661-R-200X_r01792_c02944.npy,62990661-R-200X.JPG,200,failed,1.8000000636675395e-06,RuntimeError: operator torchvision::nms does not exist
